['Post'],['Perfil'],['Tipo'],['Assunto'],['Positvo']
"['minuta', 'resolução', 'regras', 'vão', 'balizar', 'lançamento', 'efluentes', 'rios', 'Goiás', 'entrou', 'fase', 'final', 'tramitação', 'Conselho', 'Estadual', 'Recursos', 'Hídricos', '(', 'CERHi', ')', '.', 'documento', 'proposto', 'Semad', 'partir', 'levantamento', 'atos', 'normativos', 'outorga', 'lançamento', 'efluentes', 'outros', 'estados.A', 'Câmara', 'Técnica', 'Permanente', 'Assessoramento', 'CERHi', 'criada', 'resolução', 'publicada', 'Diário', 'Oficial', 'Estado', 'dia', '21', 'fevereiro', '2024', 'presidida', 'Semad', 'realiza', 'reuniões', 'públicas', 'formada', 'nove', 'membros', 'quais', 'representam', 'diferentes', 'instituições', 'setores', 'Estado', '.', 'colegiado', 'estabeleceu', 'dia', '05', 'março', '2024', 'prazo', 'final', 'apresentação', 'contribuições', 'minuta', '.', '``', 'dia', '28', 'fevereiro', 'primeira', 'reunião', 'CTPA', '.', 'semana', 'vem', 'quarta', 'quinta', 'feira', 'realizada', '2ª', 'reunião', 'CTPA', 'analisar', 'discutir', 'contribuições', 'recebidas', ""''"", 'afirma', 'Alan', 'Mosele', 'Tonin', 'gerente', 'Planos', 'Enquadramento', 'Cobrança', 'Apoio', 'Colegiados', 'Semad', '.', 'Outorga', 'efluentes', ""''"", 'Efluente', ""''"", 'nome', 'técnico', 'dá', 'esgoto', 'tratado', 'não', '.', '``', 'outorga', ""''"", 'ato', 'administrativo', 'órgão', 'ambiental', 'manifesta', 'respeito', 'disponibilidade', 'água', 'finalidade', 'qualquer', '.', 'Nesse', 'caso', 'diluição', 'efluentes', '.', 'análise', 'documento', 'vai', 'estabelecer', 'quantidade', 'efluentes', 'pode', 'despejado', 'cada', 'bacias', 'hidrográficas', 'Goiás', '.', 'Vale', 'ressaltar', 'documento', 'veda', 'lançamento', 'efluentes', 'não', 'tratados', 'qualquer', 'bacia', 'hidrográfica', 'Estado', '.', 'resolução', 'publicada', 'todos', 'atores', 'diluem', 'esgoto', 'tratado', 'corpos', 'hídricos', 'Estado', 'adequar', 'termos', 'resolução', '(', 'tanto', 'diz', 'respeito', 'quantidade', 'quanto', 'qualidade', 'rejeito', ')', '.O', 'plano', 'outorga', 'lançamento', 'efluentes', 'estudo', 'dialoga', 'recém-aprovado', 'plano', 'enquadramento', 'rios', 'Goiás', 'grosso', 'modo', 'estabeleceu', 'cenário', 'desejamos', 'termos', 'qualidade', 'águas', 'restrições', 'precisarão', 'seguidas', 'metas', 'alcançadas', '.', '@', 'andrea_vulcanis', '@', 'jorgewerneck', '@', 'abel__alves', '@', 'bento_jrocha', '@', 'robsondisarz']",['semadgoias'],['politica'],['fluvial'],['sim']
"['Semad', 'lança', 'dia', '07', 'março', '2024', 'plataforma', 'vai', 'permitir', 'cidadãos', 'Goiás', 'reportar', 'episódios', 'desmatamento', 'poluição', 'queimadas', 'emergências', 'ambientais', 'atropelamentos', 'animais', 'silvestres', '.', 'Disponível', 'tanto', 'versão', 'web', 'quanto', 'download', 'gratuito', 'dispositivos', 'Android', 'iOS', 'plataforma', 'Inã', 'facilitará', 'processo', 'denúncia', 'consulta', 'gerenciamento', 'dessas', 'ocorrências', '.', 'uso', 'Inã', 'formalizar', 'denúncias', 'poderá', 'feito', 'identificação', 'forma', 'anônima', '.', 'usuário', 'deverá', 'indicar', 'localização', 'precisa', 'anexar', 'fotos', 'vídeos', 'áudios', 'ocorrência', 'fornecer', 'informações', 'sobre', 'horário', 'possíveis', 'autores', 'ocorrido', '.', '``', 'Semad', 'recebe', 'grande', 'quantidade', 'denúncias', 'pouca', 'consistência', 'dificulta', 'trabalho', 'equipes', 'fiscalização', '.', 'plataforma', 'construída', 'modo', 'estimular', 'população', 'entregar', 'evidências', 'facilitar', 'trabalho', 'fiscais', ""''"", 'diz', 'subsecretário', 'Licenciamento', 'Controle', 'Fiscalização', 'Semad', 'Robson', 'Disarz', '.', 'plataforma', 'desenvolvida', 'recursos', 'compensação', 'ambiental', 'grupo', 'YouX', 'operacionalizará', 'todo', 'processo', 'sanção', 'administrativa', 'ambiental', 'desde', 'lavratura', 'auto', 'infração', 'agendamento', 'realização', 'audiência', 'autocomposição', 'protocolo', 'julgamento', 'defesa.Alertas', ':', 'alertas', 'poderão', 'formalizados', 'tanto', 'versão', 'web', 'quanto', 'aplicativo', 'celular', 'plataforma', 'Inã', '.', 'primeiro', 'passo', 'usuário', 'decidir', 'quer', 'identificar', 'permanecer', 'anônimo', 'sendo', 'apenas', 'identificarem', 'poderão', 'acompanhar', 'andamento', 'alertas', '.', 'segundo', 'passo', 'selecionar', 'tipo', 'categoria', 'alerta', 'melhor', 'encaixar', 'ocorrido', ':', 'denúncia', 'fogo', 'emergência', 'ambiental', 'atropelamento', 'animal', 'silvestre', '.', 'terceiro', 'passo', 'informar', 'Semad', 'localização', 'fato', '.', 'Caso', 'denunciante', 'não', 'local', 'incidente', 'deve', 'buscar', 'endereço', 'coordenada', 'geográfica', 'selecionar', 'ponto', 'mapa', 'usando', 'marcador', '.', 'quarto', '(', 'último', ')', 'passo', 'informar', 'data', 'hora', 'incidente', 'além', 'descrição', 'ocorrido', 'evidências', '(', 'fotos', 'vídeos', 'áudios', ')', '.', '@', 'youxgroup', '@', 'andrea_vulcanis', '@', 'robsondisarz', '@', 'bento_jrocha', '@', 'jorgewerneck']",['semadgoias'],['tecnologia'],['meio-ambiente'],['sim']
"['Representantes', 'Semad', 'apresentaram', 'Saneago', 'última', 'quarta-feira', '(', '28/02', ')', 'dados', 'hidrológicos', 'climáticos', 'úteis', 'subsidiar', 'planejamento', 'próximo', 'período', 'seco', 'Goiás', 'minimizar', 'risco', 'desabastecimento', 'algumas', 'regiões', 'Estado', '.', '``', 'início', 'período', 'chuvoso', 'não', 'bom', 'boas', 'chuvas', 'fevereiro', 'março', '(', 'previsão', ')', 'podem', 'não', 'suficientes', 'recuperar', 'vazões', ""''"", 'afirma', 'Jorge', 'Werneck', 'subsecretário', 'Biodiversidade', 'Unidades', 'Conservação', 'Segurança', 'Hídrica', 'Semad.Dados', 'sugerem', 'transição', 'período', 'El', 'Niño', 'entrada', 'La', 'Niña', 'risco', 'leve', 'extensão', 'período', 'seco', 'Estado', '.', '``', 'Semad', 'órgão', 'gestor', 'recursos', 'hídricos', 'Estado', 'vem', 'conversando', 'alertando', 'dados', 'previsões', 'feitas', 'base', 'melhores', 'técnicas', 'minimizar', 'tais', 'riscos', 'climáticos', 'hidrológicos', 'buscando', 'evitar', 'maiores', 'prejuízos', 'povo', 'goiano', ""''"", 'completa', 'Jorge', '.', 'Jorge', 'representou', 'Semad', 'acompanhado', 'gerente', 'Centro', 'Informações', 'Metereológicas', 'Hidrológicas', 'secretaria', 'André', 'Amorim', '.', '@', 'andrea_vulcanis', '@', 'jorgewerneck', '@', 'andre.amorim.goias', '@', 'abel__alves', '@', 'bento_jrocha', '@', 'robsondisarz', '@', 'saneago', '@', 'ricardosoavinski']",['semadgoias'],['politica'],['pluvial'],['sim']
"['ICMS', 'ECOLÓGICO', '|', 'Núbia', 'Maia', 'gerente', 'Apoio', 'Municípios', 'Credenciamento', 'Licenciamento', 'Ambiental', 'Semad', 'aviso', 'importante', 'prefeituras', '.', 'prazo', 'formalizar', 'envio', 'documentação', 'alusiva', 'ICMS', 'Ecológico', 'vence', 'dia', '15', 'março', '2024', '.', 'ICMS', 'Ecológico', 'mecanismo', 'tributário', 'possibilita', 'municípios', 'acesso', 'parcelas', 'maiores', 'recursos', 'financeiros', 'arrecadados', 'Estados', 'meio', 'Imposto', 'sobre', 'Circulação', 'Mercadorias', 'Serviços', '(', 'ICMS', ')', '.', 'ocorre', 'virtude', 'atendimento', 'determinados', 'critérios', 'ambientais', 'estabelecidos', 'leis', 'estaduais', 'proporcionando', 'benefícios', 'adicionais', 'municípios', 'comparação', 'direitos', 'estabelecidos', '.', 'caso', 'dúvidas', 'contato', 'gerência', 'Núbia', ':', '☎️', '(', '62', ')', '99944-7392', '@', 'leonardoserpa_', '@', 'nubiapatriciaf.maia', '@', 'carlaasilveira', '@', 'bento_jrocha', '@', 'jorgewerneck', '@', 'robsondisarz', '@', 'andrea_vulcanis', '@', 'fgm_go', '@', 'agmgoias', '@', 'germanoaoliveira', '@', 'priscila.ig', '@', 'haroldonaves', '@', 'carlaodafox']",['semadgoias'],['politica'],['financeiro'],['sim']
"['FIM', 'LIXÕES', '|', 'Sempre', 'mãos', 'dadas', 'municípios', 'Semad', 'participou', 'encontro', 'organizado', 'propósito', 'discutir', 'fim', 'lixões', 'Goiás', '.', 'evento', '``', 'estratégias', 'municipais', 'gestão', 'resíduos', 'sólidos', ""''"", 'promovido', 'Federação', 'Goiana', 'Municípios', 'aconteceu', 'auditório', 'Ordem', 'Advogados', 'Brasil', '(', 'OAB', ')', '.', 'superintendente', 'Desenvolvimento', 'Sustentável', 'Resíduos', 'Sólidos', 'Semad', 'Kaoara', 'Batista', 'tirou', 'dúvidas', 'prefeitos', 'respeito', 'decreto', '10.367/2023', 'estabelece', 'etapas', 'serem', 'cumpridas', 'processo', 'encerramento', 'lixões', '.', 'discussão', 'continua', 'participação', 'todos', 'imprescindível', '!', '@', 'kkaoara', '@', 'eufabianamarianunes', '@', 'fabiosgois', '@', 'vinicius.mury', '@', 'bento_jrocha', '@', 'mpdegoias', '@', 'andrea_vulcanis', '@', 'jorgewerneck', '@', 'fernandaandreozi', '@', 'robsondisarz', '@', 'natalialino', '@', 'narachavesx', '@', 'fgm_go', '@', 'haroldonaves', '@', 'vanuzavaladares', '@', 'prefeituraporangatu', '@', 'mpdegoias']",['semadgoias'],['campanha'],['poluição'],['sim']
"['PIRACEMA', '|', 'piracema', 'termina', 'nesta', 'quarta-feira', '(', '28/02', ')', 'Goiás', '.', 'Algumas', 'restrições', 'atvidade', 'pesca', 'deixam', 'valer', 'outras', 'regras', 'continuam', '.', 'obrigatoriedade', 'licença', 'assim', 'proibição', 'transporte', 'pescado', '.', 'Assista', 'vídeo', 'leia', 'cartilha', 'produzida', 'Semad', 'orientar', 'melhor', '.', 'LINK', 'CARTILHA', 'https', ':', '//goias.gov.br/meioambiente/wp-content/uploads/sites/33/2022/02/Cartilha_pesca_2023-9d9.pdf', '@', 'rodrigopbastos', '@', 'robsondisarz', '@', 'murilomapas', '@', 'andrea_vulcanis', '@', 'marcelo_m_sales']",['semadgoias'],['informativo'],['fauna'],['sim']
"['PCH', 'VERDE', '2', '|', 'Semad', 'promove', 'dia', '26', 'março', 'consulta', 'pública', 'debater', 'Plano', 'Ambiental', 'Conservação', 'Uso', 'Entorno', 'Reservatório', 'Artificial', '(', 'Pacuera', ')', 'Pequena', 'Central', 'Hidrelétrica', '(', 'PCH', ')', 'Verde', '2', 'Rio', 'Verde', '.', 'consulta', 'acontecerá', '18', '22', 'horas', 'prefeitura', 'Rio', 'Verde', '.', 'prédio', 'fica', 'localizado', 'avenida', 'Presidente', 'Vargas', 'n°', '3215', '.', 'Vila', 'Maria', '.', 'PCH', 'Verde', '2', 'encontra-se', 'instalada', 'rio', 'Verde', 'zona', 'rural', 'Rio', 'Verde-GO', '.', 'consulta', 'pública', 'visa', 'debater', 'diretrizes', 'objetivo', 'disciplinar', 'conservação', 'recuperação', 'uso', 'ocupação', 'entorno', 'reservatório', 'artificial', 'bem', 'estabelecimento', 'parâmetros', 'definição', 'limites', 'Áreas', 'Preservação', 'Permanente', '(', 'APP', ')', 'reservatório', 'artificial', '.', 'Pacuera', 'bem', 'proposta', 'Área', 'Preservação', 'Permanente', '(', 'APP', ')', 'PCH', 'Verde', '2', 'podem', 'acessados', 'meio', 'seguinte', 'link', ':', 'https', ':', '//www.brasal.com.br/pch-verde-2-pacuera', 'reunião', 'pública', 'presencial', 'transmitida', 'vivo', '.', 'interessados', 'poderão', 'participar', 'evento', 'duas', 'formas', ':', '1', '–', 'Presencial', 'Prefeitura', 'Municipal', 'Rio', 'Verde', 'Av', '.', 'Presidente', 'Vargas', 'n°', '3215', '.', 'Vila', 'Maria', '.', '2', '–', 'Virtual', 'consulta', 'transmitida', 'via', 'internet', 'canal', 'https', ':', '//www.youtube.com/', '@', 'pchverde2', '.', 'participar', 'acessar', 'Área', 'Transmissão', 'evento', 'fazer', 'perguntas', 'escritas', 'orais', 'consulta', 'enviar', 'perguntas', 'escritas', 'forma', 'antecipada', 'interessados', 'deverão', 'consultar', 'site', 'https', ':', '//www.brasal.com.br/pch-verde-2-pacuera', '.', 'inscrição', 'perguntas', 'orais', 'poderá', 'realizada', 'dia', 'evento', '.', 'cadastrar', 'participante', 'receberá', 'link', 'acesso', 'aplicativo', 'Zoom', 'enviado', 'email', 'realizada', 'inscrição', '.', '@', 'brunno.t.o', '@', 'mbvalerius', '@', 'zilma.alves.351', '@', 'brasal', '@', 'robsondisarz', '@', 'jorgewerneck', '@', 'bento_jrocha', '@', 'andrea_vulcanis']",['semadgoias'],['politica'],['fluvial'],['sim']
"['PIRACEMA', '|', 'período', 'defeso', 'termina', 'Goiás', 'nesta', 'quarta-feira', '(', '28/02', ')', '.', 'momento', 'compreende', 'piracema', 'período', 'reprodutivo', 'peixes', 'pesca', 'proibida', 'território', 'goiano', '.', 'Agora', 'fim', 'piracema', 'modalidades', 'pesca', 'amadora', 'esportiva', 'subaquática', 'voltam', 'permitidas', 'Goiás', '.', 'entanto', 'Estado', 'adota', 'política', 'cota', 'zero', 'impede', 'transporte', 'pescado', '.', 'piracema', 'fenômeno', 'ocorre', 'sazonalmente', 'diversas', 'espécies', 'peixes', 'todo', 'mundo', '.', 'processo', 'algumas', 'espécies', 'nadam', 'rio', 'acima', 'busca', 'locais', 'adequados', 'reprodução', 'alimentação', '.', 'fenômeno', 'interrompido', 'alguma', 'maneira', 'reprodução', 'pode', 'prejudicada', '.', 'pescar', 'Goiás', 'preciso', 'licenciado', '.', 'licença', 'obtida', 'on-line', 'meio', 'site', 'goias.gov.br/meioambiente', '.', 'pescadores', 'deverão', 'andar', 'licenças', 'casos', 'abordagem', 'fiscalização', 'ambiental', 'apresentarão', 'respectivos', 'documentos', 'identidade', 'autorização', 'prática', 'pesca', '.', 'obtenção', 'licença', 'paga', 'isenção', 'pagamento', 'homens', '65', 'anos', 'mulheres', '60', 'anos', 'indígenas', 'quilombolas', 'menores', '18', 'anos', '.', 'Durante', 'pesca', 'permitido', 'uso', 'linhas', 'mão', 'caniço', 'simples', 'caniço', 'molinete', 'carretilha', 'espingarda', 'mergulho', '.', 'atividade', 'permitido', 'ainda', 'uso', 'equipamentos', 'suporte', 'pescador', 'contenção', 'peixe', 'bicheiro', 'puçá', 'alicates', 'similares', 'desde', 'não', 'utilizados', 'pesca', 'si', '.', 'uso', 'aparelhos', 'respiração', 'artificial', 'proibido', 'durante', 'pesca', 'subaquática', '.', 'Além', 'disso', 'qualquer', 'modalidades', 'pesca', 'permanece', 'vedado', 'uso', 'artifícios', 'retenção', 'cardumes', 'tais', 'cevas', 'rações', 'quireras', 'outros', 'meios', 'possam', 'interromper', 'ciclo', 'natural', 'subida', 'peixes', '.', '@', 'andrea_vulcanis', '@', 'robsondisarz', '@', 'marcelo_m_sales', '@', 'murilomapas', '@', 'rodrigopbastos', '@', 'fernandaandreozi', '@', 'rafanunesb', '@', 'jose_augustosg', '@', 'parque_mata_atlantica', '@', 'm.moura76', '@', '@', 'mauricio_v_t', '@', '@', 'tiagom.aquino', '@', 'santos_rubia27', '@', 'ricardomesquitaa', '@', 'adriiano.csantos', '@', 'lenniojaders', '@', 'desireeomoreira', '@', 'murilomapas']",['semadgoias'],['informativo'],['fauna'],['sim']
"['secretária', 'Andréa', 'Vulcanis', 'superintendente', 'Desenvolvimento', 'Sustentável', 'Resíduos', 'Sólidos', 'Semad', 'Kaoara', 'Batista', 'receberam', 'visitantes', 'especiais', 'secretaria', 'tratar', 'assunto', 'foco', 'atualmente', ':', 'coleta', 'seletiva', 'reciclagem', 'irão', 'contribuir', 'fim', 'lixões', '.', 'galpões', 'triagem', '?', 'reunião', 'Secretaria', 'Indústria', 'Comércio', '(', 'SIC', ')', 'apresentou', 'projetos', 'galpões', 'triagem', 'resíduos', 'funcionam', 'seguinte', 'forma', ':', 'instalação', 'recebe', 'materiais', 'descartados', 'organiza', 'processa', 'acordo', 'composição', 'tipo', 'posteriormente', 'destina', 'reciclagem', 'reutilização', 'disposição', 'final', 'adequada', '.', 'galpões', 'triagem', 'desempenham', 'papel', 'crucial', 'promoção', 'recuperação', 'recursos', 'valiosos', 'contribuição', 'sustentabilidade', 'ambiental', 'reduzindo', 'desperdício', 'minimizando', 'impacto', 'negativo', 'meio', 'ambiente', '.', 'presidente', 'Coop-Recicla', 'Rio', 'Verde', 'Divino', 'Teles', 'Guimarães', 'não', 'escondeu', 'desejo', 'galpão', 'triagem', 'construído', 'cidade', 'ressaltou', 'além', 'importância', 'ambiental', 'projetos', 'ajudam', 'catadores', 'sobrevivem', 'desse', 'tipo', 'trabalho', '.', 'presentes', 'encontro', 'promotor', 'Ministério', 'Público', 'Goiás', '(', 'MPGO', ')', 'Juliano', 'Araújo', 'Cristina', 'Maria', 'Costa', 'Prado', 'Marcos', 'Sussumo', 'Andrade', 'SIC', 'além', 'presidente', 'Organização', 'Cooperativas', 'Brasileiras', '(', 'OCB', ')', 'Goiás', 'Luís', 'Alberto', 'Pereira', '.', '@', 'goias_cooperativo', '@', 'coop_recicla', '@', 'kkaoara', '@', 'eufabianamarianunes', '@', 'fabiosgois', '@', 'vinicius.mury', '@', 'bento_jrocha', '@', 'andrea_vulcanis', '@', 'prefrioverde', '@', 'divinotelesguimaraes', '@', 'msasussumo', '@', 'luisalbertopereira9']",['semadgoias'],['politica'],['reciclagem'],['sim']
"['Preparados', 'recente', 'aquisição', 'peso', 'Semad', '?', 'RS5', 'equipamento', 'ADCP', 'usado', 'monitorar', 'vazão', 'mapear', 'estrutura', 'exata', 'corpos', 'hídricos', '.', 'apresenta', 'sistema', 'rádio', 'Bluetooth', 'fio', 'baixa', 'potência', '(', 'BLE5', ')', 'integrado', 'moderno', 'alta', 'velocidade', 'alcance', '100', 'metros', 'transferência', 'dados', 'cada', 'cinco', 'minutos', 'evitar', 'perda', 'dados', 'trabalho', 'desnecessário', '.', 'última', 'semana', 'recebemos', 'dois', 'equipamentos', 'novos', 'modernos', 'leves', 'flexíveis', 'torna', 'adequados', 'acessar', 'locais', 'difícil', 'alcance', 'medindo', 'rios', 'tanto', 'rasos', 'quanto', 'profundos', '.', 'Realizamos', 'capacitação', 'alguns', 'técnicos', 'Semad', 'testamos', 'novo', 'queridinho', '...', 'Venha', 'conferir', '!', '@', 'andrea_vulcanis', '@', 'jorgewerneck', '@', 'andre.amorim.goias', '@', 'abel__alves', '@', 'bento_jrocha', '@', 'robsondisarz']",['semadgoias'],['tecnologia'],['fluvial'],['sim']
"['BORA', 'PRO', 'PESCAN', '|', 'TV', 'Anhanguera', 'exibiu', 'última', 'segunda-feira', '(', '26/02', ')', 'chamada', 'exposição', 'sobre', 'plantas', 'Cerrado', 'polinização', 'acontece', 'Parque', 'Estadual', 'Serra', 'Caldas', 'Novas', '(', 'Pescan', ')', '.', 'mostra', 'acontece', 'museu', 'parque', 'preparou', 'cartilha', 'ilustrações', 'informações', 'distribuída', 'visitantes', '.', 'exposição', 'cartilha', 'resultado', 'pesquisas', 'aconteceram', '2019', '2020.', 'cujo', 'objeto', 'flora', 'Pescan', '.', 'cartilhas', 'fase', 'impressão', 'distribuídas', 'visitantes', 'porém', 'versão', 'online', 'disponível', 'site', 'Semad', '.', 'Banners', 'exibidos', 'museu', 'parque', '.', '“', 'objetivo', 'divulgar', 'rica', 'biodiversidade', 'flora', 'polinizadores', 'presentes', 'Pescan', 'destacando', 'importância', 'desses', 'ecossistemas', '”', 'afirma', 'Maurício', 'Vianna', 'Tambellini', 'servidor', 'Secretaria', 'Estado', 'Meio', 'Ambiente', 'Desenvolvimento', 'Sustentável', 'Goiás', '(', 'Semad', ')', 'chefe', 'Pescan', '.', 'organização', 'pesquisadora', 'Renata', 'Trevizan', 'aluna', 'doutorado', 'Universidade', 'Federal', 'Uberlândia', '(', 'UFU', ')', 'contribuições', 'Isabela', 'Batista', 'Ávila', '(', 'aluna', 'graduação', ')', 'professor', 'Paulo', 'Eugênio', 'Oliveira', 'Maurício', 'Tambellini', 'Anna', 'Cecília', 'Santos', 'Souza', 'Ângela', 'Beatriz', 'Pomatti', '.', 'exposição', 'gratuita', 'duração', 'indefinida', '.', 'Imperdível', '.', '@', 'pesj_serradejaragua', '@', 'm.moura76', '@', 'erickolailat', '@', 'caiocns', '@', 'bento_jrocha', '@', 'robsondisarz', '@', 'jorgewerneck', '@', 'andrea_vulcanis', '@', 'parquealtamiro', '@', 'jaqueramosbio', '@', 'inararibas', '@', 'parque_mata_atlantica', '@', 'pep_pireneus', '@', 'pearaguaia123', '@', 'peap_aguasdoparaiso', '@', 'peal_aguaslindas', '@', 'parqueserradouradaoficial', '@', 'serra_de_caldas_novas_pescan', '@', 'mauricio_v_t']",['semadgoias'],['informativo'],['meio-ambiente'],['sim']
"['LOTEAMENTOS', 'IRREGULARES', '|', 'secretária', 'Estado', 'Meio', 'Ambiente', 'Desenvolvimento', 'Sustentável', 'Goiás', 'Andréa', 'Vulcanis', 'leva', 'debate', 'sobre', 'loteamentos', 'irregulares', 'sítios', 'recreio', 'Senado', 'nesta', 'terça-feira', '(', '27/02', ')', 'audiência', 'marcada', '9h30', '.', 'falará', 'nome', 'Associação', 'Brasileira', 'Entidades', 'Estaduais', 'Meio', 'Ambiente', '(', 'Abema', ')', '.', 'apresentação', 'acontece', 'âmbito', 'Comissão', 'Desenvolvimento', 'Regional', 'Turismo', '(', 'CDR', ')', '.', 'propósito', 'audiência', 'discutir', 'projeto', 'lei', 'nº', '1869/2022', 'cria', 'instrumentos', 'constituição', 'cinturões', 'verdes', 'projetos', 'ampliação', 'perímetros', 'urbanos', 'País', '.', 'PL', 'apresentado', 'senadora', 'Teresa', 'Leitão', 'visa', 'inserir', 'cinturões', 'verdes', 'legislação', 'nacional', 'instrumentos', 'resiliência', 'adaptação', 'cidades', 'frente', 'mudança', 'clima', 'estratégia', 'proteção', 'meio', 'ambiente', '.', 'Sítios', 'recreio', 'debate', 'criado', 'projeto', 'tramita', 'Senado', 'interface', 'proposta', 'Governo', 'Goiás', 'estabelecer', 'regras', 'licenciamento', 'chamados', '“', 'sítios', 'recreio', '”', '.', '“', 'Sítios', 'recreio', '”', 'loteamentos', 'feitos', 'zona', 'rural', 'fins', 'urbanos', '(', 'especialmente', 'lazer', ')', '.', 'chamados', 'chácaras', 'descanso', 'ecovilas', '.', 'feitos', 'desconformidade', 'agravam', 'desmatamento', 'ameaçam', 'fauna', 'pressionam', 'rede', 'saúde', 'pública', 'geram', 'acúmulo', 'lixo', 'alagamento', 'causam', 'outros', 'problemas', '.', 'proposta', 'Semad', 'visa', 'preencher', 'vácuo', 'legislativo', 'referente', 'zonas', 'transição', 'rural', 'urbano', '–', 'dado', 'realidade', 'legislação', 'federal', 'ignora', 'momento', '.', '“', 'Goiás', 'levantamos', 'discussão', 'objetivo', 'evitar', 'sítios', 'recreio', 'espraiem', 'zona', 'rural', 'mero', 'interesse', 'especulatório', 'proprietários', 'terras', 'atrelando', 'implantação', 'dessas', 'tipologias', 'ocupação', 'território', 'devida', 'especificação', 'áreas', 'hábeis', 'lei', 'municipal', '”', 'explica', 'secretária', '.', '@', 'andrea_vulcanis', '@', 'robsondisarz', '@', 'jorgewerneck', '@', 'bento_jrocha']",['semadgoias'],['politica'],['meio-ambiente'],['não']
"['BORBOLETAS', 'PEAMP', '|', 'registro', 'inédito', 'Parque', 'Estadual', 'Altamiro', 'Moura', 'Pacheco', '(', 'Peamp', ')', '!', 'Morpho', 'helenor', 'ssp', '.', 'uberabenses', 'vista', 'fotografada', '@', 'ivo_carlos_zecchin', 'Ressaltando', 'primeiro', 'registro', 'confirmado', 'subespécie', 'INaturalist', '.', 'achado', ""'de"", 'milhões', ""'"", 'feito', 'Trilha', 'Tamanduá', 'Peamp', '.', 'borboleta', 'azul', 'Morpho', 'helenor', 'ssp', '.', 'uberabensis', 'conhecida', 'popularmente', 'Capitão-do-mato', 'Borboleta-coruja', '.', 'Pode', 'medir', '7', '5cm', 'envergadura', 'faixa', 'azul', 'metálica', 'face', 'dorsal', 'asas', '(', 'face', 'oposta', 'asas', 'possui', 'manchas', 'forma', 'olhos', ')', '.', 'Normalmente', 'pode', 'observada', 'procura', 'alimento', 'meio', 'mata', 'próximo', 'córregos', 'rios', '.', 'alimenta', 'seiva', 'árvores', 'frutos', 'fermentação', '.', 'borboletas', 'hábito', 'diurno', 'bastante', 'territorialistas', '.', 'nome', 'popular', 'Capitão-do-mato', 'advém', 'comportamento', 'voar', 'erraticamente', 'matas', 'trilhas', 'lembraria', 'figura', 'perseguidor', 'escravos', 'fugitivos', 'época', 'escravidão', '.', 'cerca', '150', 'mil', 'espécies', 'borboletas', 'mundo', '.', 'Brasil', 'descritas', '3.500', 'espécies', 'sendo', '57', 'ameaçadas', 'extinção', '.', '@', 'pesj_serradejaragua', '@', 'm.moura76', '@', 'erickolailat', '@', 'caiocns', '@', 'bento_jrocha', '@', 'robsondisarz', '@', 'jorgewerneck', '@', 'andrea_vulcanis', '@', 'parquealtamiro', '@', 'jaqueramosbio', '@', 'inararibas', '@', 'parque_mata_atlantica', '@', 'pep_pireneus', '@', 'pearaguaia123', '@', 'peap_aguasdoparaiso', '@', 'peal_aguaslindas', '@', 'parqueserradouradaoficial', '@', 'serra_de_caldas_novas_pescan', '@', 'mauricio_v_t']",['semadgoias'],['informativo'],['fauna'],['sim']
"['FIM', 'LIXÕES', '|', 'alguns', 'mapas', 'orientam', 'equipe', 'Semad', 'dedicada', 'orientar', 'municípios', 'Goiás', 'missão', 'encerrar', 'lixões', 'agosto', '2024', '.', 'trazem', 'panorama', 'completo', 'situação', 'resíduos', 'sólidos', 'Estado', '.', 'primeiro', 'mapa', 'encontra', 'relação', 'todos', 'aterros', 'sanitários', 'licenciados', 'aqui', 'funcionam', '.', 'decreto', '10.367/2023', 'dividiu', '264', 'municípios', 'Goiás', 'quatro', 'grupos', '(', 'tipos', ')', '.', 'critério', 'utilizamos', 'produzir', 'mapas', '.', 'distância', 'cada', 'relação', 'aterro', 'licenciado', 'informação', 'vital', 'nessa', 'primeira', 'fase', 'prioridade', 'encerrar', 'lixões', 'encaminhar', 'resíduos', 'disposição', 'ambientalmente', 'adequada', '.', 'fase', 'final', '(', 'definitiva', ')', 'criação', 'aterros', 'regionalizados', 'vão', 'atender', 'grupos', 'municípios', 'tempo', 'governança', 'compartilhada', 'prefeituras', 'atendidas', 'governo', 'Estado', '.', 'Dúvidas', '?', 'Deixe', 'aí', 'comentários', 'gente', 'responde', '.', '@', 'kkaoara', '@', 'eufabianamarianunes', '@', 'fabiosgois', '@', 'vinicius.mury', '@', 'bento_jrocha', '@', 'mpdegoias', '@', 'andrea_vulcanis', '@', 'jorgewerneck', '@', 'fernandaandreozi', '@', 'robsondisarz', '@', 'natalialino', '@', 'narachavesx']",['semadgoias'],['politica'],['poluição'],['sim']
"['Semad', 'Escritório', 'Executivo', 'Projetos', '(', 'EEP', ')', 'Programa', 'Juntos', 'Araguaia', '(', 'JPA', ')', 'apresentam', 'Lote', 'Mínimo', 'estudo', 'técnico', 'inédito', 'Brasil', 'traz', 'público', 'dados', 'nunca', 'contabilizados', 'disponibilizados', 'sociedade', 'respeito', 'custo', 'real', 'restauração', 'ambiental', 'áreas', 'degradadas', 'meio', 'regeneração', 'florestal', 'mobilização', 'social', 'institucional', '.', 'tema', 'colocado', 'pauta', 'análise', 'universidades', 'entidades', 'instituições', 'investidoras', 'executoras', 'poder', 'público', 'demais', 'interessados', '.', 'apresentação', 'Lote', 'Mínimo', 'realizada', 'evento', 'especial', 'dia', '13', 'março', '2024', 'quarta-feira', '14h', 'Federação', 'Indústrias', 'Estado', 'Goiás', '(', 'Fieg', ')', '-', 'Casa', 'Indústria', 'Salão', 'Eventos', 'Daniel', 'Viana', '4°', 'andar', 'Avenida', 'Araguaia', 'nº', '1.544', '-', 'Edifício', 'Albano', 'Franco', 'Vila', 'Nova', 'Goiânia', '(', 'GO', ')', '.', 'fazer', 'inscrição', 'acesse', 'site', 'www.juntospeloaraguaia.org.br', '.', 'Maiores', 'informações', ':', 'Telefones', ':', '(', '62', ')', '3091-6285', '/', '(', '62', ')', '9660-6729', 'E-mail', ':', 'administrativo.go', '@', 'juntospeloaraguaia.org.br', '#', 'ApresentaçãoDoLoteMínimo', '#', 'JuntosPeloAraguaia', '#', 'JPA', '#', 'Programajpa', '#', 'EscritórioExecutivoDeProjetos', '#', 'SemadGO', '#', 'GovernoDeGoiás', '#', 'SemaMT', '#', 'GovernoDeMatoGrosso']",['semadgoias'],['campanha'],['fluvial'],['sim']
"['Alô', 'Alò', 'servidores', 'Semad', 'recado', 'especial', '.', 'disponível', 'formulário', 'destinado', 'promoção', 'acessibilidade', 'Pessoas', 'Deficiência', '(', 'PcD', ')', 'âmbito', 'Secretaria', '.', 'objetivo', 'promover', 'igualdade', 'condições', 'relação', 'demais', 'servidores', 'buscando', 'adptação', 'espaços', 'físicos', 'adequação', 'linguagem', 'adoção', 'tecnologias', 'bem', 'indentificar', 'problemas', 'discriminatórios', '.', 'pertencem', 'contribuição', 'faz', 'toda', 'diferença', '!', 'https', ':', '//forms.gle/upxXwqCXUSrmk9FF8']",['semadgoias'],['informativo'],['acessibilidade'],['sim']
"['evento', '``', 'Diálogos', 'sobre', 'Logística', 'Reversa', 'Centro-Oeste', ""''"", 'organizado', 'Secretaria', 'Estado', 'Meio', 'Ambiente', 'Desenvolvimento', 'Sustentável', 'Goiás', '(', 'Semad', ')', 'principal', 'objetivo', 'promover', 'discussões', 'compartilhar', 'experiências', 'sobre', 'implementação', 'logística', 'reversa', 'região', '.', 'meio', 'palestras', 'debates', 'busca-se', 'conscientizar', 'participantes', 'sobre', 'importância', 'logística', 'reversa', 'preservação', 'ambiental', 'desenvolvimento', 'sustentável', 'além', 'destacar', 'estratégias', 'desafios', 'enfrentados', 'efetivação', '.', 'evento', 'inicia', '9h', 'transmitido', 'on-line', 'via', 'zoom', 'youtube', 'ofical', '@', 'semadgoias', '.', 'liga', 'temas', 'palestras', 'aproveite', 'oportunidade', 'única', '!', '•', 'Perspectivas', 'Logística', 'Reversa', 'Estado', 'Goiás', '•', 'Experiências', 'Desafios', 'implementação', 'logística', 'reversa', '•', 'papel', 'entidades', 'gestoras', 'efetivação', 'logística', 'reversa', '•', 'Importância', 'verificação', 'independente', 'logística', 'reversa', '•', 'Experiências', 'implementação', 'Mato', 'Grosso', '@', 'kkaoara', '@', 'eufabianamarianunes', '@', 'fabiosgois', '@', 'vinicius.mury', '@', 'bento_jrocha', '@', 'mpdegoias', '@', 'andrea_vulcanis', '@', 'jorgewerneck', '@', 'fernandaandreozi']",['semadgoias'],['campanha'],['sustentabilidade'],['sim']
"['RESÍDUOS', 'SÓLIDOS', '|', 'Nesta', 'sexta-feira', 'Semad', 'marcou', 'presença', 'inauguração', 'primeiro', 'aterro', 'sanitário', 'Goiás', 'iniciar', 'operações', 'após', 'implementação', 'Programa', 'Lixão', 'Zero', 'foco', 'disposição', 'final', 'ambientalmente', 'adequada', 'resíduos', 'sólidos', '.', 'aterro', 'Consórcio', 'Intermunicipal', 'Sudeste', 'Goiano', '(', 'Cimosu', ')', 'localizado', 'município', 'Cumari', 'vai', 'atender', 'ainda', 'outras', 'três', 'cidades', ':', 'Nova', 'Aurora', 'Goiandira', 'Anhanguera', '.', 'evento', 'representa', 'marco', 'significativo', 'gestão', 'ambiental', 'Estado', 'garantindo', 'todos', 'municípios', 'possam', 'dispor', 'resíduos', 'sólidos', 'urbanos', 'maneira', 'adequada', 'local', 'devidamente', 'licenciado', '.', 'Além', 'equipe', 'Semad', 'presentes', 'inauguração', 'prefeitos', 'vice-prefeitos', 'diversos', 'secretários', 'cidades', 'envolvidas', '.', 'abertura', 'aterro', 'sanitário', 'abrange', 'área', 'total', '48', '4', 'mil', 'metros', 'quadrados', 'surgem', 'novas', 'oportunidades', 'gestão', 'ambiental', 'eficaz', 'responsável', 'indicando', 'futuro', 'promissor', 'sustentável', 'região', 'Sudeste', 'Goiano', '.', 'operação', 'aterro', 'sanitário', 'não', 'apenas', 'elimina', 'prática', 'ultrapassada', 'lixões', 'abre', 'caminho', 'implementação', 'políticas', 'abrangentes', 'reciclagem', 'compostagem', 'redução', 'resíduos', '.', '@', 'kkaoara', '@', 'eufabianamarianunes', '@', 'fabiosgois', '@', 'vinicius.mury', '@', 'bento_jrocha', '@', 'andrea_vulcanis', '@', 'cimosu.goias', '@', 'smsgoiandira', '@', 'secmeioambientecumari']",['semadgoias'],['politica'],['poluição'],['sim']
"['Alô', 'empresários', 'goianos', '...', 'convite', 'mega', 'especial', '!', 'Vamos', 'falar', 'sobre', 'logística', 'reversa', '?', 'evento', '``', 'Diálogos', 'sobre', 'Logística', 'Reversa', 'Centro-Oeste', ""''"", 'principal', 'objetivo', 'promover', 'discussões', 'compartilhar', 'experiências', 'sobre', 'implementação', 'logística', 'reversa', 'região', '.', 'vários', 'palestrantes', 'proposta', 'conscientizar', 'participantes', 'sobre', 'importância', 'logística', 'reversa', 'preservação', 'ambiental', 'desenvolvimento', 'sustentável', 'além', 'destacar', 'estratégias', 'desafios', 'enfrentados', 'efetivação', 'evento', 'acontecerá', 'dia', '27', 'fevereiro', 'forma', '100', '%', 'on-line', 'gratuita', '.', 'Vamos', 'iniciar', '9h', 'esperamos', '!', 'Entrar', 'Reunião', 'Zoom', ':', 'https', ':', '//us02web.zoom.us/j/84588993884', '?', 'pwd=QXFZa0xCNEpncGtpUUh5RW10TWlSUT09']",['semadgoias'],['informativo'],['meio-ambiente'],['sim']
"['Semad', 'anunciou', 'composição', 'Conselho', 'Consultivo', 'Área', 'Proteção', 'Ambiental', '(', 'APA', ')', 'Pouso', 'Alto', 'conformidade', 'estabelece', 'Instrução', 'Normativa', 'nº', '10/2023', '.', 'conselho', 'formado', 'representantes', 'órgãos/entidades', 'públicas', 'representantes', 'sociedade', 'civil', 'organizada', '.', 'solicitação', 'nomes', 'indicados', 'feita', 'Edital', 'Convocação', 'Nº', '5/2023', '.', 'Após', 'vencimento', 'prazo', 'final', 'recebimento', 'ofícios', 'conforme', 'estabelecido', 'Edital', 'Presidência', 'Conselho', 'Consultivo', 'validará', 'novas', 'indicações', 'reunião', 'Conselho', '.', '@', 'pesj_serradejaragua', '@', 'm.moura76', '@', 'erickolailat', '@', 'caiocns', '@', 'bento_jrocha', '@', 'robsondisarz', '@', 'jorgewerneck', '@', 'andrea_vulcanis', '@', 'parquealtamiro', '@', 'jaqueramosbio', '@', 'inararibas', '@', 'parque_mata_atlantica', '@', 'pep_pireneus', '@', 'pearaguaia123', '@', 'peap_aguasdoparaiso', '@', 'peal_aguaslindas', '@', 'parqueserradouradaoficial', '@', 'serra_de_caldas_novas_pescan', '@', 'mauricio_v_t']",['semadgoias'],['informativo'],['outros'],['sim']
"['RESÍDUOS', 'CONSTRUÇÃO', 'CIVIL', '|', 'Dados', 'reunidos', 'Secretaria', 'Estado', 'Meio', 'Ambiente', 'Desenvolvimento', 'Sustentável', '(', 'Semad', ')', 'apontam', '86', '%', 'resíduos', 'construção', 'civil', 'descartados', 'modo', 'irregular', 'Goiás', '.', 'informação', 'consta', 'recente', 'monitoramento', 'Plano', 'Estadual', 'Resíduos', 'Sólidos', '(', 'Pers', ')', 'realizado', 'dezembro', 'ano', 'passado', 'partir', 'consultas', 'municípios', 'goianos', '.', 'regulamentar', 'descarte', 'Semad', 'propôs', 'minuta', 'decreto', 'disponível', 'consulta', 'pública', 'aberto', 'contribuições', 'meio', 'formulário', 'dia', '29', 'fevereiro', '2024', '.', 'Participe', '!', 'LINK', 'ACESSAR', 'MINUTA', 'https', ':', '//drive.google.com/file/d/1XUvL9UL6py0ZR_vHyOQIcCFknDar6nEz/view', '?', 'usp=sharing', 'LINK', 'FAZER', 'CONTRIBUIÇÕES', 'https', ':', '//docs.google.com/forms/d/e/1FAIpQLSedHyA9zDkJ6eKasLMIBoNYN-pGNu9hC2eYWO4eIU_T0qS3gg/viewform', '@', 'kkaoara', '@', 'eufabianamarianunes', '@', 'fabiosgois', '@', 'vinicius.mury', '@', 'bento_jrocha', '@', 'mpdegoias', '@', 'andrea_vulcanis', '@', 'jorgewerneck', '@', 'fernandaandreozi', '@', 'robsondisarz']",['semadgoias'],['informativo'],['poluição'],['não']
"['RESÍDUOS', 'CONSTRUÇÃO', 'CIVIL', '|', 'Hoje', 'Semad', 'visitou', 'unidade', 'processamento', 'resíduos', 'construção', 'civil', 'cidade', 'Catalão', '.', 'não', 'sabe', 'locais', 'reciclam', 'todos', 'resíduos', 'provenientes', 'construções', 'reformas', 'reparos', 'demolições', 'transformando', 'entulho', 'materiais', 'podem', 'reutilizados', '.', 'Segundo', 'superintendente', 'desenvolvimento', 'sustentável', 'resíduos', 'sólidos', 'Semad', 'Kaoara', 'Batista', 'todas', 'cidades', 'Estado', 'deveriam', 'adotar', 'medida', '.', '``', 'solução', 'prefeituras', 'deveriam', 'adotar', 'reduzir', 'quantidade', 'resíduos', 'destinados', 'chamados', 'pontos', 'descarte', 'irregular', 'lixões', 'aterros', 'sanitários', '.', 'resíduos', 'possuem', 'grande', 'valor', 'agregado', ""''"", 'afirma', '.', 'Catalão', 'empresa', 'faz', 'operação', 'reciclagem', 'desse', 'material', 'Renove', '.', 'Reunião', 'pública', 'nesta', 'quinta-feira', 'secretaria', 'promoveu', 'reunião', 'pública', 'apresentou', 'recebeu', 'sugestões', 'proposta', 'regulamentação', 'gestão', 'resíduos', 'construção', 'civil', 'Goiás', 'objetivo', 'reduzir', 'impacto', 'meio', 'ambiente', '!', '@', 'rnvresiduos', '@', 'nelsonsiqueira', '@', 'kkaoara', '@', 'eufabianamarianunes', '@', 'fabiosgois', '@', 'vinicius.mury', '@', 'bento_jrocha', '@', 'robsondisarz', '@', 'andrea_vulcanis', '@', 'robsondisarz', '@', 'jorgewerneck']",['semadgoias'],['informativo'],['outros'],['sim']
"['FIM', 'LIXÕES', '|', 'gerente', 'Desenvolvimento', 'Inovação', 'Ambiental', 'Semad', 'Nara', 'Chaves', 'explica', 'neste', 'vídeo', 'acessar', 'sistema', 'Ipê', 'requerer', 'licença', 'encerramento', 'lixões', 'Goiás', '.', 'pedido', 'licença', 'etapas', 'previstas', 'decreto', '10.367/2023', 'instituiu', 'programa', 'Lixão', 'Zero', 'estabeleceu', 'fases', 'transitória', 'definitiva', 'serem', 'cumpridas', 'municípios', 'goianos', '.', 'fase', 'provisória', 'prefeituras', 'devem', 'pedir', 'licença', 'encerramento', 'lixão', 'iniciar', 'plano', 'reabilitação', 'área', 'informar', 'Semad', 'projeto', 'coleta', 'seletiva', 'alcance', 'menos', '10', '%', 'população', 'primeiro', 'ano', 'monitorar', 'recursos', 'hídricos', 'área', 'lixão', 'fim', 'evitar', 'danos', 'ambientais', '.', 'fase', 'definitiva', 'criados', 'aterros', 'vão', 'atender', 'município', 'tempo', '.', 'governança', 'compartilhada', 'municípios', 'Governo', 'Goiás', '.', 'regionalização', 'partiu', 'entendimento', 'operação', 'aterros', 'exige', 'recursos', 'humanos', 'financeiros', 'muitas', 'cidades', 'não', 'têm', '.', '@', 'kkaoara', '@', 'eufabianamarianunes', '@', 'fabiosgois', '@', 'vinicius.mury', '@', 'bento_jrocha', '@', 'mpdegoias', '@', 'andrea_vulcanis', '@', 'jorgewerneck', '@', 'fernandaandreozi', '@', 'robsondisarz', '@', 'natalialino', '@', 'narachavesx']",['semadgoias'],['informativo'],['poluição'],['sim']
"['Atenção', 'representantes', 'municipais', 'atentos', 'prazo', 'final', 'entrega', 'documentação', 'comprobatória', 'ICMS', 'Ecológico', '2024', '.', 'ICMS', 'Ecológico', 'mecanismo', 'tributário', 'possibilita', 'municípios', 'acesso', 'parcelas', 'maiores', 'recursos', 'financeiros', 'arrecadados', 'Estados', 'meio', 'Imposto', 'sobre', 'Circulação', 'Mercadorias', 'Serviços', '(', 'ICMS', ')', '.', 'ocorre', 'virtude', 'atendimento', 'determinados', 'critérios', 'ambientais', 'estabelecidos', 'leis', 'estaduais', 'proporcionando', 'benefícios', 'adicionais', 'municípios', 'comparação', 'direitos', 'estabelecidos', '.', 'caso', 'dúvidas', 'contato', 'Gerência', 'Apoio', 'Municípios', 'Credenciamento', 'Licenciamento', 'Ambiental', ':', '(', '62', ')', '99944-7392']",['semadgoias'],['informativo'],['outros'],['sim']
"['memórias', 'vivas']",['florestal_brasil'],['campanha'],['meio-ambiente'],['sim']
"['florestas', 'tropicais', 'desempenham', 'papéis', 'fundamentais', 'equilíbrio', 'ambiental', 'bem-estar', 'humano', 'cruciais', 'biodiversidade', 'fornecendo', 'habitat', 'milhões', 'espécies', 'plantas', 'animais', '.', 'ecossistema', 'ajuda', 'regular', 'clima', 'global', 'armazenando', 'carbono', 'produzindo', 'oxigênio', '.', 'desempenham', 'papel', 'vital', 'proteção', 'solos', 'manutenção', 'ciclos', 'hidrológicos', 'prevenção', 'erosão', '.', 'Além', 'disso', 'florestas', 'tropicais', 'têm', 'importância', 'econômica', 'fornecendo', 'recursos', 'naturais', 'valiosos', 'madeira', 'medicamentos', 'alimentos', '.', 'Preservar', 'manejar', 'forma', 'sustentável', 'florestas', 'essencial', 'saúde', 'planeta', 'bem-estar', 'gerações', 'futuras', '.', '#', 'meioambiente']",['florestal_brasil'],['informativo'],['meio-ambiente'],['sim']
"['mesmos', 'sinais', 'rádio', 'permitem', 'smartphone', 'identifique', 'localização', 'podem', 'revelar', 'quanta', 'água', 'floresta', 'contém', 'dentro', 'folhagem', '.', 'medir', 'quanto', 'sinais', 'satélite', 'GPS', 'enfraqueceram', 'passar', 'dossel', 'florestal', 'pesquisadores', 'conseguiram', 'estimar', 'conteúdo', 'água', 'dossel', '.', 'Especialistas', 'dizem', 'técnica', 'usa', 'configuração', 'simples', 'dois', 'receptores', 'GPS', 'pode', 'fornecer', 'maneira', 'simples', 'acessível', 'rastrear', 'conteúdo', 'água', 'floresta', '.', 'quantidade', 'água', 'flui', 'dentro', 'plantas', 'floresta', 'afeta', 'quão', 'bem', 'floresta', 'pode', 'resistir', 'secas', 'pragas', 'insetos', 'quão', 'propensa', 'incêndios', 'florestais', 'quanto', 'dióxido', 'carbono', '(', 'CO2', ')', 'absorve', 'atmosfera', '.', 'Leia', 'tudo', 'blog', 'através', 'link', 'stories', 'bio', '.', 'https', ':', '//florestalbrasil.com/sinais-de-satelite-podem-medir-a-umidade-e-a-capacidade-de-sobrevivencia-de-uma-floresta/', '#', 'meioambiente', '#', 'divulgaçãocientífica', '#', 'floresta', '#', 'florestal']",['florestal_brasil'],['tecnologia'],['meio-ambiente'],['sim']
"['natureza', 'todos', 'têm', 'devido', 'papel', '#', 'meioambiente', '#', 'biologia']",['florestal_brasil'],['campanha'],['meio-ambiente'],['sim']
"['Modelagens', 'dados', 'podem', 'úteis', 'várias', 'situações', '.', 'curadoria', 'dados', 'cada', 'vez', 'importante', 'lidar', 'mudanças', 'climáticas', 'melhorar', 'condições', 'ecosfera', '.', 'Utilizando', 'IA', '(', 'Inteligência', 'Artificial', ')', 'alguns', 'projetos', 'nesse', 'sentido', 'mostram', 'exemplos', 'modelagens', 'dados', 'podem', 'úteis', 'várias', 'situações', '.', 'exemplo', 'nações', 'africanas', 'Mali', 'ameaçados', 'alterações', 'climáticas', '.', 'projeto', 'Universidade', 'Stanford', 'Palo', 'Alto', 'Califórnia', '(', 'EUA', ')', 'contempla', 'utilização', 'fluxos', 'dados', 'relacionados', 'poluição', 'águas', 'subterrâneas', 'espécies', 'ameaçadas', 'extinção', '.', 'ainda', 'avançar', '.', 'Leia', ':', 'https', ':', '//florestalbrasil.com/como-a-modelagem-de-ia-ajuda-a-entender-o-que-ocorre-no-campo/', 'Link', 'stories', 'Bio', 'Instagram']",['florestal_brasil'],['tecnologia'],['clima'],['sim']
"['Polinização', 'Abelhas', 'polinização', 'abelhas', 'crucial', 'reprodução', 'muitas', 'plantas', 'pois', 'abelhas', 'transferem', 'pólen', 'flor', 'outra', 'permitindo', 'fertilização', 'produção', 'sementes', 'frutos', '.', 'processo', 'desempenha', 'papel', 'vital', 'agricultura', 'manutenção', 'ecossistemas', 'naturais', '.', '#', 'abelhas', '#', 'natureza', '#', 'meioambiente']",['florestal_brasil'],['informativo'],['fauna'],['sim']
"['48', 'milhões', 'hectares', 'CAMPOS', 'NATIVOS', 'não', 'florestais', 'AMEAÇADOS', 'PL', '364/2019', '#', 'meioambiente']",['florestal_brasil'],['informativo'],['meio-ambiente'],['não']
"['natureza', 'sobrevivem', 'adaptados', '!', 'inteligência', 'animal', 'questão', 'perspectiva', 'observador', '.', 'considere', 'certos', 'animais', 'têm', 'alta', 'capacidade', 'cognitiva', 'outros', 'não', '.', 'verdade', 'cada', 'único', 'capacidade', 'adaptar', 'natureza', 'absolutamente', 'incrível', '.', '#', 'fauna', '#', 'aves', '#', 'meioambiente', '#', 'natureza']",['florestal_brasil'],['informativo'],['fauna'],['sim']
"['Importância', 'ABELHAS', 'NATIVAS', 'agricultura', '#', 'abelhas', '#', 'meioambiente', '#', 'agricultura']",['florestal_brasil'],['informativo'],['fauna'],['sim']
"['novembro', 'ano', 'passado', 'divulgado', 'primeira', 'vez', 'Brasil', 'registrou', 'área', 'clima', 'deserto', 'localizada', 'vale', 'submédio', 'rio', 'Francisco', 'Petrolina', '(', 'PE', ')', 'Juazeiro', '(', 'BA', ')', 'extensão', 'equivalente', 'quase', 'quatro', 'vezes', 'cidade', 'Paulo', '.', 'entanto', 'região', 'não', 'tornou', 'deserto', 'propriamente', 'dito', 'sim', 'passou', 'condição', 'histórica', 'semiárida', 'árida', 'sendo', 'árida', 'país', 'pouco', '5.700', 'km²', '.', 'tendência', 'global', 'áreas', 'secas', 'tornando', 'ainda', 'secas', 'úmidas', 'menos', 'úmidas', 'exceção', 'estados', 'Sul', 'Brasil', 'devem', 'permanecer', 'úmidos', '.', 'parte', 'Amazônia', 'bioma', 'maior', 'estoque', 'água', 'país', 'tornando', 'quente', 'períodos', 'estiagem', 'prolongada', 'devido', 'desmatamento', 'mudanças', 'climáticas', '.', 'Leia', 'tudo', 'completo', 'blog', 'através', 'stories', 'link', 'bio', '.', 'https', ':', '//florestalbrasil.com/aquecimento-global-faz-surgir-primeira-zona-arida-e-expande-clima-semiarido-e-areas-secas-no-brasil/', '#', 'meioambiente']",['florestal_brasil'],['informativo'],['clima'],['não']
"['Campos', 'altitude', 'ecossistemas', 'encontrados', 'regiões', 'montanhosas', 'geralmente', 'acima', '1.500', 'metros', 'altitude', '.', 'caracterizados', 'vegetação', 'rasteira', 'gramíneas', 'herbáceas', 'algumas', 'espécies', 'arbustivas', 'adaptadas', 'condições', 'baixas', 'temperaturas', 'ventos', 'fortes', 'radiação', 'solar', 'intensa', 'encontradas', 'nessas', 'áreas', '.', 'campos', 'altitude', 'reconhecidos', 'ciência', 'ambientes', 'grande', 'importância', 'biológica', 'alto', 'grau', 'endemismos', 'incluindo', 'espécies', 'raras', 'ameaçadas', 'extinção', '.', 'Estudos', 'efetuados', 'demonstram', 'riqueza', 'biológica', 'ocorre', 'campos', 'Sudeste', 'Nordeste', 'brasileiro', '.', 'remanescentes', 'campos', 'altitude', 'têm', 'alta', 'relevância', 'corredores', 'ecológicos', 'áreas', 'recarga', 'aquíferos', 'mostram', 'alta', 'vulnerabilidade', 'processos', 'erosivos', 'além', 'serem', 'áreas', 'contam', 'elevado', 'número', 'nascentes', '.', '#', 'florestal', '#', 'meioambiente', '#', 'biologia', '#', 'natureza']",['florestal_brasil'],['informativo'],['biomas'],['sim']
"['março', 'biomas', 'brasileiros', 'continuaram', 'enfrentar', 'incêndios', 'durante', 'período', 'tradicionalmente', 'chuvoso', 'algumas', 'regiões', 'Brasil', '.', 'exceção', 'Pampa', 'todos', 'outros', 'biomas', 'registraram', 'quantidade', 'queimadas', 'acima', 'média', 'esperada', 'período', 'destaque', 'Cerrado', 'Amazônia', '.', 'savana', 'brasileira', 'Instituto', 'Nacional', 'Pesquisas', 'Espaciais', '(', 'INPE', ')', 'registrou', '1806', 'focos', 'calor', 'maior', 'número', 'observado', 'mês', 'desde', 'início', 'monitoramento', '1999', '.', 'valor', 'três', 'vezes', 'maior', 'média', 'esperada', 'março', '(', '594', 'focos', ')', 'representa', 'aumento', '113', '%', 'relação', 'março', '2023', 'registrados', '845', 'focos', '.', 'Amazônia', 'INPE', 'registrou', '2.654', 'focos', 'calor', 'segundo', 'maior', 'valor', 'série', 'histórica', 'ficando', 'atrás', 'apenas', '2019', '3000', 'focos', 'detectados', '.', 'Impulsionado', 'incêndios', 'Amapá', 'Roraima', 'número', 'focos', 'registrado', 'INPE', 'março', '156', '%', 'maior', 'média', 'esperada', 'mês', '(', '1034', 'focos', ')', '160', '%', 'maior', 'março', '2023', '(', '1019', 'focos', ')', '.', 'Caatinga', 'instituto', 'registrou', '175', 'focos', 'calor', 'aumento', '28', '%', 'relação', 'média', 'mês', '(', '136', 'focos', ')', '.', 'Pantanal', 'registrados', '176', 'focos', 'calor', 'aumento', '151', '%', 'relação', 'média', 'março', 'neste', 'bioma', '(', '70', 'focos', ')', '.', 'Mata', 'Atlântica', 'apesar', 'período', 'chuvoso', 'registrados', '612', 'focos', 'calor', 'aumento', '24', '%', 'relação', 'média', 'mensal', '(', '493', 'focos', ')', '.', 'contrário', 'outros', 'biomas', 'Pampa', 'redução', 'significativa', 'número', 'queimadas', 'registradas', 'apenas', '25', 'focos', 'março', '2024', '56', '%', 'abaixo', 'média', 'período', '(', '57', 'focos', ')', '.', 'Governo', 'Federal', 'agindo', 'rapidamente', 'combater', 'danos', 'causados', 'incêndios', 'exacerbados', 'fenômeno', 'El', 'Niño', 'mudanças', 'climáticas', 'especialmente', 'Cerrado', 'Amazônia', 'enfrentam', 'maiores', 'números', 'focos', '.', 'Leia', 'tudo', 'blog', 'através', 'link', 'stories', 'stories', 'bio', '.', 'https', ':', '//florestalbrasil.com/queimadas-explodem-no-cerrado-e-na-amazonia-em-marco/', '#', 'meioambiente']",['florestal_brasil'],['informativo'],['queimadas'],['não']
"['nova', 'espécie', 'quaresmeira', 'descoberta', 'Núcleo', 'Curucutu', 'Parque', 'Estadual', 'Serra', 'Mar', 'região', 'metropolitana', 'Paulo', 'nome', 'Pleroma', 'curucutuense', '.', 'Vídeo', 'novo', 'canal', 'YouTube', '!', '!', '!', 'Link', 'stories', 'bio', '.', 'https', ':', '//youtu.be/l7fBgW4CGek', '#', 'arvores', '#', 'plantas']",['florestal_brasil'],['informativo'],['flora'],['sim']
"['Aulinha', 'rápida', 'botânica', 'lembrar', 'Créditos', ':', '@', 'arvoreagua', '#', 'botanica', '#', 'biologia']",['florestal_brasil'],['informativo'],['flora'],['sim']
"['Planta', 'rara', 'não', 'realiza', 'fotossíntese', 'conheça', 'Relictithismia', 'kimotsukiensis', 'lanterna-de-fada', '!', '#', 'plantas', '#', 'descobertas', '#', 'natureza']",['florestal_brasil'],['informativo'],['flora'],['sim']
"['2023', 'Brasil', 'registrou', 'redução', 'aproximadamente', '36', '%', 'perda', 'floresta', 'primária', 'comparação', '2022', 'alcançando', 'menor', 'nível', 'desmatamento', 'desde', '2015', 'conforme', 'revelado', 'estudo', 'divulgado', 'nesta', 'quinta-feira', '(', '4', ')', '.', 'dados', 'elaborados', 'Global', 'Forest', 'Watch', 'plataforma', 'ONG', 'WRI', '(', 'Instituto', 'Recursos', 'Mundiais', ')', 'colaboração', 'Laboratório', 'Análise', 'Descoberta', 'Global', 'Terras', '(', 'GLAD', 'sigla', 'inglês', ')', 'Universidade', 'Maryland', '.', 'vemos', 'dados', 'diminuição', 'desmatamento', 'ter', 'cuidado', 'entender', 'toda', 'notícia', '.', 'queda', 'maior', 'desmatamento', 'Amazônia', 'Cerrado', 'Caatinga', 'exemplo', 'não', 'bem', 'assim', '.', 'Porém', 'agora', 'ano', '2024', 'não', 'exatamente', 'diminuição', 'observando', 'verdade', 'queimadas', 'desmatamento', 'aumentaram', 'Cerrado', '.', 'Leia', 'toda', 'notícia', 'blog', 'entender', 'melhor', 'veja', 'links', 'relacionados', 'post', 'sobre', 'notícias', 're', 'entes', 'desmatamento', '.', 'Link', 'stories', 'bio', '.', 'https', ':', '//florestalbrasil.com/estudo-realizado-pela-global-forest-watch-demonstra-que-brasil-reduziu-em-36-a-perda-de-florestas-em-2023/', '#', 'desmatamento', '#', 'amazonia', '#', 'cerrado', '#', 'meioambiente']",['florestal_brasil'],['informativo'],['desmatamento'],['sim']
"['Ibama', 'lançará', 'nova', 'plataforma', 'destinada', 'acompanhamento', 'áreas', 'degradadas', 'suscetíveis', 'recuperação', 'ambiental', '.', 'instrução', 'normativa', 'divulgada', 'Diário', 'Oficial', 'União', 'órgão', 'detalhou', 'funcionamento', 'Plataforma', 'Acompanhamento', 'Recuperação', 'Ambiental', '(', 'Recooperar', ')', 'consolidará', 'dados', 'relacionados', 'áreas', 'afetadas', 'incêndios', 'florestais', 'embargadas', 'devido', 'desmatamento', 'ocupação', 'espaços', 'protegidos', 'bem', 'informações', 'sobre', 'compensação', 'plantio', 'decorrente', 'licenciamento', 'ambiental', 'federal', 'medidas', 'reparação', 'danos', 'ambientais', 'outros', 'aspectos', 'similares', '.', 'normativa', 'entrará', 'vigor', '15', 'abril', '.', 'Leia', 'tudo', 'completo', 'blog', 'através', 'link', 'stories', 'bio', '.', 'https', ':', '//florestalbrasil.com/recooperar-nova-plataforma-do-ibama-tera-dados-de-areas-degradadas-de-todo-o-brasil/', '#', 'tecnologia', '#', 'meioambiente']",['florestal_brasil'],['tecnologia'],['meio-ambiente'],['sim']
"['preparem', 'pois', 'avaliações', 'chegando']",['florestal_brasil'],['informativo'],['outros'],['sim']
"['aí', 'rolê', 'roots', '?', 'observador', 'atento', 'vai', 'relaxar', '?', '#', 'natureza', '#', 'meioambiente']",['florestal_brasil'],['campanha'],['outros'],['sim']
"['primeiros', 'quatro', 'projetos', 'internacionais', 'escolhidos', 'recém-estabelecido', 'Fundo', 'Marco', 'Global', 'Biodiversidade', '(', 'GBFF', ')', 'beneficiados', 'aproximadamente', '40', 'milhões', 'dólares', '.', 'Desse', 'montante', 'duas', 'iniciativas', 'brasileiras', 'voltadas', 'proteção', 'povos', 'indígenas', 'bioma', 'Caatinga', 'através', 'Programa', 'Áreas', 'Protegidas', 'Caatinga', '(', 'Arca', ')', 'receberão', 'conjuntamente', '19', '6', 'milhões', 'dólares', '.', 'Além', 'Brasil', 'México', 'Gabão', 'contemplados', '.', 'Leia', 'tudo', 'completo', 'blog', 'através', 'link', 'stories', 'bio', '.', 'https', ':', '//florestalbrasil.com/dois-projetos-brasileiros-terao-196-milhoes-de-dolares-do-fundo-global-de-biodiversidade/', '#', 'meioambiente']",['florestal_brasil'],['informativo'],['financeiro'],['sim']
"['Todas', 'árvores', 'têm', 'devida', 'importância', 'oferecendo', 'inúmeros', 'serviços', 'ecossistêmicos', '.', 'árvores', 'emergentes', 'conhecidas', 'mega-árvores', 'atingem', 'estado', 'maturidade', 'máxima', 'caso', 'muitas', 'árvores', 'Amazônia', 'exemplo', 'Angelim-vermelho', 'ficam', 'acima', 'dossel', 'florestal', 'têm', 'importância', 'ecológica', 'especial', '.', 'Responsáveis', 'causa', 'tamanho', 'metade', 'biomassa', 'florestas', 'embora', 'respondam', 'menos', '5', '%', 'número', 'total', 'árvores', 'mega-árvores', 'têm', 'grande', 'papel', 'ecológico', '.', 'galhos', 'gigantes', 'servem', 'suporte', 'orquídeas', 'bromélias', 'dependem', 'condições', 'microambientais', 'específicas', 'luminosidade', 'umidade', 'não', 'encontradas', 'árvores', 'menor', 'porte', '.', 'vez', 'aves', 'primatas', 'morcegos', 'anfíbios', 'répteis', 'aranhas', 'insetos', 'usam', 'cavidades', 'abrigo', 'ninhos', '.', 'Estudos', 'indicam', 'harpias', 'preferem', 'árvores', 'fazer', 'ninho', 'pois', 'menos', 'propícias', 'ataques', 'outros', 'animais', '.', 'declínio', 'grandes', 'árvores', 'florestas', 'tropicais', 'representa', 'perda', 'série', 'funções', 'ecossistêmicas', 'muitas', 'relacionadas', 'complexa', 'rede', 'interações', 'ecológicas', '.', '#', 'arvores', '#', 'meioambiente', '#', 'natureza', '#', 'floresta']",['florestal_brasil'],['informativo'],['flora'],['sim']
"['partir', 'mapeamento', '250', 'mil', 'árvores', 'estudo', 'analisou', 'acesso', 'população', 'áreas', 'verdes', 'encontrou', 'diferenças', 'relacionadas', 'poder', 'aquisitivo', 'faixa', 'etária', '.', 'Pesquisadores', 'sustentam', 'contexto', 'mudanças', 'climáticas', 'infraestrutura', 'verde', 'cidade', 'torna', 'tão', 'importante', 'quanto', 'rede', 'elétrica', 'saneamento', '.', 'Crianças', 'idosos', 'emergem', 'grupos', 'vulneráveis', 'trata', 'enfrentar', 'rigores', 'calor', 'prolongado', 'exposição', 'solar', '.', 'mapear', 'distribuição', 'desses', 'grupos', 'vulneráveis', 'bairros', 'cidade', 'pesquisadores', 'procuraram', 'identificar', 'padrões', 'arborização', 'poderiam', 'impactar', 'exposição', 'calor', '.', 'Descobriu-se', 'áreas', 'onde', 'população', 'idosa', 'concentrada', 'escassez', 'árvores', 'ruas', '.', 'vez', 'regiões', 'densidade', 'maior', 'crianças', 'tendem', 'possuir', 'árvores', 'copas', 'menor', 'dimensão', 'característica', 'comum', 'plantas', 'jovens', 'espécies', 'dossel', 'reduzido', 'palmeiras', '.', 'Leia', 'tudo', 'completo', 'blog', 'através', 'link', 'stories', 'bio', '.', 'https', ':', '//florestalbrasil.com/arborizacao-urbana-de-belo-horizonte-repete-padrao-de-desigualdade-social-de-outras-cidades/', '#', 'arborizaçãourbana', '#', 'bh', '#', 'belohorizonte', '#', 'meioambiente']",['florestal_brasil'],['informativo'],['outros'],['sim']
"['6', 'biomas', 'Brasil', 'Cada', 'desses', 'ambientes', 'oferece', 'vasta', 'diversidade', 'espécies', 'flora', 'fauna', 'assim', 'inúmeras', 'interações', 'ecológicas', 'serviços', 'ecossistêmicos', 'humano', '.', 'Amazônia', '-', 'maior', 'floresta', 'tropical', 'mundo', 'vegetação', 'encontra', 'maioria', 'Brasil', '.', 'Cerrado', '-', 'savana', 'arborizada', 'mundo', 'muitas', 'espécies', 'frutíferas', '.', 'Pantanal', '-', 'maior', 'planície', 'alagada', 'mundo', 'menor', 'bioma', 'brasileiro', '.', 'Pampa', '-', 'presente', 'apenas', 'Rio', 'Grande', 'Sul', 'caracterizado', 'planícies', 'levemente', 'onduladas', '.', 'Mata', 'Atlântica', '-', 'floresta', 'tropical', 'onde', '70', '%', 'população', 'brasileira', 'quase', '90', '%', 'área', 'desmatada', 'apresenta', 'inúmeras', 'espécies', 'endêmicas', '.', 'Caatinga', '-', 'bioma', 'exclusivo', 'Brasil', 'não', 'existe', 'outro', 'lugar', '.', '#', 'floresta', '#', 'meioambiente', '#', 'ecologia', '#', 'biologia', '#', 'natureza']",['florestal_brasil'],['informativo'],['biomas'],['sim']
"['Apesar', 'safra', 'recorde', '2023', 'situação', 'financeira', 'produtores', 'rurais', 'brasileiros', 'complicada', '.', 'número', 'Recuperações', 'Judiciais', 'campo', 'aumentou', 'seis', 'vezes', '2023', 'acendendo', 'sinal', 'amarelo', 'setor', '.', 'acordo', 'Serasa', 'Experian', 'número', 'proprietários', 'rurais', 'pediram', 'recuperação', 'judicial', '2023', 'cresceu', '535', '%', 'subindo', '20', '127', 'pedidos', '.', 'combinação', 'alguns', 'fatores', 'responsável', 'onda', 'RJs', ':', 'dificuldade', 'climática', 'El', 'Niño', 'queda', 'preços', 'grãos', 'aumento', 'custo', 'fertilizantes', 'conta', 'guerra', 'Ucrânia', '.', 'acordo', 'Head', 'Organização', 'Agro', 'RB', 'Investimento', 'Cristiano', 'Macedo', 'aconteceu', '2023', 'espécie', '“', 'tempestade', 'perfeita', '”', 'afetou', 'setor', '.', 'Link', 'materia', ':', 'https', ':', '//florestalbrasil.com/porque-tantos-pedidos-de-recuperacao-judicial-no-agro/']",['florestal_brasil'],['informativo'],['financeiro'],['não']
"['Pequeno', 'guia', 'pra', 'ajudar', 'plantas', '#', 'plantas']",['florestal_brasil'],['informativo'],['flora'],['sim']
"['vamos', 'conter', 'desmatamento', 'manter', 'floresta', 'pé', 'rentável', 'vantajoso', 'derrubada', '.', 'Não', 'basta', 'dizer', 'não', 'pode', 'fazer', '.', 'preciso', 'criar', 'pode', 'feito', '.', '@', 'mmeioambiente', 'fazendo', 'junto', 'prefeitos', 'vereadores', 'sociedade', 'academia', '.', 'Algo', 'grande', 'demais', 'fruto', 'ação', 'todos', '.', 'Audiovisual/', 'PR']",['mmeioambiente'],['campanha'],['desmatamento'],['sim']
"['PARCERIA', 'FLORESTAS', '|', 'governo', 'federal', 'lançou', 'nesta', 'terça', '(', '9', ')', 'união', 'municípios', 'combater', 'desmatamento', 'incêndios', 'florestais', 'Amazônia', '.', 'R', '$', '600', 'milhões', 'Fundo', 'Amazônia', 'R', '$', '130', 'milhões', 'Floresta+', 'anunciaram', 'presidente', 'Lula', 'ministra', 'Meio', 'Ambiente', 'Marina', 'Silva', '.']",['mmeioambiente'],['politica'],['desmatamento'],['sim']
"['MMA', 'realizou', 'nesta', 'segunda-feira', '(', '8/4', ')', 'cerimônia', 'lançamento', 'VIII', 'Congresso', 'Internacional', 'Educação', 'Ambiental', 'Países', 'Comunidades', 'Língua', 'Portuguesa', '.', 'congresso', 'ocorrerá', '21', '25', 'julho', '2025', 'Manaus', '(', 'AM', ')', 'tema', '“', 'Educação', 'ambiental', 'ação', 'local', ':', 'respostas', 'emergência', 'climática', 'justiça', 'ambiental', 'democracia', 'bem', 'viver', '”', '.', 'evento', 'organizado', 'MMA', 'conjunto', '@', 'mineducacao', 'Rede', 'Lusófona', 'Educação', 'Ambiental', '(', 'Redeluso', ')', 'governo', 'Estado', 'Amazonas', '.', 'discussões', 'preparatórias', 'COP30', 'ocorrerá', 'Belém', 'final', 'ano', '.', 'Redeluso', 'reúne', 'países', 'comunidades', 'língua', 'portuguesa', 'redor', 'mundo', '.', 'primeiro', 'congresso', 'realizado', '2007', '.', 'ministra', 'Marina', 'Silva', 'afirmou', 'debate', 'educacional', 'possibilita', 'mudanças', 'profundas', 'sociedade', 'permite', 'trazer', '“', 'olhar', 'grandes', 'transformações', 'mundo', 'precisa', 'fazer', 'possamos', 'superar', 'modelo', 'insustentável', 'trouxe', 'aqui', ""''"", '.', 'presentes', 'assistiram', 'apresentação', 'artística', 'Grupo', 'Matizes', 'Dumont', 'utiliza', 'bordado', 'espontâneo', 'feito', 'mão', 'linguagem', 'artística', 'instrumento', 'transformação', 'social', 'cultural', '.', 'grupo', 'expôs', 'painéis', 'dez', 'comunidades', 'ribeirinhas', 'convidou', 'participantes', 'tecer', 'conjuntamente', 'bordado', 'simbolizando', 'educação', 'ambiental', 'quer', 'futuro', '.', 'Participaram', 'representantes', 'países', 'Comunidade', 'Países', 'Língua', 'Portuguesa', '(', 'CPLP', ')', ':', 'embaixadora', 'Timor', 'Leste', 'Maria', 'Ângela', 'Carrascalão', 'embaixador', 'Guiné-Bissau', 'M', '’', 'bála', 'Alfredo', 'Fernandes', 'embaixador', 'Angola', 'Manuel', 'Bravo', 'embaixador', 'Moçambique', 'Jacinto', 'Maguni', '.', 'participaram', 'diretor', '@', 'abcgovbr', 'Ruy', 'Pereira', 'reitor', 'Universidade', 'Federal', 'Amazônia', 'Sylvio', 'Mário', 'Ferreira', 'diretor', 'Instituto', 'Nacional', 'Pesquisas', 'Amazônia', 'Henrique', 'Pereira', 'secretária-executiva', 'adjunta', 'Secretaria', 'Meio', 'Ambiente', 'Amazonas', 'Fabrícia', 'Arruda', 'secretária', 'nacional', 'Biodiversidade', 'Florestas', 'Direitos', 'Animais', 'MMA', 'Rita', 'Mesquita', 'secretária-executiva', 'MEC', 'Izolda', 'Cela', '.']",['mmeioambiente'],['politica'],['meio-ambiente'],['sim']
"['Ilustração', 'Ziraldo', '(', '1932-2024', ')', 'campanha', 'governo', 'federal', 'contra', 'tráfico', 'internacional', 'animais', 'silvestres', '2003', '.']",['mmeioambiente'],['campanha'],['fauna'],['sim']
"['Amazônia', 'Escola', 'criado', 'unir', 'ações', 'emprego', 'renda', 'educação', 'meio', 'ambiente', '.', 'Fundo', 'Amazônia', 'vai', 'apoiar', 'fortalecimento', 'pequena', 'agricultura', 'sustentável', 'aquisição', 'consumo', 'rede', 'pública', 'ensino', 'Amazônia', 'Legal', 'alimentos', 'produzidos', '.', 'Dez', 'projetos', 'selecionados', '.', 'prazo', 'seleção', 'estendido', '.', 'milhão', 'crianças', 'beneficiadas', 'além', 'populações', 'originárias', 'quilombolas', 'assentados', 'Reforma', 'Agrária', 'produção', 'escoada', 'mantendo', 'floresta', 'pé', '.', 'Amazônia', 'Escola', 'iniciativa', 'conjunta', 'BNDES', '@', 'fnde.oficial', '@', 'mdagovbr', '@', 'mdsgovbr', '@', 'mmeioambiente', '.', 'Veja', 'sobre', 'iniciativa', 'link', 'bio', '.']",['mmeioambiente'],['informativo'],['financeiro'],['sim']
"['Cuidar', 'planeta', 'cuidar', 'saúde', '!', 'mudanças', 'climáticas', 'aumentam', 'incidência', 'doenças', '#', 'Dengue', '.', 'calor', 'excessivo', 'chuvas', 'intensas', 'criam', 'ambiente', 'perfeito', 'mosquito', 'reproduzir', 'aumentando', 'incidência', 'arbovirose', '.', '⚠Com', 'precisamos', 'redobrar', 'cuidados', 'criadouros', '.', 'Faça', 'parte', ':', 'dedique', '10', 'minutos', 'semana', 'eliminação', 'focos', 'água', 'parada', 'casa', 'arredores', '.', 'Juntos', 'podemos', 'criar', 'ambiente', 'saudável', '!', '#', 'Clima', '#', 'AedesAegypti', '#', 'SUS', '#', '10MinutosContraADengue', '#', 'MinistérioDaSaúde']",['mmeioambiente'],['campanha'],['outros'],['sim']
"['ministras', 'Marina', 'Silva', 'Esther', 'Dweck', '(', '@', 'gestaogovbr', ')', 'nova', 'reunião', 'nesta', 'quarta-feira', '(', '3/4', ')', 'MGI', 'tratar', 'reestruturação', 'carreiras', 'ambientais', '.', 'equipes', 'ministérios', 'contato', 'constante', 'evolução', 'entendimentos', 'melhoria', 'carreira', '.', 'MGI', 'apresentará', 'nova', 'proposta', 'próxima', 'mesa', 'negociação', 'representantes', 'servidores', 'prevista', 'próximos', 'dias', '.', 'participaram', 'encontro', 'secretário-executivo', 'MMA', 'João', 'Paulo', 'Capobianco', 'presidente', 'Ibama', 'Rodrigo', 'Agostinho', '.']",['mmeioambiente'],['politica'],['outros'],['sim']
"['R', '$', '10', '4', 'bilhões', 'novas', 'condições', 'projetos', 'verdes', 'novo', 'Fundo', 'Clima', 'prevê', 'valor', 'recorde', 'enfrentamento', 'mudança', 'climática', '.', 'Audiovisual/PR']",['mmeioambiente'],['politica'],['financeiro'],['sim']
"['MMA', 'assinou', 'nesta', 'segunda-feira', '(', '1°/4', ')', 'contrato', 'repasse', 'R', '$', '10', '4', 'bilhões', 'Fundo', 'Nacional', 'sobre', 'Mudança', 'Clima', '(', 'Fundo', 'Clima', ')', '.', 'recursos', 'transferidos', '@', 'bndesgovbr', 'financiarão', 'projetos', 'combate', 'mudança', 'clima', 'desenvolvimento', 'sustentável', 'país', '.', 'ministra', 'Marina', 'Silva', 'presidente', 'BNDES', 'Aloizio', 'Mercadante', 'formalizaram', 'repasse', 'cerimônia', 'Palácio', 'Planalto', 'Brasília', 'presidente', 'Lula', '.', 'participaram', 'ministro', 'Fazenda', '(', '@', 'min.fazenda', ')', 'Fernando', 'Haddad', 'ministro', 'Casa', 'Civil', '(', '@', 'casacivilbr', ')', 'Rui', 'Costa', '.', 'principais', 'instrumentos', 'financiamento', 'transformação', 'ecológica', 'Fundo', 'Clima', 'vinculado', 'MMA', 'operacionalizado', 'BNDES', '.', 'nova', 'aporte', 'recorde', 'desde', 'criação', 'fundo', '2009', '.', '2023', 'mecanismo', 'funcionava', 'recursos', 'R', '$', '300', 'milhões', 'R', '$', '500', 'milhões', 'ano', 'média', '.', 'R', '$', '10', '4', 'bilhões', 'financiarão', 'projetos', 'setor', 'público', 'empresas', 'privadas', 'terceiro', 'setor', 'seis', 'áreas', 'prioritárias', ':', 'Desenvolvimento', 'Urbano', 'Resiliente', 'Sustentável', ';', 'Indústria', 'Verde', ';', 'Logística', 'Transporte', 'Transporte', 'Coletivo', 'Mobilidade', 'Verde', ';', 'Transição', 'Energética', '(', 'geração', 'solar', 'eólica', 'biomassa', 'eficiência', 'energética', 'outros', ')', ';', 'Florestas', 'Nativas', 'Recursos', 'Hídricos', ';', 'Serviços', 'Inovação', 'Verdes', '.', '``', 'grande', 'demanda', 'projetos', 'muita', 'qualidade', 'voltados', 'ação', 'desenvolvimento', 'sustentável', 'gere', 'emprego', 'renda', 'ajude', 'processo', 'mudança', 'econômica', ""''"", 'afirmou', 'Marina', 'imprensa', '.', 'Parte', 'recursos', 'captada', 'ano', 'passado', 'emissão', 'primeiros', 'títulos', 'soberanos', 'sustentáveis', 'títulos', 'dívida', 'externa', 'critérios', 'sustentáveis', '.', 'lançamento', 'títulos', 'realizado', 'setembro', 'Bolsa', 'Valores', 'Nova', 'York', 'ministra', 'Marina', 'Silva', 'ministro', 'Fernando', 'Haddad', '.', '``', 'Vamos', 'ter', 'agora', 'R', '$', '10', 'bilhões', 'contribuindo', 'Brasil', 'continuar', 'liderando', 'enfrentamento', 'crise', 'climática', 'produção', 'energética', 'transição', 'economia', 'verde', 'sustentável', '.', 'investimentos', 'vão', 'gerar', 'emprego', 'salário', 'principalmente', 'vão', 'ajudar', 'combater', 'crise', 'climática', '”', 'afirmou', 'Mercadante', '.', 'Leia', 'gov.br/mma', '.', 'Ricardo', 'Stuckert', '|', 'PR']",['mmeioambiente'],['politica'],['financeiro'],['sim']
"['abertas', '5', 'abril', 'inscrições', 'nova', 'turma', 'curso', 'Gestão', 'Qualidade', 'Ar', '.', 'aulas', 'on-line', 'gratuitas', '.', 'Alunas', 'alunos', 'podem', 'fazer', 'atividades', 'próprio', 'ritmo', '.', '18', 'aulas', 'divididas', 'quatro', 'módulos', 'carga', 'horária', '30h', '.', 'prazo', 'conclusão', '5', 'julho', '2024', '.', 'Inscrição', 'informações', 'https', ':', '//ead.mma.gov.br/mod/page/view.php', '?', 'id=10331', 'link', 'stories', 'descrição', 'perfil', '.']",['mmeioambiente'],['informativo'],['clima'],['sim']
"['governo', 'federal', 'propôs', 'governadores', 'Cerrado', 'pacto', 'alto', 'nível', 'combater', 'desmatamento', 'bioma', '.', 'reunião', 'quarta-feira', '(', '27/3', ')', 'Palácio', 'Planalto', 'comandada', 'ministro', 'Rui', 'Costa', '(', '@', 'casacivilbr', ')', 'ministra', 'Marina', 'Silva', '.', 'plano', 'ação', 'inclui', 'definição', 'lista', 'municípios', 'prioritários', 'ações', 'controle', 'fiscalização', '.', 'Estima-se', '52', '1.427', 'municípios', '(', '3', '6', '%', ')', 'concentrem', 'metade', 'desmatamento', 'Cerrado', '2023/24', '.', 'Diferentemente', 'Amazônia', 'onde', 'Código', 'Florestal', 'protege', '80', '%', 'área', 'cobertura', 'vegetal', 'nativa', 'propriedades', 'privadas', 'Cerrado', 'proteção', '20', '%', '.', 'Cerrado', 'dentro', 'Amazônia', 'Legal', '35', '%', '.', '“', 'Amazônia', 'governo', 'federal', 'poder', 'ação', 'maior', '.', 'Cerrado', 'Estados', 'têm', 'maior', 'poder', 'ação', '.', 'não', 'impede', 'ação', 'conjunta', '”', 'afirmou', 'Marina', 'entrevista', 'coletiva', '.', 'desmate', 'ocorre', 'principalmente', 'Estados', 'Maranhão', 'Tocantins', 'Piauí', 'Bahia', 'área', 'conhecida', 'Matopiba', '.', 'média', 'estima-se', 'aproximadamente', '47', '%', 'desmatamento', 'região', 'têm', 'autorização', 'Estados', '.', 'Cerca', '65', '%', 'desmatamento', 'ocorrido', '2019', '2023', 'Bahia', 'autorizado', '.', 'Tocantins', 'taxa', '64', '%', '.', 'Maranhão', 'Piauí', 'percentuais', '34', '%', '20', '%', 'respectivamente', '.', 'Quase', '95', '%', 'desmatamento', 'recente', 'Estados', 'Matopiba', 'ocorre', 'imóveis', 'Cadastro', 'Ambiental', 'Rural', '(', 'CAR', ')', '.', 'entanto', 'Bahia', 'Piauí', 'não', 'registraram', 'validação', 'CAR', 'sistema', 'federal', 'Tocantins', 'registrou', 'apenas', '0', '53', '%', 'CAR', 'analisado', '.', 'Maranhão', 'informou', 'análise', '32', '5', '%', 'cadastros', '1', '1', '%', 'validado', '.', 'Acompanharam', 'reunião', 'ministras', 'Luciana', 'Santos', '(', '@', 'mcti', ')', 'Simone', 'Tebet', '(', '@', 'planejamentoeorcamento', ')', 'ministro', 'Carlos', 'Fávaro', '(', '@', 'mapa_brasil', ')', '.', 'governadores', 'MT', 'MS', 'GO', 'MG', 'TO', 'MA', 'vice-governadora', 'DF', 'secretário', 'Meio', 'Ambiente', 'BA', 'participaram', 'encontro', '.', 'Leia', 'gov.br/mma']",['mmeioambiente'],['politica'],['desmatamento'],['sim']
"['``', 'presidente', 'Macron', 'pôde', 'constatar', 'pessoalmente', 'compromisso', 'meio', 'ambiente', 'não', 'retórico', '.', 'último', 'ano', 'reduzimos', 'desmatamento', 'ilegal', 'Amazônia', '50', '%', 'compromisso', 'zerá-lo', '2030', ""''"", 'discursou', 'presidente', 'Lula', 'ato', 'presidente', 'França', 'Emmanuel', 'Macron', '.']",['mmeioambiente'],['politica'],['desmatamento'],['sim']
"['5', '4', 'bilhões', 'bioeconomia', 'Amazônia', '.', 'presidentes', 'Brasil', 'Luiz', 'Inácio', 'Lula', 'Silva', 'França', 'Emmanuel', 'Macron', 'anunciaram', 'nesta', 'terça-feira', '(', '26/3', ')', 'programa', 'investimentos', '1', 'bilhão', 'euros', '(', 'cerca', 'R', '$', '5', '4', 'bilhões', ')', 'bioeconomia', 'Amazônia', 'brasileira', 'Guiana', 'Francesa', '.', 'encontro', 'cidade', 'Belém', '(', 'PA', ')', 'presidentes', 'lançaram', 'declarações', 'sobre', 'combate', 'mudança', 'clima', 'proteção', 'florestas', '.', 'Lula', 'Macron', 'assinaram', 'dois', 'documentos', 'relacionados', 'área', 'ambiental', ':', '``', 'Plano', 'ação', 'sobre', 'bioeconomia', 'proteção', 'florestas', 'tropicais', ""''"", '``', 'Chamado', 'Brasil-França', 'ambição', 'climática', 'Paris', 'Belém', 'além', ""''"", '.', 'declarações', 'disponíveis', 'aqui', '.', 'Previsto', 'plano', 'ação', 'programa', 'investimentos', 'objetivo', 'arrecadar', '1', 'bilhão', 'euros', 'recursos', 'públicos', 'privados', 'bioeconomia', 'região', 'próximos', 'quatro', 'anos', '.', 'iniciativa', 'incluirá', 'parceria', 'técnica', 'financeira', 'bancos', 'públicos', 'brasileiros', 'BNDES', 'Banco', 'Desenvolvimento', 'Amazônia', 'Agência', 'Francesa', 'Desenvolvimento', '.', 'ministra', 'Marina', 'Silva', 'acompanhou', 'comitiva', 'Pará', '.', 'Veja', 'gov.br/mma', '(', 'link', 'stories', ')', 'Audiovisual/PR']",['mmeioambiente'],['politica'],['financeiro'],['sim']
"['``', 'compromisso', '2030', 'chegar', 'desmatamento', 'zero', 'Amazônia', '.', 'Não', 'ninguém', 'pediu', 'nenhuma', 'convenção', '.', 'decidimos', 'vamos', 'levar', 'luta', 'contra', 'desmatamento', 'profissão', 'fé', '.', ""''"", '-', 'Presidente', 'Lula', 'Ricardo', 'Stuckert']",['mmeioambiente'],['politica'],['desmatamento'],['sim']
"['dezembro', '2023', 'novembro', '2024', 'Brasil', 'preside', 'Grupo', 'Vinte', '(', '@', 'g20org', ')', 'reúne', 'maiores', 'economias', 'planeta', 'principal', 'fórum', 'discussão', 'econômica', 'internacional', '.', 'G20', 'duas', 'frentes', 'trabalho', ':', 'primeira', 'discute', 'assuntos', 'econômicos', 'estratégicos', 'liderança', 'ministros', 'Finanças', 'presidentes', 'Bancos', 'Centrais', 'países-membros', '.', 'segunda', 'frente', 'discute', 'temas', 'diversos', 'agricultura', 'comércio', 'cultura', 'desenvolvimento', 'mudança', 'clima', 'saúde', 'meio', 'ambiente', '.', '15', 'grupos', 'trabalho', '(', 'GT', ')', 'duas', 'forças-tarefa', 'iniciativa', '.', 'MMA', 'co-coordena', '3', 'destes', 'grupos', ':', 'Iniciativa', 'Bioeconomia', 'Força-Tarefa', 'Mobilização', 'Global', 'contra', 'Mudança', 'Clima', 'GT', 'Sustentabilidade', 'Ambiental', 'Climática', '.', 'reuniões', 'longo', '2024', 'vão', 'subsidiar', 'debates', 'Cúpula', 'G20', 'reúne', '18', '19', 'novembro', '2024', 'Rio', 'Janeiro', '.', 'informações', 'gov.br/mma/g20', '.']",['mmeioambiente'],['politica'],['outros'],['sim']
"['Brasil', ',', 'Azerbaijão', 'Emirados', 'Árabes', 'Unidos', 'apresentaram', 'semana', 'passada', 'planos', 'objetivos', 'troika', 'implementar', 'Missão', '1,5ºC', 'aumentar', 'cooperação', 'presidências', 'conferências', 'clima', 'ONU', '.', 'compromisso', 'reafirmado', 'durante', 'reunião', 'Copenhague', ',', 'Dinamarca', ',', 'iniciou', 'processo', 'diálogo', 'COP29', '.', 'cúpula', 'clima', 'deste', 'ano', 'realizada', 'capital', 'Azerbaijão', ',', 'Baku', ',', 'novembro', ';', 'Emirados', 'Árabes', 'Unidos', 'realizaram', 'COP28', ',', 'Dubai', ',', 'fim', 'ano', 'passado', ';', 'Brasil', 'sediará', 'COP30', ',', '2025', ',', 'cidade', 'Belém', '(', 'PA', ')', '.', 'três', 'países', 'divulgaram', 'carta', 'durante', 'Conferência', 'Ministerial', 'sobre', 'Clima', 'Copenhague', ',', 'quinta', 'sexta-feira', '(', '21', '22/3', ')', ',', 'reuniu', 'cerca', '40', 'ministros', 'negociadores', 'climáticos', 'debater', 'implementação', 'resultados', 'COP28', 'iniciar', 'diálogo', 'COP29', '.', 'Brasil', 'representado', 'secretária', 'nacional', 'Mudança', 'Clima', 'MMA', ',', 'Ana', 'Toni', ',', 'embaixador', 'André', 'Corrêa', 'Lago', ',', 'secretário', 'Clima', ',', 'Energia', 'Meio', 'Ambiente', '@', 'Itamaratygovbr', '.', 'Segundo', 'carta', ',', 'objetivos', 'troika', 'incluirão', 'implementação', 'Consenso', 'Dubai', ',', 'acordo', 'histórico', 'COP28', '.', 'grupo', 'trabalhará', 'garantir', 'novas', 'metas', 'climáticas', ',', 'devem', 'apresentadas', '2025', ',', 'alinhadas', 'objetivo', 'manter', 'aquecimento', 'global', '1,5ºC', '2100', '.', 'parceria', 'buscará', 'incentivar', 'ambição', 'não', 'apenas', 'metas', 'climáticas', ',', 'planos', 'meios', 'implementação', ',', 'permitindo', 'compromissos', 'robustos', 'contribuam', 'desenvolvimento', 'sustentável', '.', 'Defende', 'ainda', 'países', 'desenvolvidos', 'reforcem', 'financiamento', 'climático', 'transição', 'nações', 'desenvolvimento', '.', 'criação', 'troika', 'inovação', 'prevista', 'Balanço', 'Global', ',', 'inventário', 'avanços', 'lacunas', 'desde', 'aprovação', 'Acordo', 'Paris', ',', '2015', ',', 'caminhos', 'conter', 'aquecimento', 'planeta', '.', 'Brasil', ',', 'Azerbaijão', 'Emirados', 'Árabes', 'Unidos', 'atuarão', 'ainda', 'fóruns', 'internacionais', 'G20', ',', 'sob', 'presidência', 'brasileira', 'neste', 'ano', ',', 'canalizar', 'conhecimentos', 'recursos', 'facilitem', 'implementação', 'Missão', '1,5ºC', '.']",['mmeioambiente'],['politica'],['clima'],['sim']
"['Dia', 'Mundial', 'Água', ':', 'conheça', 'Aquífero', 'Guarani', ',', 'maiores', 'mundo', 'presente', '8', 'estados', 'brasileiros', '.', '1,2', 'milhão', 'km²', 'Brasil', ',', 'Uruguai', ',', 'Argentina', 'Paraguai', ',', 'aquífero', 'alcança', 'profundidade', '1,5', 'quilômetro', ',', 'confinado', 'solos', 'impermeáveis', 'grande', 'parte', 'distribuição', '.', '4', 'países', 'cooperam', 'boa', 'gestão', 'recursos', 'uso', 'equitativo', 'água', 'Guarani', ',', 'garantindo', 'disponibilidade', 'próximas', 'gerações', '.']",['mmeioambiente'],['informativo'],['fluvial'],['sim']
"['Reflorestamento', 'Caatinga', 'Projeto', 'GEF', 'Terrestre', 'apoia', 'iniciativas', 'recuperação', 'biodiverso', 'biomas', 'clima', 'semiárido', 'mundo', '.', 'ações', 'reflorestamento', 'executadas', 'Caatinga', 'ajudam', 'fortalecer', 'redes', 'locais', 'restauração', 'forte', 'participação', 'social', 'protagonismo', 'feminino', '.', 'Além', 'recuperar', '800', 'hectares', 'bioma', 'exclusivamente', 'brasileiro', 'beneficiar', 'espécies', 'ararinha-azul', ',', 'resultados', 'vão', 'ajudar', 'definir', 'áreas', 'prioritárias', 'ações', 'futuras', 'criar', 'protocolos', 'monitoramento', 'poderão', 'auxiliar', 'produtores', 'rurais', 'regularização', 'ambiental', 'propriedades', '.', 'ações', ',', 'projetos', 'apoiados', 'contribuem', 'política', 'recuperação', 'vegetação', 'nativa', 'dão', 'subsídios', 'revisão', 'principal', 'instrumento', ',', 'Plano', 'Nacional', 'Recuperação', 'Vegetação', 'Nativa', '(', 'PLANAVEG', ')', ',', 'coordenado', 'MMA', '.', 'revisão', 'PLANAVEG', 'ampla', 'mobilização', 'social', 'Comissão', 'Nacional', 'Recuperação', 'Vegetação', 'Nativa', '(', 'CONAVEG', ')', ',', 'presidida', 'MMA', 'participação', 'diversos', 'ministérios', '.', '60', 'atores', 'governamentais', 'não-governamentais', 'contribuem', 'três', 'eixos', 'prioritários', ':', 'economia', 'recuperação', 'vegetação', ';', 'inteligência', 'espacial', 'monitoramento', ';', 'arranjos', 'implementação', '.', 'resultado', 'desta', 'frente', 'ampla', 'construção', 'engajamento', 'lançado', 'consulta', 'pública', 'julho', 'deste', 'ano', '.', 'Projeto', 'GEF', 'Terrestre', ',', 'Estratégias', 'Conservação', ',', 'Restauração', 'Manejo', 'Biodiversidade', 'Caatinga', ',', 'Pampa', 'Pantanal', ',', 'projeto', 'governo', 'brasileiro', 'coordenado', 'Ministério', 'Meio', 'Ambiente', 'Mudança', 'Clima', '(', 'MMA', ')', ',', 'tendo', 'agência', 'implementadora', 'Banco', 'Interamericano', 'Desenvolvimento', '–', '@', 'el_bid', 'agência', 'executora', 'Fundo', 'Brasileiro', 'Biodiversidade', '–', '@', 'funbio_brasil', '.']",['mmeioambiente'],['campanha'],['biomas'],['sim']
"['presidente', 'Lula', 'assinou', ',', 'junto', 'Ministra', 'Marina', 'Silva', ',', 'Sonia', 'Guajajara', 'demais', 'ministros', ',', 'decretos', 'importantes', 'neste', 'Dia', 'Internacional', 'Florestas', '.', 'Dentre', 'atos', 'criação', 'duas', 'unidades', 'conservação', ',', 'Reserva', 'Extrativista', 'Filhos', 'Mangue', 'Reserva', 'Extrativista', 'Viriandeua', ',', 'ambas', 'Pará', ',', 'vão', 'beneficiar', 'cerca', '7', 'mil', 'famílias', 'marisqueiras', 'pescadoras', 'região', ',', 'além', 'retomada', 'Comissão', 'Gestão', 'Florestas', 'Públicas', '.', 'Siga', '@', 'presidenciadobrasil', 'Audiovisual/PR', '#', 'meioambiente', '#', 'florestaamazonica']",['mmeioambiente'],['politica'],['meio-ambiente'],['sim']
"['Duas', 'novas', 'UCs', 'Dia', 'Internacional', 'Florestas', '!', 'presidente', 'Lula', 'assinou', 'nesta', 'quinta-feira', '(', '21/3', ')', 'decretos', 'criação', 'duas', 'Unidades', 'Conservação', 'federais', 'Estado', 'Pará', ':', 'Resex', 'Filhos', 'Mangue', ',', '40.537', 'hectares', 'cerca', '4', 'mil', 'famílias', ',', 'localizada', 'municípios', 'Primavera', 'Quatipuru', ';', 'Resex', 'Viriandeua', ',', '34.191', 'ha', 'cerca', '3.100', 'famílias', ',', 'localizada', 'municípios', 'Salinópolis', 'João', 'Pirabas', '.', 'duas', 'reservas', 'região', 'Salgado', 'Paraense', ',', 'reúne', 'maiores', 'porções', 'protegidas', 'manguezais', 'país', 'dentro', 'maior', 'conservada', 'faixa', 'contínua', 'mangues', 'planeta', ',', 'costa', 'Estados', 'Amapá', ',', 'Pará', 'Maranhão', '.', 'área', 'prioritária', 'conservação', 'aves', 'migratórias', ',', 'baías', ',', 'rios', ',', 'estuários', 'grande', 'biodiversidade', ',', 'abriga', 'menos', '40', 'espécies', 'ameaçadas', 'extinção', '.', 'habitat', 'espécies', 'importantes', 'cultura', 'alimentação', 'local', ',', 'caranguejo-uçá', ',', 'mexilhão', ',', 'turu', ',', 'ostra', 'camarão', 'branco', '.', 'reservas', 'vão', 'permitir', 'manejo', 'base', 'comunitária', 'recursos', 'manguezais', ',', 'garantindo', 'cultura', 'segurança', 'alimentar', 'extrativistas', '.', 'criação', 'duas', 'Resex', 'Pará', ',', 'juntamente', 'ampliação', 'Resex', 'Chocoaré-Mato', 'Grosso', ',', '2023', ',', 'integra', 'rede', 'proteção', 'manguezais', 'comunidades', 'tradicionais', 'costeiras', 'amazônica', '.', 'planos', 'manejo', 'conselhos', 'deliberativos', 'gestão', 'participativa', 'comunidades', 'ICMBio', ',', 'apoio', 'universidades', 'outras', 'instituições', '.', '2023', ',', 'governo', 'federal', 'havia', 'criado', '277', 'mil', 'hectares', 'UCs', '.', 'Parque', 'Nacional', 'Serra', 'Teixeira', '(', 'PB', ')', 'Floresta', 'Nacional', 'Parima', '(', 'RR', ')', 'têm', ',', 'respectivamente', ',', '61', 'mil', '109', 'mil', 'ha', '.', 'ampliadas', 'Estação', 'Ecológica', 'Maracá', '(', 'RR', ')', 'Parque', 'Nacional', 'Viruá', '(', 'RR', ')', ',', 'ganharam', 'respectivamente', '50,7', 'mil', '54', 'mil', 'ha', ',', 'Reserva', 'Extrativista', 'Chocoaré-Mato', 'Grosso', '(', 'PA', ')', ',', '1,8', 'mil', 'ha', '.', 'demarcados', 'ano', 'passado', '818', 'mil', 'ha', 'novas', 'Terras', 'Indígenas', ':', 'Arara', 'Rio', 'Amônia', '(', 'AC', ')', ',', 'Kariri-Xocó', '(', 'AL', ')', ',', 'Rio', 'Índios', '(', 'RS', ')', ',', 'Tremembé', 'Barra', 'Mundaú', '(', 'CE', ')', ',', 'Avá-Canoeiro', '(', 'GO', ')', ',', 'Uneiuxi', '(', 'AM', ')', ',', 'Acapuri', 'Cima', '(', 'AM', ')', 'Rio', 'Gregório', '(', 'AC', ')', '.', 'informações', 'gov.br/mma', 'Cláudio', 'Kabene/PR']",['mmeioambiente'],['politica'],['outros'],['sim']
"['21', 'março', ',', 'Dia', 'Internacional', 'Florestas', '.', 'retomada', 'política', 'ambiental', 'intensificação', 'ações', 'comando', 'controle', 'proteção', 'florestas', 'prioridades', 'governo', 'federal', '.', 'área', 'sob', 'alertas', 'desmatamento', 'Amazônia', 'caiu', '50', '%', '2023', 'relação', 'período', '2022', ',', 'segundo', 'dados', 'sistema', 'Deter', ',', 'Inpe', '.', 'redução', 'desmatamento', 'evitou', 'lançamento', 'atmosfera', 'cerca', '250', 'milhões', 'toneladas', 'gás', 'carbônico', 'equivalente', '.', 'Quase', 'metade', 'emissões', 'brasileiras', 'vem', 'destruição', 'vegetação', 'nativa', '.', 'Planos', 'Ação', 'Prevenção', 'Controle', 'Desmatamento', 'Amazônia', '(', 'PPCDAm', ')', 'Cerrado', '(', 'PPCerrado', ')', 'relançados', 'reforçam', 'compromisso', 'desmatamento', 'zero', 'todos', 'biomas', '2030', '.', 'retomada', 'resultado', 'fortalecimento', 'instituições', 'dedicação', 'servidoras', 'servidores', 'MMA', ',', 'Ibama', ',', 'ICMBio', ',', 'SFB', ',', 'JBRJ', 'diversos', 'órgãos', 'governo', 'federal', '.', '#', 'MMA', '#', 'meioambiente', '#', 'desmatamento', '#', 'amazonia']",['mmeioambiente'],['informativo'],['meio-ambiente'],['sim']
"['Brasil', 'enfrenta', 'eventos', 'climáticos', 'extremos', 'cada', 'vez', 'frequentes', '.', 'Plano', 'Clima', 'Adaptação', 'reúne', 'ministérios', 'órgãos', 'federais', 'desenvolver', 'políticas', 'públicas', 'objetivo', 'reduzir', 'riscos', 'climáticos', 'país', '.', 'Nesta', 'semana', 'realizada', 'Brasília', 'oficina', 'Federalismo', 'Climático', ',', 'reuniu', 'representantes', 'estados', 'municípios', 'debater', 'necessidades', 'locais', ',', 'identificar', 'prioridades', 'subsidiar', 'ação', 'governo', 'federal', ',', 'outros', 'objetivos', '.', 'informações', 'gov.br/mma', '.', '#', 'MMA', '#', 'meioambiente', '#', 'planoclima', '#', 'mudancadoclima', '#', 'sustentabilidade']",['mmeioambiente'],['informativo'],['clima'],['não']
"['Novo', 'Fundo', 'Clima', 'aprova', 'aplicação', 'R', '$', '10', 'bi', '.', 'primeira', 'reunião', 'Comitê', 'Gestor', 'Fundo', 'Clima', '2024', 'aprovou', 'plano', 'anual', 'aplicação', 'recursos', 'uso', 'reembolsável', 'R', '$', '10,4', 'bilhões', '.', 'recursos', 'financiarão', 'projetos', 'setor', 'público', ',', 'empresas', 'privadas', 'terceiro', 'setor', 'seis', 'áreas', 'prioritárias', ':', 'Desenvolvimento', 'Urbano', 'Resiliente', 'Sustentável', 'Indústria', 'Verde', 'Transição', 'Energética', 'Florestas', 'Nativas', 'Recursos', 'Hídricos', 'Serviços', 'Inovação', 'Verdes', 'Logística', 'Transporte', ',', 'Transporte', 'Coletivo', 'Mobilidade', 'Verde', 'Parte', 'recursos', 'captada', 'ano', 'passado', 'emissão', 'primeiros', 'títulos', 'soberanos', 'sustentáveis', ',', 'títulos', 'dívida', 'externa', 'critérios', 'sustentáveis', '.', '“', 'maior', 'volume', 'recursos', 'aplicados', 'Fundo', 'Clima', '.', 'aumentando', 'duas', 'dezenas', 'vezes', 'volume', 'hoje', 'aplicado', ',', 'anualmente', ',', 'governo', 'federal', 'área', 'enfrentamento', 'emergência', 'climática', '”', ',', 'ressaltou', 'secretário-executivo', 'MMA', ',', 'João', 'Paulo', 'Capobianco', '.', 'Criado', '2009', ',', 'Fundo', 'Clima', 'retomado', 'reformulado', '2023', 'após', 'quatro', 'anos', 'virtual', 'paralisação', '.', 'iniciativa', 'disponibiliza', 'recursos', 'duas', 'modalidades', ':', 'reembolsável', ',', 'gerida', 'BNDES', ',', 'não-reembolsável', ',', 'operada', 'MMA', '.', 'Fundo', 'torna', 'principais', 'instrumentos', 'financiamento', 'transformação', 'economia', 'brasileira', 'bases', 'sustentáveis', '.', 'taxas', 'financiamento', 'variam', '1', '%', 'ano', '(', 'florestas', 'nativas', 'recursos', 'hídricos', ')', '8', '%', '(', 'geração', 'energia', 'solar', 'eólica', ')', ',', 'conforme', 'definido', 'Conselho', 'Monetário', 'Nacional', ',', 'taxa', 'agente', 'financeiro', 'spread', 'risco', 'projeto', '.', 'reunião', 'desta', 'quarta-feira', 'aprovou', 'prestação', 'contas', 'operações', 'realizadas', '2023', '.', '27', 'operações', 'contratadas', ',', 'recursos', 'R', '$', '733', 'milhões', '.', 'projetos', 'R', '$', '1', 'bilhão', 'outras', 'fontes', '@', 'bndesgovbr', ',', 'aprovação', 'total', 'R', '$', '1,7', 'bilhão', '.', 'informações', 'gov.br/mma', '.']",['mmeioambiente'],['politica'],['financeiro'],['sim']
"['6ª', 'reunião', 'Assembleia', 'ONU', 'Meio', 'Ambiente', '(', 'Unea-6', ')', 'aprovou', 'série', 'medidas', 'reforçam', 'cooperação', 'multilateral', 'combate', 'mudança', 'clima', 'conservação', 'ambiental', '.', 'Representantes', '190', 'países', 'participaram', 'discussões', 'Nairóbi', ',', 'Quênia', ',', '26', 'fevereiro', '1', 'março', '.', 'delegação', 'brasileira', 'chefiada', 'secretário-executivo', 'MMA', ',', 'João', 'Paulo', 'Capobianco', ',', 'destacou', 'prioridade', 'agenda', 'socioambiental', 'climática', 'governo', 'federal', 'presidência', 'brasileira', 'G20', '.', 'debates', 'fóruns', 'Unea', 'G20', ',', 'afirmou', 'Capobianco', ',', 'ajudarão', 'país', 'construção', 'COP30', ',', 'conferência', 'clima', 'ONU', ',', 'realizada', 'Belém', '(', 'PA', ')', '2025', '.', 'criam', 'oportunidades', 'maior', 'integração', 'agendas', 'COPs', 'biodiversidade', ',', 'clima', 'combate', 'desertificação', '.', 'três', 'convenções', 'nascidas', 'Rio-92', 'reúnem-se', 'ano', 'Colômbia', ',', 'outubro', ';', 'Azerbaijão', ',', 'novembro', ';', 'Arábia', 'Saudita', ',', 'dezembro', '.', 'Brasil', 'copatrocinou', 'duas', 'resoluções', 'aprovadas', 'Unea', ',', 'promover', 'indústria', 'cana-de-açúcar', 'resiliente', ',', 'sustentável', 'menos', 'emissões', 'carbono', ',', 'qualidade', 'ar', '.', 'medida', 'encoraja', 'desenvolvimento', 'programas', 'nacionais', ',', 'criação', 'padrões', 'qualidade', 'mobilização', 'recursos', 'públicos', 'privados', 'combate', 'poluição', 'ar', ',', 'outras', 'medidas', '.', 'secretário', 'Meio', 'Ambiente', 'Urbano', 'Qualidade', 'Ambiental', 'MMA', ',', 'Adalberto', 'Maluf', ',', 'participou', 'reuniões', 'Nairóbi', ',', 'ressaltou', 'resolução', 'qualidade', 'ar', 'patrocinada', 'Brasil', 'traz', 'mecanismos', 'cooperação', 'internacional', ',', 'recursos', 'ampliar', 'rede', 'monitoramento', 'ações', 'redução', 'poluição', '.', '15', 'resoluções', 'consensos', 'sobre', 'gestão', 'metais', 'recursos', 'minerais', ',', 'químicos', 'resíduos', '.', 'decisões', 'sobre', 'temas', 'relacionados', 'assistência', 'ambiental', 'recuperação', 'áreas', 'impactadas', 'conflitos', 'armados', ',', 'gestão', 'recursos', 'hídricos', ',', 'recuperação', 'áreas', 'degradadas', 'combate', 'desertificação', '.', 'próxima', 'reunião', 'Assembleia', 'Meio', 'Ambiente', 'ONU', 'prevista', 'dezembro', '2025', ',', 'sob', 'presidência', 'Omã', '.', 'informações', 'gov.br/mma', '.']",['mmeioambiente'],['informativo'],['clima'],['sim']
"['14', 'março', ',', 'Dia', 'Nacional', 'Animais', '.', 'MMA', ',', '@', 'icmbio', '@', 'ibamagov', 'realizam', 'ações', 'acolhimento', 'destinação', 'animais', 'resgatados', ',', 'apreendidos', 'entregues', ',', 'fiscalizam', 'crimes', 'contra', 'fauna', 'elaboram', 'Planos', 'Ação', 'proteger', 'espécies', 'ameaçadas', 'extinção', '.', 'Cerca', '84', '%', '1.254', 'espécies', 'fauna', 'ameaçadas', 'extinção', 'Brasil', 'têm', 'ações', 'proteção', '.', '2023', 'destinados', 'recursos', 'castração', 'cães', 'gatos', ',', 'gera', 'benefícios', 'animais', 'domésticos', ',', 'fauna', 'silvestre', 'saúde', 'pública', '.', 'conjunto', 'outros', 'órgãos', ',', 'MMA', 'prepara', ',', '2024', ',', 'políticas', 'atendimento', 'animais', 'vítimas', 'desastres', ',', 'combate', 'crimes', 'contra', 'fauna', 'cadastramento', 'manejo', 'populacional', 'ético', 'cães', 'gatos', '.', '#', 'MMA', '#', 'meioambiente', '#', 'animal', '#', 'fauna']",['mmeioambiente'],['informativo'],['fauna'],['sim']
