['Legenda'],['Perfil'],['Tipo'],['Assunto']
"['DEU', 'M√çDIA', '|', 'jornal', 'Reda√ß√£o', 'informa', 'Semad', 'frente', 'oficina', 'dedicada', 'elabora√ß√£o', 'plano', 'manejo', 'Parque', 'Estadual', 'Araguaia', '.', 'oficina', 'acontece', 'sexta-feira', '(', '1¬∫', ')', 're√∫ne', 'representantes', 'poder', 'p√∫blico', 'municipal', '.', '‚Äú', 'partir', 'dessa', 'constru√ß√£o', 'inicial', 'plano', 'manejo', 'vamos', 'abrir', 'per√≠odo', 'discuss√µes', 'sobre', 'documento', 'chegar', 'denominador', 'comum', 'sociedade', '‚Äù', 'disse', 'chefe', 'interino', 'Parque', 'Estadual', 'Araguaia', 'Caio', 'Sousa', '.', 'Neste', 'momento', 'Semad', 'realiza', 'discuss√µes', 'representantes', 'setor', 'pesqueiro', 'turismo', 'poder', 'p√∫blico', 'federal', 'estadual', 'municipal', '.', 'oficina', 'ocorre', 'distrito', 'Luiz', 'Alves', 'Miguel', 'Araguaia', '.', 'PEA', 'unidade', 'conserva√ß√£o', 'situada', '√°rea', 'transi√ß√£o', 'Cerrado', 'Floresta', 'Amaz√¥nica', 'alta', 'diversidade', 'biol√≥gica', '.', 'UC', 'situa', 'bacia', 'hidrogr√°fica', 'Araguaia', '√°rea', 'per√≠odo', 'chuvoso', 'alag√°vel', '.', 'parque', 'grandes', 'quantidades', 'aves', 'residentes', 'migrat√≥rias', 'al√©m', 'outros', 'representantes', 'fauna', 'brasileira', 'amea√ßados', 'extin√ß√£o', '.']",['semadgoias'],['informativo'],['outros']
"['parou', 'pensar', 'import√¢ncia', '√°gua', 'vida', '?', 'Semin√°rio', 'Internacional', 'estar√£o', 'presentes', '22', 'pa√≠ses', 'diversos', 'estados', 'Brasil', 'possibilitando', 'encontros', 't√©cnicos', 'gestores', 'tomadores', 'decis√£o', 'promover√£o', 'trocas', 'experi√™ncias', 'di√°logos', 'sobre', 'desafios', 'oportunidades', 'solu√ß√µes', 'poss√≠veis', 'gerenciamento', 'integrado', 'recursos', 'h√≠dricos', 'foco', 'desenvolvimento', 'sustent√°vel', 'melhoria', 'indicadores', 'socioecon√¥micos', 'bacias', 'hidrogr√°ficas', 'aqu√≠feros', 'transfronteiri√ßos', '.']",['semadgoias'],['informativo'],['sustentabilidade']
"['Embora', 'calor', 'deva', 'predominar', 'Goi√°s', 'nesta', 'segunda-feira', '(', '4', ')', 'chegada', 'frente', 'fria', 'oriunda', 'Sudeste', 'Brasil', 'pode', 'proporcionar', 'pancadas', 'chuva', 'isoladas', 'regi√£o', 'centro-sul', 'Estado', 'ter√ßa', 'quinta', '.', 'prev√™', 'Centro', 'Informa√ß√µes', 'Metereol√≥gicas', 'Secretaria', 'Meio', 'Ambiente', 'Desenvolvimento', 'Sustent√°vel', 'Goi√°s', '(', 'Semad', ')', '.', 'Goi√¢nia', 'term√¥metros', 'podem', 'chegar', '33¬∫C', 'nesta', 'segunda', 'umidade', 'ar', 'variando', '35', '%', '85', '%', '.', 'tend√™ncia', 'temperaturas', 'elevadas', 'todo', 'Estado', '.', 'm√°ximas', '37¬∫C', 'regi√µes', 'Oeste', 'Norte', '35¬∫C', 'Leste', 'Sudoeste', 'Central', '34¬∫C', 'Sul', 'goiano', '.', 'passagem', 'frente', 'fria', 'sol', 'volta', 'predominar', 'sexta', 's√°bado', 'territ√≥rio', 'inteiro', '.', 'Confira', 'previs√£o', 'Semad', 'tempo', 'alguns', 'munic√≠pios', 'nesta', 'segunda', ':', 'Porangatu', ':', '21¬∫C/36¬∫C', 'Catal√£o', ':', '19¬∫C/32¬∫C', 'Jata√≠', ':', '19¬∫C/33¬∫C', 'Rio', 'Verde', ':', '20¬∫C/33¬∫C', 'Luzi√¢nia', ':', '19¬∫C/32¬∫C', 'An√°polis', ':', '19¬∫C/30¬∫C', 'Goi√¢nia', ':', '19¬∫C/33¬∫C', 'Itumbiara', ':', '19¬∫C/34¬∫C', 'Tr√™s', 'Ranchos', ':', '19¬∫C/31¬∫C', 'Formosa', ':', '19¬∫C/31¬∫C', 'Cristalina', ':', '18¬∫C/30¬∫C', 'Santa', 'Helena', ':', '20¬∫C/34¬∫C', 'Ceres', ':', '20¬∫C/35¬∫C', 'Goian√©sia', ':', '20¬∫C/35¬∫C', 'Ipor√°', ':', '20¬∫C/34¬∫C', 'Aruan√£', ':', '23¬∫/37¬∫C']",['semadgoias'],['informativo'],['clima']
"['Semana', 'feriado', 'quinta', 'gente', 'come√ßa', '?', 'show', 'cachoeira', 'claro', '!', 'Cachoeira', 'Alm√©cegas', 'atrativos', 'sensacional', 'Parque', 'Estadual', '√Åguas', 'Para√≠so', '(', 'Peap', ')', '24', 'unidades', 'conserva√ß√£o', 'Semad', '.', 'T√°', 'lugar', 'pra', 'ir', 'feriado', '?', 'Marca', 'algu√©m', 'aqui', 'pra', 'dar', 'olhada', 'nessa', 'dica', '!']",['semadgoias'],['informativo'],['outros']
"['m√™s', 'comemoramos', 'dia', 'Cerrado', 'amanh√£', 'vai', 'grande', 'dia', '!', '!', 'Governador', 'Ronaldo', 'Caiado', 'secret√°ria', 'Andr√©a', 'Vulcanis', 'representantes', 'diversos', 'setores', 'econ√¥micos', 'assinam', 'Pacto', 'Desmatamento', 'Ilegal', 'Zero', '.', 'aqui', 'parceria', 'agro', 'governo', 'estado', 'pauta', 'Desmatamento', 'Ilegal', 'Zero', 'permite', 'crescer', 'ainda', 'forma', 'sustent√°vel', 'sempre', 'respeitando', 'preservando', 'meio', 'ambiente', '.', '@', 'andrea_vulcanis', '@', 'ronaldocaiado', '@', 'governodegoias']",['semadgoias'],['politica'],['desmatamento']
"['Ter√ßa-feira', '05', 'setembro', '2023', 'dia', 'hist√≥rico', 'Goi√°s', '.', 'Representantes', 'diversos', 'setores', 'economia', 'assinar√£o', 'documento', 'comprometem', 'lado', 'governo', 'somar', 'esfor√ßos', 'acabar', 'desmatamento', 'ilegal', '2030', '.', 'pacto', 'mostra', 'amadurecemos', 'busca', 'modelo', 'sustent√°vel', 'resultado', 'aposta', 'di√°logo', '.']",['semadgoias'],['politica'],['desmatamento']
"['planeta', 'clama', 'grande', 'ajuste', 'rota', 'forma', 'usamos', 'recursos', 'naturais', '.', '√Ågua', 'elemento', 'vital', 'tema', 'central', 'Semin√°rio', 'Internacional', '√Åguas', 'Futuro', '.', 'grande', 'encontro', 'reunir√°', 'lideres', 'pol√≠ticos', 'sociais', 't√©cnicos', 'especialistas', 'ambientalistas', 'gestores', 'vindos', 'outros', '22', 'pa√≠ses', 'America', 'Latina', 'Caribe', 'muita', 'gente', 'interessante', 'Brasil', '.', 'encontro', 'promete', 'importante', 'passo', 'cultura', 'prote√ß√£o', 'preserva√ß√£o', 'ambiental', 'grande', 'uni√£o', 'diversos', 'atores', 'prol', 'projetos', 'ideias', 'programas', 'solu√ß√µes', 'gerenciamento', 'integrado', 'recursos', 'h√≠dricos', '.', 'desenvolvimento', 'sustent√°vel', 'melhoria', 'indicadores', 'socioecon√¥micos', 'bacias', 'hidrogr√°ficas', 'aqu√≠feros', 'transfronteiri√ßos', 'meta', 'Futuro', 'a√ß√£o', 'presente', '.', '#', 'goias', '#', 'aguasparaofuturo', '#', 'planeta', '#', 'meioambiente', '#', 'sustentavel', '#', 'encontro', '#', 'embaixadas', '#', 'americas', '#', 'agua', '#', 'rioquente']",['semadgoias'],['informativo'],['sustentabilidade']
"['dia', '29', 'agosto', 'Goi√°s', 'juntou', 'outros', '11', 'estados', 'aderiu', 'Cons√≥rcio', 'Brasil', 'Verde', 'criado', 'lidar', 'efeitos', 'adversos', 'mudan√ßa', 'clima', 'Pa√≠s', '.', 'Trata-se', 'sinaliza√ß√£o', 'Estado', 'd√°', '√¢mbito', 'local', 'internacional', 'comprometidos', 'debater', 'assunto', 'seriedade', 'exige', '.', 'Convidamos', 'gerente', 'Mudan√ßas', 'Clim√°ticas', 'Semad', 'Milvo', 'Gabriel', 'di', 'Domenico', 'responder', 'algumas', 'perguntas', 'sobre', 'cons√≥rcio', '.', '#', 'goias', '#', 'carbono', '#', 'mudancasclimaticas']",['semadgoias'],['informativo'],['clima']
"['governador', 'Ronaldo', 'Caiado', 'representantes', 'setores', 'diversos', 'economia', 'mineral', 'industrial', 'agropecu√°rio', 'assinam', 'nesta', 'ter√ßa-feira', '(', '05/09', ')', 'pacto', 'compromisso', 'zerar', 'desmatamento', 'ilegal', 'Goi√°s', '2030', '.', 'solenidade', 'acontece', 'Pal√°cio', 'Esmeraldas', '14h30', '.', 'Estado', 'vai', 'comprometer', 'promover', 'a√ß√µes', 'educa√ß√£o', 'ambiental', 'aperfei√ßoar', 'Cadastro', 'Ambiental', 'Rural', '(', 'CAR', ')', 'agilizar', 'regulariza√ß√£o', 'propriedades', 'criar', 'incentivos', 'pr√°ticas', 'sustent√°veis', 'fortalecer', 'trabalho', 'fiscaliza√ß√£o', 'manter', 'celeridade', 'an√°lise', 'pedidos', 'licen√ßa', 'ambiental', 'formular', 'programas', 'Pagamento', 'Servi√ßo', 'Ambiental', '(', 'PSA', ')', 'estimular', 'agricultura', 'baixo', 'carbono', '.', 'setores', 'economia', 'subscrever√£o', 'pacto', 'assumir√£o', 'compromisso', 'n√£o', 'realizar', 'desmatamento', 'ilegal', 'respeitar', 'leis', 'meio', 'ambiente', 'preservar', '√Åreas', 'Preserva√ß√£o', 'Permanente', '(', 'APPs', ')', 'reservas', 'legais', 'investir', 't√©cnicas', 'agr√≠colas', 'sustent√°veis', '.']",['semadgoias'],['politica'],['desmatamento']
"['pacto', 'desmatamento', 'ilegal', 'zero', 'envolve', 'setores', 'economia', 'Governo', 'Goi√°s', 'projeta', 'cumprimento', 'integral', 'meta', '2030', '.', 'metas', 'serem', 'cumpridas', 'ano', 'ano', 'mostra', 'post', '.', 'chegar', 'l√°', 'todos', 'envolvidos', 'assumiram', 's√©rie', 'compromissos', '.', 'Estado', 'vai', 'comprometer', 'promover', 'a√ß√µes', 'educa√ß√£o', 'ambiental', 'aperfei√ßoar', 'Cadastro', 'Ambiental', 'Rural', '(', 'CAR', ')', 'agilizar', 'regulariza√ß√£o', 'propriedades', 'criar', 'incentivos', 'pr√°ticas', 'sustent√°veis', 'fortalecer', 'trabalho', 'fiscaliza√ß√£o', 'manter', 'celeridade', 'an√°lise', 'pedidos', 'licen√ßa', 'ambiental', 'formular', 'programas', 'Pagamento', 'Servi√ßo', 'Ambiental', '(', 'PSA', ')', 'estimular', 'agricultura', 'baixo', 'carbono', '.', 'setores', 'economia', 'subscrever√£o', 'pacto', 'assumir√£o', 'compromisso', 'n√£o', 'realizar', 'desmatamento', 'ilegal', 'respeitar', 'leis', 'meio', 'ambiente', 'preservar', '√Åreas', 'Preserva√ß√£o', 'Permanente', '(', 'APPs', ')', 'reservas', 'legais', 'investir', 't√©cnicas', 'agr√≠colas', 'sustent√°veis', '.', '@', 'ronaldocaiado', '@', 'andrea_vulcanis', '@', 'governodegoias']",['semadgoias'],['politica'],['desmatamento']
"['novas', 'tecnologias', 'empenho', 'equipes', 'Goi√°s', 'vem', 'conseguindo', 'reduzir', 'consideravelmente', '√≠ndice', 'desmatamento', 'ilegal', '.', 'assinatura', 'Pacto', 'Desmatamento', 'Ilegal', 'Zero', 'vai', 'acontecer', 'hoje', 'aqui', 'Pal√°cio', 'Esmeraldas', 'esperamos', 'zerar', 'atividade', '2030', '.']",['semadgoias'],['tecnologia'],['desmatamento']
"['momento', 'hist√≥rico', 'representantes', 'governo', 'setor', 'produtivo', 'assinaram', 'nesta', 'ter√ßa-feira', '(', '05/09', ')', 'pacto', 'desmatamento', 'ilegal', 'zero', 'Goi√°s', '.', 'personagens', 'subscreveram', 'documento', 'comprometeram', 'unir', 'esfor√ßos', 'meta', 'atingida', '2030', '.', 'solenidade', 'aconteceu', 'Pal√°cio', 'Esmeraldas', 'conduzida', 'governador', 'Ronaldo', 'Caiado', '.', '``', 'cumprir', 'lei', '.', 'N√£o', 'faremos', 'concess√µes', '.', 'N√£o', 'podemos', 'admitir', 'descumprimento', 'norma', 'legal', '.', 'total', 'parceria', 'entidades', 'setor', 'produtivo', 'dizendo', 'aqui', 'n√£o', 'vamos', 'tolerar', 'nenhum', 'desmatamento', 'n√£o', 'autoriza√ß√£o', 'pr√©via', 'Secretaria', 'Estado', 'Meio', 'Ambiente', 'Desenvolvimento', 'Sustent√°vel', ""''"", 'disse', 'governador', 'Ronaldo', 'Caiado', '.', 'secret√°ria', 'Meio', 'Ambiente', 'Andr√©a', 'Vulcanis', 'afirma', 'Estado', 'setores', 'economia', 'assumiram', 'compromissos', 'importantes', 'viabilizar', 'assinatura', 'pacto', '.', 'iniciativa', 'privada', 'comprometeu', 'n√£o', 'desmatar', 'ilegalmente', 'respeitar', 'limites', 'C√≥digo', 'Florestal', 'enquanto', 'governo', 'vai', 'aperfei√ßoar', 'Cadastro', 'Ambiental', 'Rural', '(', 'CAR', ')', 'manter', 'agilidade', 'regulariza√ß√£o', 'propriedades', 'an√°lise', 'pedidos', 'licen√ßa', 'desenvolver', 'programas', 'pagamento', 'servi√ßo', 'ambiental', 'fortalecer', 'equipes', 'fiscaliza√ß√£o', 'outros', 'pontos', '.', '``', 'pacto', 'insere', 'contexto', 'avan√ßos', 'importantes', '.', 'investimos', 'tecnologia', 'receberemos', 'breve', 'refor√ßo', '98', 'servidores', 'aprovados', 'concurso', 'fim', 'ano', 'todos', 'alertas', 'desmatamento', 'emitidos', 'Goi√°s', 'autua√ß√£o', 'embargo', '.', 'hoje', '75', '%', '.', 'ano', 'passado', '31', 'hectares', 'desmatados', 'licen√ßa', '63', 'mil', 'fiscalizados', 'Semad', ""''"", 'afirma', 'secret√°ria', 'Meio', 'Ambiente', 'Desenvolvimento', 'Sustent√°vel', '.']",['semadgoias'],['politica'],['desmatamento']
"['MUDAN√áAS', 'CLIM√ÅTICAS|', 'Reunindo', 'representantes', 'outros', 'estados', 'brasileiros', 'setor', 'produtivo', '22', 'pa√≠ses', 'governador', 'Ronaldo', 'Caiado', 'lan√ßar√°', 'Estrat√©gia', 'Goi√°s', 'Carbono', 'Neutro', '2050', 'pr√≥xima', 'semana', '.', 'manchete', 'reportagem', 'jornalista', 'Aline', 'Bouhid', 'Jornal', 'Op√ß√£o', 'publicada', '√∫ltima', 'ter√ßa-feira', '(', '6', ')', '.', 'pacto', 'assinado', 'durante', 'programa√ß√£o', 'Semin√°rio', '‚Äú', '√Åguas', 'Futuro', '‚Äù', 'ocorre', 'dias', '10', '13', 'setembro', 'cidade', 'Rio', 'Quente', '.', '``', 'acordo', 'governo', 'estrat√©gia', 'zerar', 'emiss√µes', 'carbono', 'formada', 'tr√™s', 'eixos', ':', 'Territ√≥rio', 'Sustent√°vel', ';', 'Plano', 'A√ß√£o', 'Trajet√≥ria', 'Clim√°tica', 'Fomento', 'Mercado', 'Carbono', ""''"", 'antecipa', 'Aline', '.', 'Curiosos', '?', 'gente', 'espera', 'lan√ßamento', 'Estrat√©gia', 'l√°', 'semin√°rio', '!', '@', 'ronaldocaiado', '@', 'andrea_vulcanis', '@', 'governodegoias', '@', 'milvogabriel', '@', 'bento_jrocha', '@', 'aguasparaofuturo', '@', 'jornalopcao']",['semadgoias'],['politica'],['clima']
"['Di√°rio', 'Oficial', 'Estado', 'publicou', 'edi√ß√£o', 'dia', '06', 'setembro', '2023', 'decreto', 'governador', 'Ronaldo', 'Caiado', 'declara', 'situa√ß√£o', 'emerg√™ncia', 'ambiental', 'Goi√°s', 'raz√£o', 'alta', 'probabilidade', 'ocorr√™ncia', 'inc√™ndios', 'florestais', '.', 'decreto', 'autoriza', '√≥rg√£os', 'integram', 'Comit√™', 'Estadual', 'Gest√£o', 'Inc√™ndios', 'Florestais', 'adotar', 'medidas', 'necess√°rias', 'preven√ß√£o', 'combate', 'inc√™ndios', 'florestais', 'ficam', 'comuns', 'Goi√°s', 'per√≠odo', 'estiagem', '.', 'caso', 'necessidade', 'permite-se', 'adquirir', 'contratar', 'servi√ßos', 'mediante', 'dispensa', 'licita√ß√£o', 'forma', 'lei', 'federal', '8666', ';', 'suspender', 'execu√ß√£o', 'contratos', 'administrativos', 'gere', 'direito', 'rescis√£o', 'contratado', '(', 'termos', 'lei', '8.666', ')', ';', 'autorizar', 'ado√ß√£o', 'medidas', 'contrata√ß√£o', 'prazo', 'indeterminado', 'atendimento', 'necessidade', 'tempor√°ria', 'excepcional', 'interesse', 'p√∫blico', '.', 'decreto', 'governador', 'suspende', 'uso', 'fogo', 'vegeta√ß√£o', 'ressalvados', 'casos', 'autoriza√ß√£o', 'Semad', 'solicita', 'fa√ßam', 'a√ß√µes', 'publicidade', 'conscientizar', 'popula√ß√£o', 'respeito', 'risco', 'adv√©m', 'uso', 'fogo', 'limpeza', 'terreno', 'nessa', '√©poca', 'ano', '.', 'Celeridade', ""''"", 'decreto', 'ajudar√°', 'a√ß√µes', 'emergenciais', '.', 'Muitas', 'vezes', 'enfrentando', 'queimadas', 'necess√°rio', 'adquirir', 'equipamento', '√∫ltima', 'hora', 'contratar', 'exemplo', 'aeronave', 'fazer', 'combate', 'fogo', '.', 'Ent√£o', 'gente', 'deixa', 'decreto', 'sobreaviso', 'necess√°rio', 'casos', 'excepcionais', 'gente', 'consiga', 'atuar', 'forma', 'r√°pida', ""''"", 'explica', 'secret√°ria', 'Estado', 'Meio', 'Ambiente', 'Desenvolvimento', 'Sustent√°vel', 'Andr√©a', 'Vulcanis', '.', 'secret√°ria', 'afirma', 'embora', 'havido', 'inc√™ndio', 'consumiu', '35', '%', 'Parque', 'Estadual', '√Åguas', 'Para√≠so', '(', 'Peap', ')', 'ocorr√™ncias', 'desse', 'ano', 'menores', '.', '``', 'ano', 'atravessando', 'per√≠odo', 'estiagem', 'forma', 'tranquila', 'porque', 'antecipa√ß√£o', 'chuvas', 'umidecendo', 'vegeta√ß√£o', '.', 'bom', 'gente', 'precaver', 'decreto', 'contempla', 'nesse', 'sentido', ':', 'evitar', 'n√£o', 'preparados', 'situa√ß√£o', 'necessidade', ""''"", 'completa', '.']",['semadgoias'],['informativo'],['queimadas']
"['Governo', 'Goi√°s', 'Organiza√ß√£o', 'Na√ß√µes', 'Unidas', 'Educa√ß√£o', 'Ci√™ncia', 'Cultura', '(', 'Unesco', ')', 'promovem', 'juntos', 'semin√°rio', 'internacional', 'pensado', 'discutir', 'meios', 'garantir', 'disponibilidade', '√°gua', 'mundo', 'futuro', '.', 'evento', 'acontece', 'dias', '10', '13', 'setembro', 'Rio', 'Quente', 'reunir√°', 'representantes', 'outros', 'estados', 'brasileiros', 'setor', 'produtivo', '22', 'pa√≠ses', '.', 'semin√°rio', 'programado', 'Secretaria', 'Estado', 'Meio', 'Ambiente', 'Desenvolvimento', 'Sustent√°vel', '(', 'Semad', ')', 'acontecer', 'enquanto', 'comemora', 'Dia', 'Cerrado', '11', 'setembro', '.', '``', 'debate', 'sobre', '√°gua', 'transversal', 'presente', 'todos', 't√≥picos', 'agenda', '.', 'escolhemos', 'eixo', 'central', ""''"", 'afirma', 'secret√°ria', 'Andr√©a', 'Vulcanis', '.', '``', 'simb√≥lico', 'semin√°rio', 'aconte√ßa', 'munic√≠pio', 'cuja', 'economia', 'gira', 'torno', '√°gua', 'cerrado', 'ber√ßo', '√°guas', 'bacias', 'brasileiras', ""''"", '.', 'munic√≠pio', 'localizado', 'junto', 'serras', 'Caldas', 'Novas', 'faz', 'parte', 'maior', 'bacia', 'hidrotermal', 'mundo', '.', 'Goi√°s', 'ainda', 'banhado', 'tr√™s', 'importantes', 'bacias', 'hidrogr√°ficas', ':', 'Paran√°', 'Araguaia-Tocantins', 'Francisco', '.', 'gestora', 'sediar', 'evento', 'deste', 'porte', 'Estado', 'contribui', 'discuss√£o', 'global', 'sobre', 'sustentabilidade', 'gest√£o', 'respons√°vel', 'recursos', 'naturais', '.', '``', 'administra√ß√£o', 'governador', 'Ronaldo', 'Caiado', 'vitrine', 'mundo', 'inteiro', '√°rea', 'meio', 'ambiente', '.', 'Baixamos', 'sensivelmente', 'prazo', 'emiss√£o', 'licen√ßas', 'ambientais', 'podia', 'chegar', 'quatro', 'anos', 'hoje', '37', 'dias', 'm√©dia', ';', 'reduzimos', '80', '%', 'inc√™ndios', 'unidades', 'conserva√ß√£o', ';', 'avan√ßando', 'desmatamento', 'agenda', 'mudan√ßas', 'clim√°ticas', '.', 'Goi√°s', 'avan√ßou', ""''"", 'completa', 'Vulcanis', '.', 'programa√ß√£o', 'evento', 'dispon√≠vel', 'site', 'https', ':', '//aguasparaofuturo.com.br/', '.', 'abertura', 'realizada', 'domingo', '(', '10/09', ')', 'premia√ß√£o', 'vencedores', 'concurso', 'fotografia', 'promovido', 'Semad', 'tema', 'semin√°rio', '.', 'tr√™s', 'dias', 'seguintes', 'palestras', 'oficinas', 'debates', '.']",['semadgoias'],['informativo'],['fluvial']
"['Cerrado', 'ber√ßo', '√°guas', 'bacias', 'brasileiras', 'cora√ß√£o', 'discuss√£o', 'global', 'sobre', 'sustentabilidade.‚Ä¢', 'Junte-se', 'Semin√°rio', ""'√Åguas"", 'Futuro', ""'"", 'Rio', 'Quente', '.', 'Vamos', 'garantir', 'futuro', '√°gua', 'todos', '!', '#', 'Cerrado', '#', 'Sustentabilidade', '#', '√ÅguasPara0Futuro']",['semadgoias'],['campanha'],['sustentabilidade']
"['‚Äú', 'chamado', 'urgente', 'a√ß√£o', '‚Äù', ':', 't√≠tulo', 'carta', 'constru√≠da', 'conjunto', 'participantes', 'semin√°rio', 'internacional', '√Åguas', 'Futuro', 'promovido', 'Secretaria', 'Estado', 'Meio', 'Ambiente', 'Desenvolvimento', 'Sustent√°vel', 'Goi√°s', '(', 'Semad', ')', 'conjunto', 'Unesco', '10', '13', 'setembro', 'munic√≠pio', 'Rio', 'Quente', '.', 'Participaram', 'encontro', '700', 'representantes', 'poder', 'p√∫blico', 'setor', 'produtivo', '20', 'pa√≠ses', 'Am√©rica', 'Latina', '.', 'carta', 'diz', 'fundamental', 'compreender', 'agenda', '√Ågua', 'matriz', 'vida', 'n√£o', 'mera', 'mercadoria', '.', 'Pondera', 'altera√ß√µes', 'ciclo', '√°gua', 'representam', 'risco', 'desenvolvimento', 'ligadas', 'forma', 'indissoci√°vel', 'variabilidade', 'mudan√ßas', 'clima', 'modo', 'dificultar', 'previs√µes', 'impor', 'desafios', 'gest√£o', 'recursos', 'h√≠dricos', '.', 'desequil√≠brio', 'continua', 'texto', 'gera', 'cr√≠ses', 'aumenta', 'n√≠vel', 'mar', 'cria', 's√©rie', 'desafios', 'dif√≠ceis', 'superar', '.', 'evitar', 'cen√°rio', 'indesej√°vel', 'estabele√ßa', 'Carta', 'Goi√°s', 'pede', 'comprometimento', 'todos', 'favor', 'constru√ß√£o', 'ambientes', 'institui√ß√µes', 'pol√≠ticas', 'regulamentos', 'robustos', 'investimentos', 'suficientes', 'recursos', 'humanos', 'capacitados', 'abordagens', 'espec√≠ficas', 'cada', 'regi√£o', 'pa√≠s', '.', 'palavra-chave', 'documento', 'fechou', 'semin√°rio', '``', 'coopera√ß√£o', ""''"", '.', '``', 'coopera√ß√£o', 'compartilhamento', 'experi√™ncias', 'solu√ß√µes', 'regi√µes', 'estados', 'pa√≠ses', 'estrat√©gias', 'essenciais', 'promover', 'gest√£o', 'sustent√°vel', '√Ågua', 'potencializar', 'explora√ß√£o', 'sinergias', 'cumprimento', 'Agenda', '2030', 'Desenvolvimento', 'Sustent√°vel', ""''"", 'diz', 'trecho', '.', 'carta', 'requer', 'estreitamento', 'parcerias', 'transfronteiri√ßas', 'regionais', 'gest√£o', '√°guas', 'internacionais', 'superficiais', 'subterr√¢neas', 'meio', 'acordo', 'institucionais', 'voltados', 'financiamento', 'governan√ßa', 'compartilhamento', 'dados', 'exemplo', '.', 'lembra', 'papel', '√°guas', 'subterr√¢neas', 'assunto', 'amplamente', 'debatido', 'Rio', 'Quente', 'n√£o', 'pode', 'negligenciado', ':', '``', 'tornar', 'invis√≠vel', 'vis√≠vel', ""''"", 'alerta', 'documento', '.']",['semadgoias'],['politica'],['sustentabilidade']
"['Secretaria', 'Estado', 'Meio', 'Ambiente', 'Desenvolvimento', 'Sustent√°vel', 'Goi√°s', '(', 'Semad', ')', 'realizou', 'dias', '20', '27', 'agosto', 'deste', 'ano', 'opera√ß√£o', 'objetivo', 'fiscalizar', 'todos', 'alertas', 'desmatamento', 'emitidos', '2023', 'Mineiros', 'regi√£o', 'sudoeste', '.', 'munic√≠pio', 'destaque', 'negativo', 'primeiro', 'lugar', 'ranking', 'cidades', 'maior', '√°rea', 'desmatada', 'Goi√°s', 'neste', 'ano', 'segundo', 'dados', 'Deter/Inpe', '.', 'total', 'equipes', 'Semad', 'fiscalizaram', '32', 'alertas', 'desmatamento', 'semana', 'totalizando', 'R', '$', '17', 'milh√£o', 'autua√ß√µes', '.', '√°rea', 'desmatada', 'forma', 'ilegal', 'alvo', 'medidas', 'administrativas', 'secretaria', '15', 'mil', 'hectares', '.', 'Nesse', 'universo', '15', 'mil', 'hectares', 'cerca', '11', 'mil', '√°reas', 'pass√≠veis', 'desmatamento', 'conforme', 'estabelece', 'legisla√ß√£o', 'vigor', '.', 'Entretanto', 'infratores', 'fizeram', 'supress√£o', 'vegeta√ß√£o', 'devido', 'licenciamento', 'ambiental', '(', 'processo', 'previs√£o', 'a√ß√µes', 'compensa√ß√£o', 'ambiental', 'afugentamento', 'fauna', 'outras', 'medidas', 'necess√°rias', 'minimiza√ß√£o', 'impacto', 'ambiental', ')', '.', 'Semad', 'identificou', 'casos', 'empreendedor', 'autoriza√ß√£o', 'munic√≠pio', 'suprimir', 'vegeta√ß√£o', '√°rea', 'desmatou', 'al√©m', 'limites', 'pol√≠gono', 'dentro', 'havia', 'sido', 'autorizado', 'agir', '.', 'raz√£o', 'Semad', 'aplicou', 'autua√ß√£o', '.', 'Destaca-se', 'oito', 'empreendimentos', 'fiscais', 'identificaram', 'desmatamento', '√°reas', 'preserva√ß√£o', 'permanente', '(', 'APPs', ')', 'caracteriza', 'crime', 'contra', 'flora', 'previsto', 'artigo', '38', 'lei', 'federal', '9.605', '1998', '.', 'empreendedores', 'poder√£o', 'responder', 'criminalmente', 'al√©m', 'ter', 'arcar', 'penaliza√ß√£o', 'administrativa', 'lavrada', 'Semad', '.']",['semadgoias'],['informativo'],['desmatamento']
"['governador', 'Ronaldo', 'Caiado', 'secret√°ria', 'Estado', 'Meio', 'Ambiente', 'Desenvolvimento', 'Sustent√°vel', 'Andr√©a', 'Vulcanis', 'lan√ßaram', 'Estrat√©gia', 'Goi√°s', 'Carbono', 'Neutro', '2050', 'durante', 'semin√°rio', 'internacional', '√Åguas', 'Futuro', 'aconteceu', 'munic√≠pio', 'Rio', 'Quente', '10', '13', 'setembro', 'deste', 'ano', '(', 'use', 'QR', 'code', 'ter', 'acesso', '√≠ntegra', 'documento', ')', '.', 'proposta', 'Estrat√©gia', 'orientar', 'a√ß√µes', 'Estado', 'promo√ß√£o', 'sustentabilidade', 'mitiga√ß√£o', 'efeitos', 'mudan√ßas', 'clim√°ticas', 'Goi√°s', '.', 'meta', 'promover', 'net-zero', '2050', 'meio', 'desenvolvimento', 'matriz', 'produtiva', 'tecnologicamente', 'sofisticada', 'ambientalmente', 'limpa', 'economicamente', 'competitiva', 'mercado', 'nacional', 'internacional', '.', 'sucesso', 'fundamental', 'engajamento', 'diversos', 'setores', 'meio', 'espa√ßos', 'discuss√£o', 'instrumentos', 'monitoramento', 'F√≥rum', 'Goiano', 'Mudan√ßa', 'Clim√°tica', '.', 'Somente', 'assim', 'poder√°', 'tornar', 'iniciativa', 'metas', 'responsabilidades', 'resultados', 'compartilhados', 'garantindo', 'a√ß√µes', 'abrangentes', 'inclusivas', 'atendam', 'necessidades', 'todos', '.', 'Eixos', 'atua√ß√£o', 'Estrat√©gia', 'formada', 'tr√™s', 'eixos', ':', 'Sustentabilidade', 'Territorial', ';', 'Plano', 'A√ß√£o', 'Trajet√≥ria', 'Clim√°tica', ';', 'Fomento', 'Mercado', 'Carbono', '.', 'Eixo', '1', 'objetivo', 'construir', 'parcerias', 'lideran√ßas', 'setor', 'p√∫blico', 'engajamento', 'setor', 'privado', 'vistas', 'produzir', 'emitindo', 'menos', 'longo', 'toda', 'cadeia', 'valor', '.', 'busca-se', 'mobiliza√ß√£o', 'setores', 'produtivos', 'pactua√ß√£o', 'metas', '.', 'Eixo', '2', 'objetiva-se', 'determinar', 'compromissos', 'metas', 'a√ß√µes', 'curto', 'm√©dio', 'longo', 'prazo', 'enfrentamento', 'crise', 'clim√°tica', 'Goi√°s', '.', 'Assim', 'poss√≠vel', 'harmonizar', 'medidas', 'Uni√£o', 'diretrizes', 'internacionais', 'aplic√°veis', '.', 'tanto', 'an√°lises', 'risco', 'vulnerabilidade', 'mudan√ßa', 'clim√°tica', 'desenvolvidas', '2024', '2025', 'sistema', 'estadual', 'monitoramento', 'implementado', '.', 'fim', 'Eixo', '3', 'buscaremos', 'estabelecer', '2026', 'mecanismos', 'estaduais', 'promover', 'redu√ß√£o', 'certificada', 'emiss√µes', 'acesso', 'mercados', 'nacionais', 'globais', 'fomento', 'economia', 'baseada', 'Cerrado', 'p√©', '.']",['semadgoias'],['politica'],['meio-ambiente']
"['Juntos', 'Araguaia', '(', 'JPA', ')', 'encerrou', 'noite', '√∫ltimo', 'domingo', '(', '17', ')', 'a√ß√µes', '38¬™', 'edi√ß√£o', 'Expoleste', 'maior', 'feira', 'agropecu√°ria', 'calend√°rio', 'Barra', 'Gar√ßas', '(', 'MT', ')', 'amplo', 'apoio', 'participantes', '.', 'programa', 'manteve', 'desde', 'quinta-feira', '(', '14', ')', 'estande', 'anexo', 'Empresa', 'Mato-grossense', 'Pesquisa', 'Assist√™ncia', 'T√©cnica', 'Extens√£o', 'Rural', '(', 'Empaer', ')', 'bastante', 'visitado', 'durante', 'quatro', 'dias', 'atividades', 'voltadas', 'conscientiza√ß√£o', 'ambiental', 'divulga√ß√£o', 'iniciativas', 'busca', 'novos', 'parceiros', '.', 'Juntos', 'Araguaia', '(', 'JPA', ')', 'avan√ßa', 'atividades', 'Mato', 'Grosso', 'amplia√ß√£o', 'Escrit√≥rio', 'Executivo', 'programa', 'munic√≠pio', 'Barra', 'Gar√ßas', '.', 'Presente', 'Estado', 'desde', 'dia', '31', 'maio', '2023', 'iniciou', 'mobiliza√ß√£o', 'm√™s', 'junho', '.', 'objetivo', 'promover', 'revitaliza√ß√£o', '√°reas', 'degradadas', 'reflorestamento', 'bioma', 'Cerrado', 'contribuir', 'melhoria', 'qualidade', 'rio', 'reabastecer', 'mananciais', 'preservar', 'meio', 'ambiente', '.', 'Visa', 'capturar', 'mentes', 'cora√ß√µes', 'favor', 'regenera√ß√£o', 'natureza', '.', '#', 'JuntosPeloAraguaia', '#', 'JPA', '#', 'SemaMT', '#', 'SemadGO', '#', 'GovernoDeMatoGrosso', '#', 'GovernoDeGoi√°s']",['semadgoias'],['campanha'],['fluvial']
"['evento', 'fez', 'parte', 'celebra√ß√µes', 'alusivas', 'M√™s', 'Cerrado', 'aconteceu', 'nesta', 'ter√ßa-feira', '(', '19', ')', 'per√≠odo', 'manh√£', 'plantio', 'mudas', 'nativas', 'Cerrado', 'Baliza', 'margens', 'rio', 'Araguaia', '.', 'Daqui', 'pouco', 'secret√°ria', 'Estado', 'Meio', 'Ambiente', 'Desenvolvimento', 'Sustent√°vel', 'Andr√©a', 'Vulcanis', 'promove', 'palestra', 'abordar√°', 'tema', 'Novas', 'vis√µes', 'sobre', 'desenvolvimento', 'sustent√°vel', ':', 'alian√ßas', 'transformadoras', 'pessoas', 'natureza', '.', 'programa√ß√£o', 'faz', 'parte', '1¬∫', 'Workshop', 'Regional', '-', 'Vida', 'Cerrado', 'Cerrado', 'vida', ':', 'Desafios', 'oportunidades', 'pessoas', 'natureza', 'cora√ß√£o', 'Brasil', '.', 'realiza√ß√£o', 'Instituto', 'Espinha√ßo', 'State', 'Grid', 'Brazil', 'Holding', 'S.A.', 'Prefeitura', 'Municipal', 'Baliza', 'C√¢mara', 'Municipal', 'Baliza', '.', 'Secretaria', 'Estado', 'Meio', 'Ambiente', 'Desenvolvimento', 'Sustent√°vel', 'Goi√°s', 'Saneago', 'Programa', 'Juntos', 'Araguaia', 'Secretaria', 'Municipal', 'Meio', 'Ambiente', 'Baliza', 'fazem', 'parte', 'apoio', 'institucional', '.']",['semadgoias'],['campanha'],['sustentabilidade']
"['Baliza', 'mostrar', 'situa√ß√£o', 'preocupante', 'Rio', 'Araguaia.O', 'rio', 'literalmente', 'sendo', 'afogado', 'sedimentos', 'oriundos', '√°reas', 'desflorestamento', '.', 'Vem', 'ver', 'pouquinho', 'dessa', 'situa√ß√£o', 'entender', 'sobre', 'maior', 'programa', 'revitaliza√ß√£o', 'bacias', 'Brasil', '.', 'convic√ß√£o', 'construirmos', 'nova', 'vis√£o', 'mundo', 'projeto', 'assentar√°', 'for√ßa', 'regi√£o', '.', 'jogo', 'futuro', 'querido', 'Araguaia', '!', '@', 'andrea_vulcanis', '@', 'institutoespinhaco', '@', 'governodegoias', '@', 'ronaldocaiado', '@', 'juntospeloaraguaia']",['semadgoias'],['informativo'],['fluvial']
"['sabia', 'termos', '``', 'lixo', ""''"", '``', 'res√≠duo', ""''"", 'significados', 'distintos', '?', 'compreender', 'diferen√ßa', 'fundamental', 'entender', 'import√¢ncia', 'coleta', 'seletiva', '.', 'lixo', 'geralmente', 'associado', 'materiais', 'descartados', 'forma', 'indiscriminada', 'preocupa√ß√£o', 'possibilidade', 'reaproveitamento', 'impacto', 'ambiental', '.', 'materiais', 'geralmente', 'n√£o', 't√™m', 'valor', 'econ√¥mico', 'considerados', 'indesej√°veis', 'in√∫teis', '.', 'Exemplos', 'comuns', 'lixo', 'incluem', 'embalagens', 'pl√°sticas', 'papel', 'higi√™nico', 'usado', 'res√≠duos', 'org√¢nicos', 'n√£o', 'aproveit√°veis', 'outros', '.', 'outro', 'lado', 'res√≠duos', 'referem-se', 'materiais', 'ainda', 't√™m', 'potencial', 'serem', 'reaproveitados', 'reciclados', 'transformados', '.', 'considerados', 'recursos', 'podem', 'reintroduzidos', 'cadeia', 'produtiva', 'utilizados', 'insumos', 'fabrica√ß√£o', 'novos', 'produtos', '.', 'Exemplos', 'res√≠duos', 'incluem', 'papel', 'recicl√°vel', 'garrafas', 'pl√°stico', 'latas', 'alum√≠nio', 'res√≠duos', 'org√¢nicos', 'utiliz√°veis', 'compostagem', '.', 'Atrav√©s', 'separa√ß√£o', 'adequada', 'res√≠duos', 'possibilitada', 'coleta', 'seletiva', 'garantimos', 'materiais', 'enviados', 'processos', 'reciclagem', 'compostagem', 'reutiliza√ß√£o', 'evitando', 'assim', 'considerados', 'lixo', 'descartados', 'forma', 'inadequada', '.', '#', 'meioambientegoias', '#', 'lixoenolixo', '#', 'recicle', '#', 'reutilize']",['semadgoias'],['informativo'],['polui√ß√£o']
"['Ainda', 'ritmo', 'COP', '28', 'assunto', 'agora', 'emiss√£o', 'gases', 'efeito', 'estufa', '.', 'gr√°fico', 'surpreendente', 'mostra', 'porcentagem', 'emiss√£o', 'pa√≠ses', '1920', '2022', '.', 'Conforme', 'conseguimos', 'verificar', 'Am√©rica', 'Sul', 'inteira', '11', '%', 'emiss√£o', 'pa√≠ses', 'desenvolvidos', 'lideram', 'emiss√£o', 'gases', 'efeito', 'estufa', 'acelerando', 'mudan√ßas', 'clim√°ticas', '.', 'hora', 'repensar', 'nesse', 'modelo', 'progresso', 'adotar', 'solu√ß√µes', 'sustent√°veis', 'preservar', 'planeta', 'futuras', 'gera√ß√µes', '.', 'Goi√°s', 'fazendo', 'parte', 'buscanso', 'solu√ß√µes', 'redu√ß√£o', 'emiss√£o', 'gases', 'efeito', 'estufa', 'contribuindo', 'planeta', 'verde', 'sustent√°vel', '.', '#', 'meioambiente', '#', 'cop28', '@', 'andrea_vulcanis', '@', 'milvogabriel', '@', 'jpgurgelsilva', '@', 'naty_abrito']",['semadgoias'],['informativo'],['meio-ambiente']
"['Conhe√ßa', 'ferramenta', 'essencial', 'quer', 'avaliar', '√°rvores', 'obter', 'valores', '#', 'arvores', '#', 'tecnologia']",['florestal_brasil'],['tecnologia'],['meio-ambiente']
"['Localizado', 'extremo', 'sul', 'Brasil', 'estado', 'Rio', 'Grande', 'Sul', 'Pampa', 'bioma', 'frequentemente', 'negligenciado', 'trata', 'biodiversidade', '.', 'Apesar', 'invisibilidade', 'campos', 'naturais', 'caracterizam', 'paisagem', 'regi√£o', 'abrigam', 'aproximadamente', '9', '%', 'todas', 'esp√©cies', 'atualmente', 'conhecidas', 'pa√≠s', '.', 'dados', 'revelados', 'levantamento', 'in√©dito', 'identificou', '12.503', 'esp√©cies', 'bioma', 'incluindo', 'fauna', 'flora', 'fungos', 'bact√©rias', '.', 'Leia', 'tudo', 'blog', 'atrav√©s', 'link', 'bio', 'stories', '.', 'https', ':', '//florestalbrasil.com/estudo-aponto-que-o-pampa-abriga-9-da-biodiversidade-do-brasil/', '#', 'bioma', '#', 'pampa', '#', 'biodiversidade', '#', 'natureza', '#', 'meioambiente']",['florestal_brasil'],['informativo'],['biomas']
"['N√£o', 'resta', 'd√∫vidas', 'COP', '28', 'marcou', 'passo', 'importante', 'pro', 'futuro', 'clim√°tico', 'planeta', 'desafio', 'continua', '.', 'mundo', 'aguarda', 'COP', '30', 'Bel√©m', 'Par√°', '2025', '.', 'metas', 'ambiciosas', 'compromissos', 'globais', 'busca', 'futuro', 'sustent√°vel', '.', 'V√≠deo', 'novo', 'canal', 'YouTube', '|', 'Link', 'stories', '#', 'cop28', '#', 'cop30', '#', 'aquecimentoglobal', '#', 'mudan√ßasclim√°ticas']",['florestal_brasil'],['informativo'],['clima']
"['APTO', 'OPERAR', 'TIPO', 'TECNOLOGIA', '?', 'colina', 'arredores', 'cidade', 'Chiang', 'Mai', 'norte', 'Tail√¢ndia', 'drone', 'sobrevoa', 'floresta', 'avaliar', 'papel', 'destas', 'zonas', 'verdes', 'luta', 'contra', 'mudan√ßa', 'clim√°tica', '.', 'aparato', 'sobrevoa', 'metodicamente', 'densa', 'floresta', 'transmite', 'centenas', 'fotos', 'montadas', '3D', '.', 'tecnologia', 'cientistas', 'conseguem', 'rapidamente', 'ter', 'ideia', 'sa√∫de', 'mata', '.', 'podem', 'estimar', 'forma', 'precisa', 'quantidade', 'carbono', 'armazena‚Ä¶', 'LEIA', ':', 'https', ':', '//florestalbrasil.com/drones-ajudam-com-relacao-a-captura-de-carbono-em-florestas/', '.', 'Link', 'Bio', 'Stories', '#', 'drone', '#', 'tecnologia', '#', 'florestas', '#', 'carbono', '#', 'dji']",['florestal_brasil'],['tecnologia'],['meio-ambiente']
"['Conhe√ßa', 'pouco', 'sobre', 'Mogno', 'Africano', 'Ja', 'conhecia', 'esp√©cie', 'ex√≥tica', 'adaptado', 'bem', 'terras', 'Brasileiras', '?', '#', 'comentaai', '#', 'mogno', '#', 'mognoafricano', '#', 'plantadas', '#', 'florestas', '#', 'florestaplantada', '#', 'engenhariaflorestal', '#', 'florestalbrasil']",['florestal_brasil'],['informativo'],['flora']
"['estrat√©gia', 'eficaz', 'reduzir', 'desmatamento', 'associado', 'cultura', 'soja', 'Amaz√¥nia', 'consiste', 'incrementar', 'produ√ß√£o', 'hectare', 'simultaneamente', 'cultivo', 'milho', 'segunda', 'safra', '.', 'proposta', 'baseia', 'dados', 'apresentados', 'Fabio', 'Marin', 'professor', 'Escola', 'Superior', 'Agricultura', 'Luiz', 'Queiroz', '(', 'Esalq', ')', 'USP', 'Piracicaba', '.', 'artigo', 'intitulado', '‚Äú', 'Protegendo', 'floresta', 'amaz√¥nica', 'reduzindo', 'aquecimento', 'global', 'meio', 'intensifica√ß√£o', 'agr√≠cola', '‚Äù', 'publicado', 'revista', 'Nature', 'Sustainability', 'autor', 'apresenta', 'modelos', 'matem√°ticos', 'estimam', 'aumento', 'potencial', 'rendimento', 'produ√ß√£o', 'atrav√©s', 'implementa√ß√£o', 'tecnologia', 'campo', 'visando', 'reduzir', 'expans√£o', '√°reas', 'cultivadas', 'regi√£o', 'amaz√¥nica', '.', 'estudo', 'envolveu', 'avalia√ß√£o', 'potenciais', 'rendimento', 'quantidade', '√≥tima', 'produ√ß√£o', 'hectare', 'condi√ß√µes', 'ideais', 'perdas', 'decorrentes', 'ervas', 'daninhas', 'insetos', 'pat√≥genos', 'provenientes', 'diversas', 'regi√µes', 'Brasil', '.', 'Leia', 'tudo', 'blog', 'atrav√©s', 'link', 'bio', 'stories', '.', 'https', ':', '//florestalbrasil.com/produzindo-soja-sem-intensificar-o-desmatamento-na-amazonia/', '#', 'milho', '#', 'soja', '#', 'agricultura', '#', 'agriculturasustent√°vel', '#', 'desmatamento']",['florestal_brasil'],['informativo'],['desmatamento']
"['Pesquisadores', 'Instituto', 'Bioci√™ncias', '(', 'IB', ')', 'USP', 'colabora√ß√£o', 'Instituto', 'Tecnol√≥gico', 'Vale', 'Universidade', 'Federal', 'Ouro', 'Preto', '(', 'UFOP', ')', 'anunciaram', 'descoberta', 'nova', 'esp√©cie', '√°rvore', '.', 'Batizada', 'Mollinedia', 'fatimae', 'homenagem', 'professora', 'F√°tima', 'Buturi', 'descoberta', 'ocorreu', 'Parque', 'Estadual', 'Itacolomi', 'localizado', 'Ouro', 'Preto', 'Minas', 'Gerais', '.', 'Leia', 'tudo', 'blog', 'atrav√©s', 'link', 'bio', 'cont√©m', 'detalhes', 'imagens', '.', 'https', ':', '//florestalbrasil.com/mollinedia-fatimae-nova-arvore-e-descoberta-em-minas-gerais-e-ja-esta-em-risco-de-extincao/', '#', 'botanica', '#', 'plantas', '#', 'descoberta', '#', 'natureza', '#', 'meioambiente']",['florestal_brasil'],['informativo'],['flora']
"['rela√ß√£o', 'fungos', '√°rvores', 'mostra', 'floresta', 'funciona', 'capacidade', 'desses', 'dois', 'seres', 'v√£o', 'al√©m', 'compreens√£o', 'estudo', 'revelam', 'sabem', 'trabalhar', 'juntos', 'forma', 'consciente', '.', '(', 'fungos', ')', 'sabem', 'exemplo', '√°rvore', 'morrendo', 'ajudam', 'formar', 'sinais', '√°rvores', 'vizinhas', 'criando', 'alerta', 'sobre', 'acontecimento', '.', 'dependendo', '√°rvores', 'ajudam', 'indiv√≠duo', 'sobreviver', '.', 'equil√≠brio', 'ecossistema', 'floresta', 'depende', 'dessa', 'simbiose', 'contar', 'aqui', 'outras', 'rela√ß√µes', 'fauna', 'dois', 'seres', '.', 'derrubamos', 'florestas', 'n√£o', 'perdemos', 'apenas', '√°rvores', 'animais', 'perdemos', 'rela√ß√µes', 'fungos', 'bact√©rias', 'outros', 'seres', 'insetos', '.', 'mundo', 'florestal', 'desconhecido', 'ainda', 'n√£o', 'tempo', 'observar', 'n√£o', 'tempo', 'aprender', '.', 'devemos', 'preservar', 'florestas', 'aprender', 'todo', 'dia', 'pouco', '.', '#', 'arvores', '#', 'florestas', '#', 'fungos', '#', 'animais', '#', 'fauna', '#', 'flora', '#', 'fungi', '#', 'ecossistema', '#', 'ecologia']",['florestal_brasil'],['informativo'],['meio-ambiente']
"['modelos', 'atuais', 'agricultura', 'brasileira', 'n√£o', 'saud√°veis', 'üöú', 'N√£o', 'errado', 'produzir', 'larga', 'escala', 'realizar', 'tratos', 'culturais', 'necess√°rios', '.', 'consequ√™ncia', 'muitas', 'vezes', 'invis√≠vel', 'in√∫meros', 'relatos', 'observados', '.', 'n√∫mero', 'agrot√≥xicos', 'hoje', 'liberado', 'absurdo', 'n√£o', 'condiz', 'espectro', 'n√£o', 'saud√°vel', '.', 'Cada', 'vez', 'veneno', 'prato', 'brasileiros', '.', 'Alguns', 'sistemas', 'n√£o', 'convencionais', 'vem', 'surgindo', 'op√ß√£o', 'contra', 'pr√°ticas', 'agr√≠colas', 'intensivas', 'exemplo', 'sistema', 'agroflorestal', 'n√£o', 'utiliza', 'maioria', 'vezes', 'insumos', 't√≥xicos', 'algum', 'n√≠vel', 'humano', '.', 'Usa-se', 'pr√°ticas', 'naturais', 'biol√≥gicas', 'poder', 'produzir', '.', 'exemplo', 'controle', 'natural', 'pragas', '.', 'contar', 'quest√£o', 'solo', 'onde', 'in√∫meras', 'pr√°ticas', 'agressivas', 'tornam', 'inutiliz√°vel', '.', 'solo', 'base', 'agricultura', 'ecossistema', 'propriedades', 'n√£o', 'poss√≠vel', 'produzir', '.', '√°reas', 'pastagem', 'pa√≠s', 'superior', 'agricultura', 'assim', '√°rea', 'florestal', 'duas', '.', 'espa√ßo', 'tudo', 'nesse', 'pa√≠s', 'menos', 'falta', 'sustentabilidade', 'ambiental', '.', '#', 'agricultura', '#', 'agropecuaria', '#', 'agriculturasustent√°vel', '#', 'meioambiente', '#', 'floresta', '#', 'florestal', '#', 'silvicultura', '#', 'agro', '#', 'agrofloresta']",['florestal_brasil'],['informativo'],['meio-ambiente']
"['Import√¢ncia', 'florestas', 'rela√ß√£o', 'chuvas', 'florestas', 'desempenham', 'papel', 'crucial', 'ciclo', '√°gua', 'influenciando', 'diretamente', 'padr√µes', 'chuva', '.', 'transpira√ß√£o', '√°rvores', 'libera', 'vapor', ""d'√°gua"", 'atmosfera', 'formando', 'nuvens', 'contribuindo', 'precipita√ß√£o', '.', 'Al√©m', 'disso', 'florestas', 'ajudam', 'regular', 'clima', 'mantendo', 'umidade', 'promovendo', 'estabilidade', 'ecossistema', '.', 'perda', 'florestas', 'pode', 'resultar', 'altera√ß√µes', 'padr√µes', 'chuva', 'levando', 'problemas', 'secas', 'inunda√ß√µes', '.', 'Portanto', 'preserva√ß√£o', 'florestas', 'vital', 'equil√≠brio', 'ambiental', 'manuten√ß√£o', 'disponibilidade', '√°gua', '.', '#', 'florestas', '#', 'arvores', '#', 'meioambiente', '#', 'chuva']",['florestal_brasil'],['informativo'],['pluvial']
"['n√£o', 'mato', '!', 'Canteiros', 'plantas', 'iguais', 'imagem', 'acima', 'ben√©ficos', 'abelhas', 'pois', 'utilizam', 'flores', 'realizar', 'poliniza√ß√£o', 'propaga√ß√£o', 'esp√©cies', '.', 'Al√©m', 'disso', 'garante', 'possam', 'sobreviver', 'realizar', 'manuten√ß√£o', 'ecossistemas', 'atrav√©s', 'servi√ßos', '.', '√ìbvio', 'atraem', 'outros', 'insetos', 'besouros', 'lagartas', 'equil√≠brio', 'proporciona', 'espa√ßo', 'toda', 'fauna', 'espec√≠fica', 'depende', 'plantas', '.', 'Al√©m', 'disso', 'plantas', 'protegem', 'solo', 'volta', '√°rvores', 'diminuindo', 'compacta√ß√£o', 'solo', 'consequentemente', 'ajuda', 'infiltra√ß√£o', '√°gua', '.', 'favor', 'n√£o', 'deixe', 'dog', 'cagar', 'canteiros', 'contamina', 'solo', 'ambiente', '.', 'Pois', 'galera', 'adora', 'deixar', 'caquinha', 'tr√°s', '.', '#', 'plantas', '#', 'flores', '#', 'arvores', '#', 'arboriza√ß√£ourbana']",['florestal_brasil'],['informativo'],['flora']
"['arauc√°ria', '(', 'Araucaria', 'angustifolia', ')', 'esp√©cie', 'arb√≥rea', 'gimnosperma', 'pertencente', 'fam√≠lia', 'Araucariaceae', 'encontrada', 'regi√£o', 'Sudeste', '(', 'Minas', 'Gerais', 'Rio', 'Janeiro', 'Paulo', ')', 'Sul', '(', 'Paran√°', 'Rio', 'Grande', 'Sul', 'Santa', 'Catarina', ')', 'Brasil', '.', 'Apresenta', 'outros', 'nomes', 'populares', 'sendo', 'conhecida', 'pinheiro-do-paran√°', 'curi', 'pinheiro-brasileiro', 'pinho-do-paran√°', '.', 'Arauc√°ria', 'pode', 'atingir', 'altura', '50', 'metros', 'adulta', 'apresenta', 'copa', 'possui', 'formato', 'semelhante', 'ta√ßa', '.', 'tronco', 'reto', 'ramifica√ß√µes', 'apenas', 'regi√£o', 'topo', '.', 'folhas', 'tipo', 'agulha', '(', 'ac√≠culas', ')', 'apresentam', 'colora√ß√£o', 'verde-escura', 'n√£o', 'caem', 'durante', 'inverno', '.', 'Al√©m', 'disso', 'esp√©cie', 'det√©m', 'cones', 'esp√©cies', 'flores', 'dessas', 'plantas', '.', 'cone', 'feminino', 'recebe', 'nome', 'pinha', 'onde', 'desenvolvem', 'sementes', '.', 'Fonte', ':', 'Brasil', 'Escola', '#', 'araucaria', '#', 'pinheirodoparan√°']",['florestal_brasil'],['informativo'],['flora']
"['perguntar', 'qualquer', 'idoso', 'sobre', 'clima', 'passado', 'v√£o', 'dizer', 'bom', 'chuva', 'caia', '√©poca', 'certa', 'seca', 'vinha', 'per√≠odo', 'correto', 'sabiam', 'tempo', 'certo', 'plantar', 'qualquer', 'coisa', '.', 'Hoje', 'vendo', 'clima', 'diferente', 'falam', 'n√£o', 'd√°', 'pra', 'saber', '.', 'espera', 'chuva', 'n√£o', 'vem', 'espera', 'calor', 'vem', 'frio', 'seca', 'cada', 'vez', 'pior', '.', 'Frutas', 'colhia', 'determinado', 'm√™s', 'adianta', 'atrasa', '.', 'gera√ß√µes', 'passadas', 'momento', 'onde', 'n√£o', 'havia', 'preocupa√ß√£o', 'futuro', 'clim√°tico', 'hoje', 'realidade', 'diferente', 'outra', 'gera√ß√£o', 'maioria', 'precisamos', 'estabelecer', 'novos', 'meios', 'n√£o', 'ter', 'sofrer', 'futuro', '.', 'preciso', 'plantar', 'colher', 'certo', '?', 'clima', 'mesma', 'coisa', 'quisermos', 'ter', 'colher', 'cuidar', 'hoje', 'futuro', 'n√£o', 'dizer', 'netos', 'come√ßou', 'dar', 'tudo', 'errado', 'n√£o', 'fizemos', 'nada', 'ficamos', 'bra√ßos', 'cruzados', '.', '#', 'mudan√ßasclim√°ticas']",['florestal_brasil'],['informativo'],['clima']
"['sensoriamento', 'remoto', 't√©cnica', 'obten√ß√£o', 'infor\xadma√ß√µes', 'acerca', 'objeto', '√°rea', 'fen√¥meno', 'localizado', 'Terra', 'contato', 'f√≠sico', '.', 'informa\xad√ß√µes', 'podem', 'obtidas', 'atrav√©s', 'radia√ß√£o', 'eletromagn√©tica', 'gerada', 'fontes', 'naturais', '(', 'sensor', 'passivo', ')', 'Sol', 'fontes', 'artificiais', '(', 'sensor', 'ativo', ')', 'radar', '.', 'apresentadas', 'forma', 'imagens', 'sendo', 'utilizadas', 'atualmente', 'aque\xadlas', 'captadas', 'sensores', '√≥ticos', 'orbitais', 'localizados', 'sat√©lites', '.', 'sat√©lites', 'girando', '√≥rbita', 'torno', 'Terra', 'levam', 'consigo', 'sensor', 'capaz', 'emitir', 'e/ou', 'receber', 'energia', 'ele\xadtromagn√©tica', 'refletida', 'Terra', '.', 'imagens', 'orbitais', 'possibilitam', 'muitas', 'aplica√ß√µes', 'mapeamento', 'atualiza√ß√£o', 'dados', 'cartogr√°ficos', 'tem√°ticos', 'produ√ß√£o', 'dados', 'meteorol√≥gicos', 'avalia√ß√£o', 'impactos', 'ambientais', '.', 'Aproveita', 'pra', 'compartilhar', 'stories', '#', 'gis', '#', 'sensoriamentoremoto', '#', 'geoprocessamento', '#', 'satelites', '#', 'qualifica√ß√£o', '#', 'engenharia', '#', 'cartografia']",['florestal_brasil'],['tecnologia'],['outros']
"['Usados', 'minera√ß√£o', 'descartados', 'barragens', 'rejeitos', 'metais', 'pesados', 'chumbo', 'ars√™nio', 'c√°dmio', 'podem', 'causar', 'danos', 'sa√∫de', 'meio', 'ambiente', '.', 'risco', 'desses', 'metais', 'entrarem', 'contato', 'popula√ß√µes', 'vivem', 'perto', '√°reas', 'extra√ß√£o', 'min√©rio', '?', 'Encontrar', 'respostas', 'pergunta', 'motivou', 'cria√ß√£o', 'projeto', '‚Äú', 'Lama', '?', '‚Äù', 'nascido', 'Instituto', 'Geoci√™ncias', 'Universidade', 'Federal', 'Minas', 'Gerais', '(', 'UFMG', ')', '.', 'foco', 'principal', 'an√°lise', 'qu√≠mica', 'amostras', '√°gua', 'solo', 'lama', 'sedimentos', 'diversos', 'pontos', 'bacias', 'rios', 'Velhas', 'Paraopeba', 'Doce', 'passam', 'regi√£o', 'metropolitana', 'Belo', 'Horizonte', '.', 'projeto', 'conta', 'colabora√ß√£o', 'comunidades', 'moradores', 'longo', 'dessas', 'bacias', '.', 'Materia', 'completa', ':', 'https', ':', '//florestalbrasil.com/o-que-ha-na-lama-da-chuva-perto-das-areas-de-mineracao/', 'Link', 'boa', 'stories', 'bio', '!']",['florestal_brasil'],['informativo'],['polui√ß√£o']
"['PRE√áOS', 'MILHO', 'TRIGO', 'REGISTRAM', 'MAIOR', 'QUEDA', 'ANUAL', 'D√âCADA', 'MEDIDA', 'ESPERAN√áA', 'ALIVIAR', 'INFLA√á√ÉO', 'ALIMENTOS', 'AUMENTA', '!', 'Baseado', 'materia', 'ZeroHedge', ':', 'www.FlorestalBrasil.com', '#', 'milho', '#', 'teigo', '#', 'bloomberg', '#', 'bolsadevalores', '#', 'alimentos', '#', 'commodities', '#', 'economia']",['florestal_brasil'],['informativo'],['financeiro']
"['Mapa', 'segundo', 'IBGE', 'Biomas', 'brasileiro', 'inclus√£o', 'Caatinga', 'Minas', 'Gerais', 'Piau√≠', 'pode', 'usado', 'produ√ß√£o', 'mapas', '√∫ltima', 'atualiza√ß√£o', '2019', '.', 'N√£o', 'sei', 'sabia', 'Caatinga', 'presente', 'Minas', 'Gerais', '?', 'mim', 'surpresa', 'descobri', '.', 'agora', '4', 'estados', 'brasileiros', '3', 'biomas', 'territ√≥rio', '.', 'fant√°stico', 'pois', 'poss√≠vel', 'conhecer', '√∫nica', 'viagem', 'estado', '3', 'ecossistemas', 'diferentes', '.', 'estados', '3', 'biomas', ':', 'Mato', 'Grosso', '(', 'MT', ')', '-', 'Amaz√¥nia', 'Cerrado', 'Pantanal', ';', 'Mato', 'Grosso', 'Sul', '(', 'MS', ')', '-', 'Cerrado', 'Pantanal', 'Mata', 'Atl√¢ntica', ';', 'Minas', 'Gerais', '(', 'MG', ')', '-', 'Cerrado', 'Mata', 'Atl√¢ntica', 'Caatinga', ';', 'Bahia', '(', 'BA', ')', '-', 'Caatinga', 'Cerrado', 'Mata', 'Atl√¢ntica', '.', 'contar', 'quest√£o', 'sistema', 'Costeiro-marinho', 'poderia', 'alguns', 'outros', 'estados', '3', 'sistemas', '(', '2', 'biomas', '+', 'marinho', ')', '.', 'Nesse', 'sentido', 'Bahia', '√∫nico', 'estado', '4', 'biomas', '(', '3', 'terrestres', '1', 'marinho', ')', '.', '#', 'biomas', '#', 'natureza', '#', 'meioambiente']",['florestal_brasil'],['tecnologia'],['biomas']
"['Servidores', 'Instituto', 'Chico', 'Mendes', 'Conserva√ß√£o', 'Biodiversidade', 'ICMBio', 'anunciaram', 'ades√£o', 'paralisa√ß√£o', 'deflagrada', 'funcion√°rios', 'Instituto', 'Brasileiro', 'Meio', 'Ambiente', 'Ibama', '.', 'decis√£o', 'tomada', 'quinta-feira', '4', 'oficializada', 'comunicado', 'endere√ßado', 'Presid√™ncia', 'Rep√∫blica', 'minist√©rios', 'Gest√£o', 'Inova√ß√£o', 'Meio', 'Ambiente', 'Casa', 'Civil', '.', 'conte√∫do', 'carta', 'semelhante', 'publicado', 'servidores', 'Ibama', '.', 'Texto', 'completo', ':', 'https', ':', '//florestalbrasil.com/servidores-do-icmbio-se-unem-aos-do-ibama-na-paralisacao-por-melhoria-salarial/', 'Link', 'Bio', 'stories', '#', 'ibama', '#', 'icmbio']",['florestal_brasil'],['politica'],['outros']
"['projeto', 'lei', 'permite', 'minera√ß√£o', 'dentro', '√°reas', 'reserva', 'legal', 'aprovado', 'MAto', 'Grosso', '.', 'Assista', 'v√≠deo', 'entenda', 'projeto', '.', 'Assembleia', 'Legislativa', 'Mato', 'Grosso', 'aprovou', 'segunda', 'semana', '2024', '19', 'votos', '3', 'projeto', 'permite', 'minera√ß√£o', '√°reas', 'reserva', 'legal', '.', 'Apenas', 'deputados', 'L√∫dio', 'Cabral', '(', 'PT', ')', 'Wilson', 'Santos', '(', 'PSD', ')', 'Valdir', 'Barranco', '(', 'PT', ')', 'votaram', 'contra', 'projeto', 'lei', '64/2023', '.', 'lei', 'prev√™', 'realoca√ß√£o', '√°reas', 'reserva', 'legal', 'dentro', 'propriedade', 'rural', 'pr√°tica', 'minera√ß√£o', '.', 'acordo', 'C√≥digo', 'Florestal', 'reserva', 'legal', 'percentual', '√°rea', 'vegeta√ß√£o', 'nativa', 'localizada', 'dentro', 'im√≥vel', 'rural', 'deve', 'protegida', 'resguardar', 'fertilidade', 'solo', 'bio', 'diversidade', 'assim', 'manter', 'meio', 'ambiente', 'equilibrado', '.', 'percentual', 'varia', 'acordo', 'bioma', '.', 'caso', 'Mato', 'Grosso', 'tr√™s', 'diversidades', ':', '20', '%', 'Campos', 'Gerais', '(', 'Pantanal', ')', '35', '%', 'cerrado', '80', '%', 'Amaz√¥nia', 'legal', '.', 'Nestas', '√°reas', 'permitidas', 'apenas', 'atividades', 'explora√ß√£o', 'comercial', 'manejo', 'sustent√°vel', '.', 'Ainda', 'conforme', 'projeto', 'minera√ß√£o', 'nestas', '√°reas', 'permitida', 'diante', 'inexist√™ncia', 'alternativa', 'locais', 'minera√ß√£o', 'economicamente', 'vi√°vel', 'outra', '√°rea', '.', 'atividade', 'precisar√°', 'ter', 'estudo', 'impacto', 'ambiental', 'autorizado', 'secretaria', 'estadual', 'meio', 'ambiente', '(', 'SEMAS', ')', 'Especialistas', 'alertam', 'perigo', 'manobra', 'poss√≠veis', 'danos', 'irrevers√≠veis', '.', 'Entenda', 'lendo', 'mat√©ria', 'sobre', 'assunto', 'www.FlorestalBrasil.com', 'inscreve', 'canal', 'Youtube', 'logo', 'v√≠deo', 'completo', 'sobre', 'assunto', '.', 'aqui', 'valeu', '.']",['florestal_brasil'],['informativo'],['meio-ambiente']
"['projeto', 'lei', 'permite', 'minera√ß√£o', 'dentro', '√°reas', 'reserva', 'legal', 'aprovado', 'MAto', 'Grosso', '.', 'Assista', 'v√≠deo', 'entenda', 'projeto', '.', 'Assembleia', 'Legislativa', 'Mato', 'Grosso', 'aprovou', 'segunda', 'semana', '2024', '19', 'votos', '3', 'projeto', 'permite', 'minera√ß√£o', '√°reas', 'reserva', 'legal', '.', 'Apenas', 'deputados', 'L√∫dio', 'Cabral', '(', 'PT', ')', 'Wilson', 'Santos', '(', 'PSD', ')', 'Valdir', 'Barranco', '(', 'PT', ')', 'votaram', 'contra', 'projeto', 'lei', '64/2023', '.', 'lei', 'prev√™', 'realoca√ß√£o', '√°reas', 'reserva', 'legal', 'dentro', 'propriedade', 'rural', 'pr√°tica', 'minera√ß√£o', '.', 'acordo', 'C√≥digo', 'Florestal', 'reserva', 'legal', 'percentual', '√°rea', 'vegeta√ß√£o', 'nativa', 'localizada', 'dentro', 'im√≥vel', 'rural', 'deve', 'protegida', 'resguardar', 'fertilidade', 'solo', 'bio', 'diversidade', 'assim', 'manter', 'meio', 'ambiente', 'equilibrado', '.', 'percentual', 'varia', 'acordo', 'bioma', '.', 'caso', 'Mato', 'Grosso', 'tr√™s', 'diversidades', ':', '20', '%', 'Campos', 'Gerais', '(', 'Pantanal', ')', '35', '%', 'cerrado', '80', '%', 'Amaz√¥nia', 'legal', '.', 'Nestas', '√°reas', 'permitidas', 'apenas', 'atividades', 'explora√ß√£o', 'comercial', 'manejo', 'sustent√°vel', '.', 'Ainda', 'conforme', 'projeto', 'minera√ß√£o', 'nestas', '√°reas', 'permitida', 'diante', 'inexist√™ncia', 'alternativa', 'locais', 'minera√ß√£o', 'economicamente', 'vi√°vel', 'outra', '√°rea', '.', 'atividade', 'precisar√°', 'ter', 'estudo', 'impacto', 'ambiental', 'autorizado', 'secretaria', 'estadual', 'meio', 'ambiente', '(', 'SEMAS', ')', 'Especialistas', 'alertam', 'perigo', 'manobra', 'poss√≠veis', 'danos', 'irrevers√≠veis', '.', 'Entenda', 'lendo', 'mat√©ria', 'sobre', 'assunto', 'www.FlorestalBrasil.com', 'inscreve', 'canal', 'Youtube', 'logo', 'v√≠deo', 'completo', 'sobre', 'assunto', '.', 'aqui', 'valeu', '.']",['florestal_brasil'],['politica'],['sustentabilidade']
"['mandioca', '(', 'Manihot', 'esculenta', 'Crantz', ')', 'planta', 'origin√°ria', 'Am√©rica', 'Tropical', 'constituindose', 'principal', 'fonte', 'energia', '700', 'milh√µes', 'pessoas', 'mundo', 'especialmente', 'regi√µes', 'tropicais', 'desenvolvimento', '(', 'IYER', 'et', 'al', '.', '2010', ')', '.', 'mandioca', 'alimento', 'super', 'vers√°til', 'podem', 'extra√≠dos', 'v√°rios', 'produtos', 'servem', 'base', 'prepara√ß√µes', 'culin√°rias', 'saud√°veis', '.', 'multiplicidade', 'relacionada', 'esp√©cie', 'mandioca', 'pois', 'muitas', 'variedades', 'pertencem', 'apenas', 'dois', 'tipos', 'mandioca', ':', 'mansa', 'brava', '.', '(', 'Idec.org', ')', 'mandioca', 'tipo', 'ind√∫stria', '(', 'brava', ')', 'deve', 'submetida', 't√©cnicas', 'detoxifica√ß√£o', '(', 'secagem', ')', 'consumida', '.', 'Sendo', 'assim', 'processamento', 'industrial', 'mandioca', 'necess√°rio', 'transforme', 'farinha', 'polvilho', 'f√©cula', 'raspa', '.', '(', 'Cpt.com.br', ')', 'Quer', 'saber', 'curiosidades', '?', 'Acesse', ':', 'www.FlorestalBrasil.com', 'Informa√ß√£o', 'entretenimento', 'educa√ß√£o', 'todos', 'dias', '#', 'mandioca', '#', 'manihotesculenta', '#', 'curiosidades', '#', 'brasil']",['florestal_brasil'],['informativo'],['flora']
"['arque√≥logos', 'acreditaram', 'antiga', 'floresta', 'amaz√¥nica', 'lugar', 'in√≥spito', 'escassamente', 'povoado', 'bandos', 'ca√ßadores-coletores', 'restos', 'enormes', 'terraplanagens', 'pir√¢mides', 'estradas', 'Bol√≠via', 'Brasil', 'descobertas', '√∫ltimas', 'duas', 'd√©cadas', 'provaram', 'conclusivamente', 'Amaz√≥nia', 'lar', 'sociedades', 'grandes', 'complexas', 'antes', 'chegada', 'colonizadores', 'europeus', '.', 'Agora', 'provas', 'outra', 'sociedade', 'humana', '‚Äì', 'antiga', 'agora', '‚Äì', 'deixou', 'marca', 'regi√£o', ':', 'densa', 'rede', 'cidades', 'interligadas', 'agora', 'escondida', 'sob', 'floresta', 'Vale', 'Upano', 'Equador', 'revelada', 'tecnologia', 'mapeamento', 'laser', 'chamada', 'lidar', '.', 'assentamentos', 'descritos', 'hoje', 'Science', 't√™m', 'menos', '2.500', 'anos', '1.000', 'anos', 'antigos', 'qualquer', 'outra', 'sociedade', 'amaz√¥nica', 'complexa', 'conhecida', '.', 'Leia', 'tudo', 'blog', 'atrav√©s', 'link', 'bio', 'stories', '.', 'https', ':', '//florestalbrasil.com/mapeamento-a-laser-revela-cidades-amazonicas-mais-antigas-construidas-ha-2-500-anos/', '#', 'amazonia', '#', 'cidadesantigas', '#', 'curiosidades', '#', 'floresta']",['florestal_brasil'],['informativo'],['biomas']
"['Brasil', 'come√ßar', 'despoluir', 'rios', '?', 'descarte', 'inadequado', 'res√≠duos', 'causa', 'in√∫meros', 'problemas', 'polui√ß√£o', 'rios', 'c√≥rregos', 'pa√≠s', 'onde', 'mata', 'leito', 'forma', 'lenta', 'totalmente', 'in√∫til', 'vida', '.', '#', 'meioambiente', '#', 'agua', '#', 'rio', '#', 'sustentabilidade']",['florestal_brasil'],['campanha'],['polui√ß√£o']
"['N√£o', 'nenhuma', 'surpresa', 'suou', ':', '2023', 'ano', 'quente', 'hist√≥ria', 'humanidade', 'temperaturas', 'm√©dias', 'superf√≠cie', 'subiram', 'quase', '02¬∞C', 'acima', 'recorde', 'anterior', 'estabelecido', '2016', '148¬∞C', 'acima', 'n√≠veis', 'pr√©-industriais', 'informou', 'hoje', 'Servi√ßo', 'Altera√ß√µes', 'Clim√°ticas', 'Copernicus', 'Uni√£o', 'Europeia', '.', 'condi√ß√µes', 'extremas', '‚Äú', 'testemunho', 'dram√°tico', 'qu√£o', 'longe', 'agora', 'clima', 'civiliza√ß√£o', 'desenvolveu', '‚Äù', 'disse', 'Carlo', 'Buontempo', 'diretor', 'Copernicus', 'comunicado', '.', 'entanto', 'temperaturas', 'recordes', '2023', '‚Äì', 'provavelmente', 'confirmadas', 'an√°lises', 'NASA', 'Administra√ß√£o', 'Nacional', 'Oce√¢nica', 'Atmosf√©rica', 'EUA', 'Met', 'Office', 'Reino', 'Unido', 'Berkeley', 'Earth', '‚Äì', 'encerram', 'mist√©rio', '.', 'queima', 'incessante', 'combust√≠veis', 'f√≥sseis', 'humanidade', 'motor', 'dominante', 'tend√™ncia', 'longo', 'prazo', 'insuficiente', 'explicar', 'aumento', 'repentino', '2023', 'diz', 'Michael', 'Diamond', 'cientista', 'atmosf√©rico', 'Florida', 'State', 'University', '.', 'Leia', 'tudo', 'blog', 'atrav√©s', 'link', 'bio', 'stories', '.', 'https', ':', '//florestalbrasil.com/2023-foi-o-ano-mais-quente-ja-registrado-e-ainda-mais-quente-do-que-o-esperado/', '#', 'mudan√ßasclim√°ticas', '#', 'aquecimentoglobal', '#', 'calor']",['florestal_brasil'],['informativo'],['clima']
"['Expans√£o', 'Borracha', 'causando', 'desmatamento', 'Sudeste', 'Asi√°tico', 'entendimento', 'efeitos', 'expans√£o', 'culturas', 'floresta', 'natural', 'crucial', '.', 'entanto', 'maioria', 'dessas', 'culturas', 'falta', 'mapas', 'globais', 'sensoriamento', 'remoto', 'dificulta', 'avalia√ß√£o', 'impactos', 'globais', 'desmatamento', 'muitas', 'vezes', 'baseia', 'modelos', 'estimativas', '.', 'exemplo', 'not√°vel', 'cultivo', 'borracha', 'sudeste', 'asi√°tico', 'estimativas', 'impactos', 'desmatamento', 'variam', 'consideravelmente', 'chegando', 'diferen√ßas', 'cinco', 'vezes', '.', 'LEIA', 'TUDO', ':', 'https', ':', '//florestalbrasil.com/expansao-da-borracha-esta-causando-desmatamento-no-sudeste-asiatico/']",['florestal_brasil'],['informativo'],['desmatamento']
"['Hoje', 'comum', 'falar', 'reviver', 'animais', 'extintos', 'antes', 'disso', 'n√£o', 'melhor', 'preservar', 'vivos', '?', 'Tigre-da-tasm√¢nia', 'n√£o', 'felino', 'nome', 'comum', 'diz', 'n√£o', 'canino', 'apar√™ncia', 'sugere', 'n√£o', 'mistura', 'dois', 'Marsupial', 'Cangurus', 'Coalas', '.', '#', 'fauna', '#', 'animais', '#', 'animal', '#', 'extinction', '#', 'extin√ß√£o']",['florestal_brasil'],['informativo'],['fauna']
"['Brasil', 'apresentou', 'nesta', 'sexta-feira', '(', '1/12', ')', '#', 'COP28', 'Dubai', 'proposta', 'mecanismo', 'financeiro', 'pagar', 'prote√ß√£o', 'florestas', 'tropicais', '80', 'pa√≠ses', '.', 'recursos', 'destinados', 'redu√ß√£o', 'desmatamento', 'degrada√ß√£o', 'restaura√ß√£o', 'prote√ß√£o', 'destas', 'florestas', '.', 'Veja', 'apresenta√ß√£o', 'completa', 'YouTube', 'MMA', '(', '@', 'mmeioambiente', ')', '.', 'Link', 'stories', '.', '@', 'canalgov']",['mmeioambiente'],['politica'],['financeiro']
"['Reino', 'Unido', 'apoia', 'iniciativas', 'Brasil', 'florestas', 'desenvolvimento', 'sustent√°vel', 'comunidades', 'protegem', 'anunciamos', 'hoje', 'novo', 'aporte', 'financeiro', '¬£35', 'milh√µes', 'Fundo', 'Amaz√¥nia', '.', 'Al√©m', 'an√∫ncio', 'deste', 'valor', 'assinado', '@', 'bndesgovbr', 'contrato', 'doa√ß√£o', '¬£80', 'milh√µes', 'fundo', 'havia', 'sido', 'anunciada', 'maio', '.', 'ministra', '@', 'energygovuk', '@', 'clairecoutinho', 'fez', 'an√∫ncio', 'ministra', '@', 'mmeioambiente', '@', 'marinasilvaoficial', 'presidente', '@', 'bndesgovbr', 'Aloizio', 'Mercadante', 'durante', '#', 'COP28', '.', 'contribui√ß√£o', 'üá¨üáß', 'Fundo', 'Amaz√¥nia', 'neste', 'ano', 'totaliza', 'R', '$', '700', 'milh√µes', '.']",['mmeioambiente'],['politica'],['sustentabilidade']
"['quatro', 'primeiros', 'dias', 'COP28', 'confer√™ncia', 'clima', 'ONU', 'governo', 'federal', 'apresentou', 'fundo', 'global', 'financiar', 'conserva√ß√£o', 'florestas', 'tropicais', 'cerca', '80', 'pa√≠ses', '.', 'instrumento', 'busca', 'captar', 'US', '$', '250', 'bilh√µes', 'pagar√°', 'hectare', 'floresta', 'p√©', 'descontar√°', '√°rea', 'desmatada', '.', 'fundo', 'iniciativas', 'citadas', 'ministra', 'Marina', 'Silva', 'durante', 'discurso', 'painel', 'l√≠deres', 'pa√≠ses', 'florestas', 'tropicais', '.', 'presidente', 'Lula', 'emocionou-se', 'ceder', 'microfone', 'ministra', 'durante', 'sess√£o', 'afirmar', '‚Äú', 'floresta', 'fala', 'si', '‚Äù', '.', 'sess√£o', 'abertura', 'Presid√™ncia', 'COP28', 'Lula', 'cobrou', 'descarboniza√ß√£o', 'urgente', 'planeta', ':', '‚Äú', 'hora', 'enfrentar', 'debate', 'sobre', 'ritmo', 'lento', 'descarboniza√ß√£o', 'planeta', 'trabalhar', 'economia', 'menos', 'dependente', 'combust√≠veis', 'f√≥sseis', '‚Äù', 'afirmou', '.', 'Plano', 'Transforma√ß√£o', 'Ecol√≥gica', 'guiar√°', 'transi√ß√£o', 'verde', 'brasileira', 'apresentado', 'ministro', 'Fazenda', 'Fernando', 'Haddad', '.', 'expectativa', 'quase', 'cem', 'medidas', 'relacionadas', 'iniciativa', 'apresentadas', 'COP30', 'Bel√©m', '(', 'PA', ')', 'sediar√°', '2025', '.', 'encontro', 'presidente', '135', 'representantes', 'sociedade', 'civil', 'movimentos', 'sociais', 'Marina', 'destacou', 'import√¢ncia', 'povos', 'comunidades', 'tradicionais', 'combate', 'mudan√ßas', 'clima', 'demandou', 'a√ß√µes', 'governos', 'mundo', 'setor', 'privado', '.', 'agenda', 'reuni√µes', 'bilaterais', 'incluiu', 'encontros', 'lado', 'Lula', 'secret√°rio-geral', 'ONU', 'Ant√≥nio', 'Guterres', 'presidente', 'Fran√ßa', 'Emmanuel', 'Macron', '.', 'Haddad', 'Marina', 'recebeu', 'presidente', 'Banco', 'Mundial', 'Ajay', 'Banga', '.', 'ministra', 'presidente', 'BNDES', 'Aloizio', 'Mercadante', 'reuniram-se', 'secret√°ria', 'Seguran√ßa', 'Energ√©tica', 'Emiss√µes', 'Zero', 'Reino', 'Unido', 'Claire', 'Coutinho', 'anunciou', 'nova', 'doa√ß√£o', 'R', '$', '215', 'milh√µes', 'Fundo', 'Amaz√¥nia', 'levando', 'aporte', 'total', 'brit√¢nico', 'neste', 'ano', 'R', '$', '715', 'milh√µes', '.', 'domingo', 'Marina', 'embarcou', 'comitiva', 'presidencial', 'Alemanha', '.', 'ministra', 'retornar√°', 'Dubai', 'quarta-feira', '(', '6/12', ')', 'acompanhar', 'segunda', 'semana', 'negocia√ß√µes', '#', 'COP28', '.', 'MMA', 'Fernando', 'Donasci/MMA', 'Ricardo', 'Stuckert/PR']",['mmeioambiente'],['politica'],['clima']
"['Brasil', 'chegou', 'COP28', 'redu√ß√£o', 'significativa', 'desmatamento', 'Amaz√¥nia', '.', 'agora', 'refor√ßa', 'necessidade', 'urg√™ncia', 'Miss√£o', '15¬∞C', 'campanha', 'global', 'ponha', 'mundo', 'trilhos', 'limitar', 'aquecimento', 'global', '15¬∞C', 'evitar', 'cat√°strofe', 'clim√°tica', '.', 'Audiovisual/PR']",['mmeioambiente'],['politica'],['desmatamento']
"['painel', 'comemora√ß√£o', '15', 'anos', 'Fundo', 'Amaz√¥nia', '#', 'COP28', 'ministra', 'Marina', 'Silva', 'explica', 'import√¢ncia', 'iniciativa', 'combater', 'desmatamento', 'promover', 'desenvolvimento', 'sustent√°vel', 'bioma', '.', 'üá≥üá¥üá¨üáß', 'Doadores', 'Fundo', 'Amaz√¥nia', 'ministro', 'noruegu√™s', 'Meio', 'Ambiente', 'Andreas', 'Bjelland', 'Eriksen', 'ministro', 'Transi√ß√£o', 'Energ√©tica', 'Reino', 'Unido', 'Graham', 'Stuart', 'participaram', 'evento', '.', 'Noruega', 'anunciou', 'nesta', 'segunda-feira', '(', '11/12', ')', 'novo', 'aporte', '50', 'milh√µes', 'd√≥lares', '.', 'Desde', 'janeiro', 'deste', 'ano', 'anunciadas', 'novas', 'doa√ß√µes', 'Fundo', 'Amaz√¥nia', 'totalizam', 'cerca', 'R', '$', '39', 'bilh√µes', ':', 'R', '$', '25', 'bilh√µes', 'EUA', 'R', '$', '711', 'milh√µes', 'Reino', 'Unido', 'R', '$', '250', 'milh√µes', 'Noruega', 'R', '$', '186', 'milh√µes', 'Alemanha', 'R', '$', '107', 'milh√µes', 'Dinamarca', 'R', '$', '106', 'milh√µes', 'Uni√£o', 'Europeia', 'R', '$', '28', 'milh√µes', 'Su√≠√ßa', '.', 'informa√ß√µes', 'gov.br/mma', '.']",['mmeioambiente'],['politica'],['financeiro']
"['MMA', '@', 'mturismo', '@', 'ICMBio', '@', 'embraturbrasil', 'assinaram', 'Acordo', 'Coopera√ß√£o', 'T√©cnica', 'desenvolver', 'turismo', 'sustent√°vel', 'Unidades', 'Conserva√ß√£o', '(', 'UCs', ')', 'entornos', '.', 'parceria', 'existe', 'desde', '2017', 'renovada', '5', 'anos', '.', 'Prev√™', 'capacita√ß√£o', 'trabalhadores', 'turismo', 'desenvolvimento', 'novos', 'trechos', 'Rede', 'Nacional', 'Trilhas', 'Longo', 'Curso', '‚Äì', 'RedeTrilhas', 'apoio', 'iniciativas', 'Turismo', 'Base', 'Comunit√°ria', '.', 'busca', 'promover', 'aproveitamento', 'econ√¥mico', 'UCs', 'atrav√©s', 'parcerias', 'estudos', 'capacidade', 'carga', 'divulga√ß√£o', 'atrativos', 'outras', 'a√ß√µes', '.', 'divulga√ß√£o', 'amplia√ß√£o', 'ecoturismo', 'UCs', 'gera', 'renda', 'local', 'cria', 'oportunidades', 'trabalho', 'fortalece', 'conserva√ß√£o', 'patrim√¥nio', 'ambiental', '.', 'secret√°ria', 'nacional', 'Biodiversidade', 'Florestas', 'Direitos', 'Animais', 'MMA', 'Rita', 'Mesquita', 'assinou', 'ACT', 'presidente', 'Embratur', 'Marcelo', 'Freixo', 'ministro', 'Turismo', 'Celso', 'Sabino', 'durante', '7¬™', 'edi√ß√£o', 'Sal√£o', 'Nacional', 'Turismo', 'neste', 's√°bado', '(', '16/12', ')', 'Bras√≠lia', '.', 'ministro', 'Sabino', 'anunciou', 'primeira', 'UC', 'beneficiada', 'Parque', 'Nacional', 'Len√ß√≥is', 'Maranhenses', ':', '‚Äú', 'vamos', 'come√ßar', 'Parque', 'Len√ß√≥is', 'Maranhenses', 'demarcando', 'espa√ßos', 'uso', 'tur√≠stico', '.', 'incentivo', 'importante', 'pessoas', 'moram', 'regi√£o', 'possam', 'ter', 'renda', 'extra', 'explorando', 'ecoturismo', 'sustent√°vel.', '‚Äù', 'Premia√ß√£o', 'diretor', '√Åreas', 'Protegidas', 'MMA', 'Pedro', 'Cunha', 'Menezes', 'vencedor', 'Pr√™mio', 'Nacional', 'Turismo', '2023', 'categoria', '‚Äú', 'Governo', '-', 'Dirigentes', 'Parlamentares', '‚Äù', '.', 'escolha', 'vota√ß√£o', 'popular', 'tr√™s', 'finalistas', 'selecionados', 'comiss√£o', 'julgadora', '.', 'Menezes', 'fundador', 'Rede', 'Brasileira', 'Trilhas', 'Conectividade', '(', '@', 'redetrilhas', ')', 'hoje', 'lidera', 'implementa√ß√£o', 'desta', 'pol√≠tica', 'p√∫blica', 'mobiliza', 'volunt√°rios', 'profissionais', 'ecoturismo', 'estrutura√ß√£o', 'sinaliza√ß√£o', 'conex√£o', 'trilhas', 'todo', 'pa√≠s', 'promovendo', 'turismo', 'conserva√ß√£o', 'ambiental', '.', 'Rede', 'Trilhas', 'coordenada', 'MMA', 'ICMBio', 'MTur', '.', 'Fotos', ':', 'Roberto', 'Castro/MTur', 'Pedro', 'Fran√ßa/Mtur']",['mmeioambiente'],['informativo'],['sustentabilidade']
"['Lei', 'Pantanal', 'sancionada', 'Mato', 'Grosso', 'Sul', 'governador', 'Mato', 'Grosso', 'Sul', 'Eduardo', 'Riedel', 'sancionou', 'nesta', 'segunda-feira', '(', '18/12', ')', 'Lei', 'Pantanal', 'promover√°', 'conserva√ß√£o', 'prote√ß√£o', 'restaura√ß√£o', 'explora√ß√£o', 'sustent√°vel', 'bioma', '.', 'ministra', 'Marina', 'Silva', 'participou', 'evento', '.', 'Elaborada', 'parceria', 'MMA', 'legisla√ß√£o', 'estadual', 'proteger√°', 'cerca', '97', 'milh√µes', 'hectares', 'Pantanal', 'sul-mato-grossense', '.', 'propriedades', 'rurais', 'necess√°rio', 'preservar', '50', '%', '√°rea', 'forma√ß√µes', 'florestais', 'Cerrado', '.', 'Onde', 'forma√ß√µes', 'campestres', 'percentual', '40', '%', '.', 'autoriza√ß√£o', 'supress√£o', 'vegeta√ß√£o', 'nativa', 'depender√°', 'inscri√ß√£o', 'aprova√ß√£o', 'Cadastro', 'Ambiental', 'Rural', 'inexist√™ncia', 'infra√ß√µes', 'ambientais', 'aprova√ß√£o', 'avalia√ß√£o', 'impacto', 'ambiental', 'convers√µes', 'acima', '500', 'hectares', 'outros', '.', 'Cultivos', 'agr√≠colas', 'ex√≥ticos', 'soja', 'cana-de-a√ß√∫car', 'proibidos', 'existentes', 'n√£o', 'poder√£o', 'expandidos', '.', 'confinamento', 'bovino', 'vedado', '.', 'Haver√°', 'autoriza√ß√£o', 'pastoreio', 'extensivo', 'pastagens', 'nativas', 'APPs', 'Reservas', 'Legais', 'desde', 'preserva√ß√£o', 'n√£o', 'prejudicada', '.', 'lei', 'prev√™', 'cria√ß√£o', 'Fundo', 'Clima', 'Pantanal', 'prioridade', 'prote√ß√£o', 'recupera√ß√£o', 'nascentes', 'cobertura', 'vegetal', '.', 'Novos', 'empreendimentos', 'carvoaria', 'n√£o', 'autorizados', 'assim', 'constru√ß√£o', 'diques', 'drenos', 'barragens', 'outras', 'altera√ß√µes', 'regime', 'hidrol√≥gico', 'al√©m', 'pequenas', 'centrais', 'hidrel√©tricas', '(', 'PCHs', ')', '.', 'ainda', 'proibi√ß√µes', 'esp√©cies', 'ex√≥ticas', 'fauna', '.', '2016', '2022', 'desmatamento', 'bioma', 'Estado', 'aumentou', '254', '%', 'compara√ß√£o', 'registrado', '2009', '2015', 'segundo', 'dados', 'Inpe', '.', 'nota', 't√©cnica', 'MMA', 'constatou', 'crit√©rios', 'adotados', 'Estado', 'autorizar', 'desmatamentos', 'desacordo', 'C√≥digo', 'Florestal', 'recomendou', 'altera√ß√µes', 'normativas', 'Conama', '.', 'governo', 'estadual', 'procurou', 'pasta', 'solu√ß√£o', 'conjunta', '.', 'agosto', 'governador', 'suspendeu', 'autoriza√ß√µes', 'desmatamento', 'criado', 'grupo', 'trabalho', 'representantes', 'MMA', 'Ibama', 'ICMBio', 'elaborar', 'anteprojeto', 'lei', 'apresentado', 'Assembleia', 'Legislativa', '.', 'informa√ß√µes', 'gov.br/mma', '.', 'Fotos', ':', 'Saul', 'Schramm/MS', ';', 'MMA', '.']",['mmeioambiente'],['informativo'],['biomas']
"['Retrospectiva', '2023', '|', 'Redu√ß√£o', 'desmatamento', '√°rea', 'sob', 'alertas', 'desmatamento', 'Amaz√¥nia', 'caiu', '505', '%', 'janeiro', 'novembro', 'rela√ß√£o', 'per√≠odo', '2022', 'segundo', 'dados', 'sistema', 'Deter', 'Inpe', '.', 'queda', 'resultado', 'retomada', 'pol√≠tica', 'ambiental', 'intensifica√ß√£o', 'a√ß√µes', 'comando', 'controle', 'desde', 'posse', 'presidente', 'Lula', '.', 'autos', 'infra√ß√£o', 'aplicados', 'Ibama', 'crimes', 'contra', 'flora', 'Amaz√¥nia', 'cresceram', '114', '%', '11', 'primeiros', 'meses', '2023', 'rela√ß√£o', 'm√©dia', 'per√≠odo', '√∫ltimos', 'quatro', 'anos', '.', 'embargos', 'aumentaram', '73', '%', 'apreens√µes', '72', '%', '.', 'destrui√ß√£o', 'equipamentos', 'alta', '153', '%', 'multas', 'crimes', 'contra', 'flora', '67', '%', '.', 'redu√ß√£o', 'desmatamento', 'evitou', 'lan√ßamento', 'atmosfera', 'cerca', '250', 'milh√µes', 'toneladas', 'g√°s', 'carb√¥nico', 'equivalente', '.', 'Quase', 'metade', 'emiss√µes', 'brasileiras', 'vem', 'destrui√ß√£o', 'vegeta√ß√£o', 'nativa', '.', 'Plano', 'A√ß√£o', 'Preven√ß√£o', 'Controle', 'Desmatamento', 'Amaz√¥nia', '(', 'PPCDAm', ')', 'relan√ßado', '5', 'junho', 'ap√≥s', 'revogado', '2019', '.', 'plano', 'refor√ßa', 'compromisso', 'desmatamento', 'zero', '2030', 'cumprimento', 'metas', 'clim√°ticas', 'brasileiras', '.', 'A√ß√µes', 'incluem', 'altera√ß√£o', 'regras', 'Conselho', 'Monet√°rio', 'Nacional', 'acesso', 'cr√©dito', 'rural', 'combate', 'garimpo', 'ilegal', 'Terras', 'Ind√≠genas', 'bloqueio', 'Cadastros', 'Ambientais', 'Rurais', 'sobrepostos', 'Terras', 'Ind√≠genas', 'Unidades', 'Conserva√ß√£o', 'Florestas', 'P√∫blicas', 'N√£o', 'Destinadas', 'outras', 'medidas', '.', '2023', 'governo', 'federal', 'declarou', 'interesse', 'destina√ß√£o', 'cerca', '14', 'milh√µes', 'hectares', 'florestas', 'p√∫blicas', 'federais', '.', 'expectativa', 'declara√ß√£o', 'interesse', 'outros', '10', 'milh√µes', 'hectares', 'primeiro', 'semestre', '2024', '.', 'Devido', 'governan√ßa', 'ambiental', 'brasileira', 'novas', 'doa√ß√µes', 'Fundo', 'Amaz√¥nia', 'totalizam', 'R', '$', '39', 'bilh√µes', '.', 'Estados', 'Unidos', 'Alemanha', 'Reino', 'Unido', 'Uni√£o', 'Europeia', 'Dinamarca', 'Su√≠√ßa', 'Noruega', 'anunciaram', 'novos', 'aportes', 'fundo', 'retomado', 'janeiro', 'ap√≥s', 'paralisa√ß√£o', 'quatro', 'anos', 'cerca', 'R', '$', '4', 'bilh√µes', 'caixa', '.', 'Leia', 'balan√ßo', '√°rea', 'ambiental', '2023', ':', 'https', ':', '//www.gov.br/mma/pt-br/governo-federal-retoma-politica-ambiental-e-climatica-em-2023']",['mmeioambiente'],['informativo'],['desmatamento']
"['Retrospectiva', '2023', '|', 'Retomada', 'TI', 'Yanomami', '√°rea', 'desmatada', 'abertura', 'novos', 'garimpos', 'Terra', 'Ind√≠gena', 'Yanomami', 'caiu', '77', '%', 'janeiro', 'novembro', 'rela√ß√£o', 'per√≠odo', '2022', 'segundo', 'dados', 'Brasil', 'Pol√≠cia', 'Federal', '.', 'Ibama', 'atua', 'regi√£o', 'desde', 'fevereiro', 'retomada', 'TI', 'Yanomami', 'come√ßou', '.', 'instituto', 'realiza', 'opera√ß√µes', 'destrui√ß√£o', '√°reas', 'garimpo', 'apreens√£o', 'equipamentos', 'bloqueio', 'fluxo', 'suprimentos', 'rios', 'arredores', 'TI', 'outras', 'a√ß√µes', '.', 'apreendidos', 'destru√≠dos', 'menos', ':', '339', 'acampamentos', '33', 'aeronaves', '287', 'motores', '36', 'toneladas', 'cassiterita', '26', 'mil', 'litros', 'combust√≠vel', '32', 'balsas', '42', 'barcos', '154', 'equipamentos', 'comunica√ß√£o', '147', 'estruturas', 'log√≠sticas', '87', 'geradores', 'energia', '3', 'tratores', '63', 'kg', 'merc√∫rio', '√∫ltimo', 'dia', '22', 'presidente', 'Lula', 'determinou', '√≥rg√£os', 'federais', 'intensifiquem', 'a√ß√µes', 'combate', 'garimpo', 'regi√£o', '.', 'prote√ß√£o', 'povo', 'Yanomami', 'destacou', 'presidente', 'durante', 'reuni√£o', 'ministerial', 'prioridade', 'governo', 'desde', 'in√≠cio', 'gest√£o', '.', 'Leia', 'balan√ßo', '√°rea', 'ambiental', '2023', ':', 'https', ':', '//www.gov.br/mma/pt-br/governo-federal-retoma-politica-ambiental-e-climatica-em-2023']",['mmeioambiente'],['informativo'],['meio-ambiente']
"['Retrospectiva', '|', 'Corre√ß√£o', 'meta', 'clim√°tica', 'Brasil', 'comunicou', 'ONU', 'outubro', 'corre√ß√£o', 'meta', 'clim√°tica', 'retomando', 'ambi√ß√£o', 'assumida', '2015', 'Acordo', 'Paris', '.', 'Contribui√ß√£o', 'Nacionalmente', 'Determinada', '(', 'NDC', 'sigla', 'ingl√™s', ')', 'pa√≠s', 'havia', 'sido', 'enfraquecida', 'governo', 'anterior', '.', 'mudan√ßa', 'Brasil', 'comprometeu', 'reduzir', 'emiss√µes', '48', '%', '2025', '53', '%', '2030', '.', 'promessa', 'antiga', 'cort√°-las', '37', '%', '50', '%', 'respectivamente', '.', 'corre√ß√£o', 'anunciada', 'ministra', 'Marina', 'Silva', 'setembro', 'C√∫pula', 'Ambi√ß√£o', 'Clim√°tica', 'ONU', 'Nova', 'York', ':', '‚Äú', 'Vamos', 'retomar', 'n√≠vel', 'ambi√ß√£o', 'apresentamos', 'originalmente', 'COP', '21', 'sido', 'alterado', 'governo', 'anterior', '‚Äù', 'discursou', 'ministra', '.', 'decis√£o', 'corrigir', 'meta', 'tomada', 'Comit√™', 'Interministerial', 'sobre', 'Mudan√ßa', 'Clima', '(', 'CIM', ')', 'principal', '√≥rg√£o', 'governan√ßa', 'clim√°tica', 'pa√≠s', '.', 'Presidido', '@', 'casacivilbr', 'conselho', 'reformulado', 'junho', 'presidente', 'Lula', 'composto', '18', 'minist√©rios', '.', 'Segundo', 'documento', 'enviado', 'ONU', '@', 'itamaratygovbr', 'comunicar', 'corre√ß√£o', '‚Äú', 'Brasil', 'mostra', 'compromisso', 'total', 'Acordo', 'Paris', '‚Äù', 'desejo', 'liderar', 'exemplo', '.', '‚Äú', 'governo', 'Brasil', 'reitera', 'ainda', 'objetivo', 'longo', 'prazo', 'chegar', 'neutralidade', 'clim√°tica', '2050', '‚Äù', 'afirma', 'texto', '.', 'CIM', 'aprovou', 'atualiza√ß√£o', 'Plano', 'Clima', 'cria√ß√£o', 'grupos', 'trabalho', 'elaborar', 'estrat√©gias', 'nacionais', 'planos', 'setoriais', 'adapta√ß√£o', 'mitiga√ß√£o', '.', 'processo', 'determinar√°', 'ainda', 'nova', 'meta', 'clim√°tica', 'brasileira', 'deve', 'apresentada', 'COP30', '2025', 'cidade', 'Bel√©m', '(', 'PA', ')', '.', 'discurso', 'COP28', 'Dubai', 'Emirados', '√Årabes', 'Unidos', 'presidente', 'Lula', 'defendeu', 'maior', 'ambi√ß√£o', 'internacional', 'financiamento', 'clim√°tico', 'pa√≠ses', 'desenvolvimento', 'consigam', 'implementar', 'incrementar', 'NDCs', ':', '‚Äú', 'dois', 'anos', 'COP30', 'necess√°rio', 'redobrar', 'esfor√ßos', 'implementar', 'NDCs', 'assumimos', '.', 'Bel√©m', 'precisamos', 'anunciar', 'NDCs', 'ousadas', 'garantir', 'meios', 'implementa√ß√£o', 'necess√°rios', 'concretiz√°-las', ""''"", 'afirmou', 'presidente', '.', 'Leia', 'balan√ßo', '√°rea', 'ambiental', '2023', ':', 'https', ':', '//www.gov.br/mma/pt-br/governo-federal-retoma-politica-ambiental-e-climatica-em-2023']",['mmeioambiente'],['informativo'],['clima']
"['Retrospectiva', '2023', '|', 'Novos', 'an√∫ncios', 'doa√ß√µes', 'Fundo', 'Amaz√¥nia', 'an√∫ncios', 'novas', 'doa√ß√µes', 'Fundo', 'Amaz√¥nia', 'somam', 'R', '$', '39', 'bilh√µes', 'desde', 'janeiro', 'resultado', 'retomada', 'governan√ßa', 'ambiental', 'clim√°tica', 'Brasil', '.', 'novos', 'aportes', 'praticamente', 'dobrar√£o', 'cerca', 'R', '$', '4', 'bilh√µes', 'ficaram', 'congelados', 'caixa', 'durante', 'governo', 'anterior', '.', 'Fundo', 'Amaz√¥nia', 'ficou', 'paralisado', '2019', '2022', 'devido', 'extin√ß√£o', 'comit√™', 'orientador', 'desmonte', 'pol√≠tica', 'ambiental', '.', 'presidente', 'Lula', 'emitiu', 'decreto', 'retomar', 'mecanismo', '1¬∞', 'janeiro', 'dia', 'posse', '.', 'Desde', 'ent√£o', 'anunciaram', 'novas', 'contribui√ß√µes', 'fundo', ':', 'Estados', 'Unidos', 'üá∫üá∏', ':', '500', 'milh√µes', 'd√≥lares', '(', 'R', '$', '25', 'bilh√µes', ')', 'Reino', 'Unido', 'üá¨üáß', ':', '115', 'milh√µes', 'libras', '(', 'R', '$', '715', 'milh√µes', ')', 'Noruega', 'üá≥üá¥', ':', '50', 'milh√µes', 'd√≥lares', '(', 'R', '$', '250', 'milh√µes', ')', 'Alemanha', 'üá©üá™', ':', '35', 'milh√µes', 'euros', '(', 'R', '$', '190', 'milh√µes', ')', 'Dinamarca', 'üá©üá∞', ':', '150', 'milh√µes', 'coroas', 'dinamarquesas', '(', 'R', '$', '110', 'milh√µes', ')', 'Uni√£o', 'Europeia', 'üá™üá∫', ':', '20', 'milh√µes', 'euros', '(', 'R', '$', '100', 'milh√µes', ')', 'Su√≠√ßa', 'üá®üá≠', ':', '50', 'milh√µes', 'francos', 'su√≠√ßos', '(', 'R', '$', '30', 'milh√µes', ')', '(', 'Cota√ß√µes', 'dias', 'doa√ß√µes', 'anunciadas', ')', 'Fundo', 'Amaz√¥nia', 'criado', '2008', 'presidente', 'Lula', 'permitiu', 'apoio', 'internacional', 'a√ß√µes', 'combate', 'desmatamento', 'Brasil', '.', 'mecanismo', 'primeira', 'maior', 'experi√™ncia', 'planeta', 'pagamento', 'resultados', 'redu√ß√£o', 'emiss√µes', 'gases', 'efeito', 'estufa', 'provenientes', 'desmatamento', 'degrada√ß√£o', 'florestal', '.', 'fundo', 'prev√™', 'apoio', 'n√£o', 'reembols√°vel', 'a√ß√µes', 'preven√ß√£o', 'monitoramento', 'combate', 'desmatamento', 'conserva√ß√£o', 'uso', 'sustent√°vel', 'Amaz√¥nia', 'Legal', '.', '20', '%', 'recursos', 'podem', 'usados', 'desenvolvimento', 'sistemas', 'monitoramento', 'controle', 'desmatamento', 'outros', 'biomas', 'brasileiros', 'outros', 'pa√≠ses', 'tropicais', '.', 'Gerido', '@', 'bndesgovbr', 'fundo', 'apoiou', '106', 'projetos', 'desde', 'cria√ß√£o', '.', 'recursos', 'beneficiaram', 'aproximadamente', '241', 'mil', 'pessoas', 'atividades', 'produtivas', 'sustent√°veis', '101', 'Terras', 'Ind√≠genas', '196', 'Unidades', 'Conserva√ß√£o', '.', 'Leia', 'balan√ßo', '√°rea', 'ambiental', '2023', ':', 'https', ':', '//www.gov.br/mma/pt-br/governo-federal-retoma-politica-ambiental-e-climatica-em-2023']",['mmeioambiente'],['informativo'],['financeiro']
"['tartaruga-da-amaz√¥nia', '(', 'Podocnemis', 'expansa', ')', 'maior', 'quel√¥nio', 'rios', 'Am√©rica', 'Sul', 'maiores', '√°gua', 'doce', 'planeta', '.', 'Pode', 'viver', '80', 'anos', 'f√™meas', 'podem', 'alcan√ßar', 'quase', '1', 'metro', 'comprimento', '.', 'esp√©cie', 'vive', 'rios', 'Amaz√¥nia', 'Cerrado', 'regi√£o', 'Norte', 'Mato', 'Grosso', 'Goi√°s', '.', 'amea√ßada', 'extin√ß√£o', 'v√°rios', 'pa√≠ses', 'vizinhos', 'devido', 'ca√ßa', 'coleta', 'ovos', 'alimenta√ß√£o', 'humana', 'n√£o', 'classificada', 'nenhum', 'n√≠vel', 'amea√ßa', 'Brasil', '.', 'Tabuleiro', 'Guapor√©', 'Rond√¥nia', 'local', 'nidifica√ß√£o', 'importante', 'esp√©cie', '.', '√°rea', 'fica', 'rio', 'nome', 'fronteira', 'Bol√≠via', '.', 'desova', 'come√ßa', 'outubro', 'durante', 'vazante', 'rios', 'formam', 'grandes', 'bancos', 'areia', 'margens', '.', 'Milhares', 'f√™meas', 'adultas', 'viajam', 'muitos', 'quil√¥metros', 'rio', 'acima', 'enterrar', 'milh√µes', 'ovos', 'Tabuleiro', 'Guapor√©', 'intervalo', 'poucas', 'semanas', '.', 'Agentes', 'Ibama', 'popula√ß√µes', 'tradicionais', 'locais', 'monitoram', 'temporada', 'reprodutiva', 'protegem', 'ber√ß√°rios', 'fiscalizam', 'ca√ßa', 'ilegal', 'esp√©cie', '.', 'atividades', 'fazem', 'parte', 'Projeto', 'Quel√¥nios', 'Amaz√¥nia', '(', '@', 'pqa_ibama', ')', 'come√ßou', '1979', 'sob', 'responsabilidade', '@', 'ibamagov', 'desde', '2011', '.', 'dezembro', 'censo', 'reprodutivo', 'realizado', 'quatro', 'praias', 'regi√£o', 'contabilizou', '1.409.263', 'filhotes', 'tartarugas', '.', 'contagem', 'retomada', '2023', 'ap√≥s', 'paralisa√ß√£o', 'anos', 'anteriores', 'falta', 'servidores', '.', 'Moradores', 'locais', 'Associa√ß√£o', 'Quilombola', 'Ecol√≥gica', 'Vale', 'Guapor√©', '(', 'Ecovale', ')', 'apoiam', 'atividades', '.', 'outras', '√°reas', 'Amaz√¥nia', 'PQA', 'protege', 'c√°gados', 'esp√©cies', 'tracaj√°', '(', 'P.', 'unifilis', ')', 'ia√ß√°', '(', 'P.', 'sextuberculata', ')', 'al√©m', 'outros', 'quel√¥nios', '.', 'Neste', 'ano', 'retomada', 'outro', 'programa', 'paralisado', 'gest√£o', 'anterior', 'beneficiou', 'PQA', '.', 'Programa', 'Convers√£o', 'Multas', 'Ambientais', 'disponibilizou', 'recursos', 'compra', 'equipamentos', 'log√≠stica', 'equipes', 'fiscaliza√ß√£o', 'biometria', 'animais', '.', 'informa√ß√µes', 'Ibama', 'plataforma', 'Salve/', '@', 'icmbio', '.']",['mmeioambiente'],['informativo'],['fauna']
"['√°rea', 'sob', 'alertas', 'desmatamento', 'Amaz√¥nia', 'caiu', '50', '%', '2023', 'segundo', 'dados', 'sistema', 'Deter', 'Inpe', '(', '@', 'mcti', ')', '.', 'redu√ß√£o', 'evitou', 'lan√ßamento', '250', 'milh√µes', 'toneladas', 'g√°s', 'carb√¥nico', 'equivalente', 'atmosfera', '.', 'redu√ß√£o', 'anual', 'maior', 's√©rie', 'hist√≥rica', 'Deter', 'emite', 'alertas', 'di√°rios', 'apoiar', 'fiscaliza√ß√£o', 'desde', '2015', '.', 'janeiro', 'dezembro', '2023', 'Ibama', 'aumentou', 'autos', 'infra√ß√£o', 'crimes', 'contra', 'flora', '106', '%', 'compara√ß√£o', 'm√©dia', '2019', '2022', '.', 'destrui√ß√£o', 'bens', 'embargos', 'cresceram', '161', '%', '64', '%', 'respectivamente', 'per√≠odo', '.', 'apreens√µes', 'aumentaram', '79', '%', '.', 'abril', 'presidente', 'Lula', 'anunciou', 'homologa√ß√£o', 'seis', 'novas', 'TIs', 'recriou', 'Comit√™', 'Gestor', 'Pol√≠tica', 'Nacional', 'Gest√£o', 'Territorial', 'Ambiental', 'Terras', 'Ind√≠genas', '(', 'PNGATI', ')', 'Conselho', 'Nacional', 'Pol√≠tica', 'Indigenista', '(', 'CNPI', ')', 'extintos', 'governo', 'anterior', '.', 'setembro', 'presidente', 'assinou', 'homologa√ß√£o', 'duas', 'TIs', '.', 'oito', 'novas', 'Terras', 'Ind√≠genas', 'somam', 'cerca', '818', 'mil', 'hectares', '.', 'governo', 'federal', 'retomou', 'Plano', 'A√ß√£o', 'Preven√ß√£o', 'Controle', 'Desmatamento', 'Amaz√¥nia', 'Legal', '(', 'PPCDAm', ')', 'paralisado', 'gest√£o', 'anterior', '.', 'quinta', 'fase', 'plano', 'lan√ßada', 'junho', '.', '2004', '2012', 'PPCDAm', 'guiou', 'pol√≠ticas', 'reduziram', 'desmatamento', '83', '%', '.', 'compromisso', 'presidente', 'Lula', 'zerar', 'desmatamento', 'pa√≠s', '2030', '.']",['mmeioambiente'],['informativo'],['desmatamento']
"['MMA', 'lan√ßou', 'nesta', 'quinta', '(', '11/1', ')', 'Programa', 'Ambiente', '√çntegro', 'iniciativa', 'refor√ßar√°', 'compromisso', '√©tica', 'respeito', 'transpar√™ncia', 'atividades', 'institucionais', '.', 'ministra', 'Marina', 'Silva', 'ministro', '@', 'cguoficial', 'Vin√≠cius', 'Marques', 'Carvalho', 'participaram', 'cerim√¥nia', '.', 'programa', 'apresentado', 'chefe', 'Assessoria', 'Especial', 'Controle', 'Interno', 'MMA', 'Humberto', 'Schloegl', '.', 'implement√°-lo', 'MMA', 'lan√ßou', 'Plano', 'Integridade', 'bi√™nio', '2025-2027', '47', 'objetivos', 'divididos', 'seis', 'eixos', ':', 'treinamento', 'desenvolvimento', 'governan√ßa', 'promo√ß√£o', '√©tica', 'transpar√™ncia', 'p√∫blica', 'monitoramento', 'comunica√ß√£o', '.', 'Medidas', 'concretas', 'estrat√©gias', 'bem', 'definidas', 'afirmou', 'Marina', 'fortalecem', 'comprometimento', 'ambiente', 'trabalho', 'saud√°vel', 'inclusivo', 'al√©m', 'prevenir', 'corrup√ß√£o', 'fomentar', 'transpar√™ncia', '.', 'integridade', 'disse', 'exige', 'democracia', 'fortalecida', ':', '‚Äú', 'imposs√≠vel', 'ter', 'pol√≠tica', 'p√∫blica', 'integridade', 'ambiente', 'autorit√°rio', '‚Äù', '.', 'Al√©m', 'foco', 'combate', 'fraude', 'corrup√ß√£o', 'desde', '2023', 'a√ß√µes', 'tratam', 'respeito', 'direitos', 'valores', 'diversidade', 'responsabilidade', 'organiza√ß√µes', 'p√∫blicas', 'fazer', 'entregas', 'melhores', 'sociedade', '.', 'institui√ß√£o', '√≠ntegra', 'preciso', 'n√£o', 'corrupta', '‚Äù', 'disse', 'Carvalho', '.', '‚Äú', 'legitimidade', 'atua√ß√£o', 'depende', 'conseguirmos', 'consolidar', 'rela√ß√£o', 'confian√ßa', 'sociedade', '.', 'precisamos', 'contaminar', 'sociedade', 'vontade', 'acompanhar', 'controlar', 'estabelecer', 'rela√ß√µes', 'governo', 'quais', 'cidad√£o', 'veja', 'refletido', 'anseios', 'd√∫vidas', 'aspira√ß√µes', '‚Äù', '.', 'Plano', 'Integridade', 'determina', 'normas', 'procedimentos', 'responsabilidades', 'outras', 'a√ß√µes', 'unidades', 'devem', 'implementar', '.', 'iniciativas', 'incluem', 'medidas', 'conscientiza√ß√£o', 'produ√ß√£o', 'avalia√ß√µes', 'implementa√ß√£o', 'programas', 'elabora√ß√£o', 'planejamento', 'estrat√©gico', 'exemplo', '.', 'ministra', 'Marina', 'anunciou', 'ainda', 'cria√ß√£o', 'Comit√™', 'Permanente', 'Gest√£o', 'Integridade', 'MMA', 'Rede', 'Integridade', 'MMA', 'inclui', 'unidades', 'vinculadas', 'promover', 'integra√ß√£o', '√≥rg√£os', 'fortalecer', 'a√ß√µes', '.', 'informa√ß√µes', 'mma.gov.br', '.']",['mmeioambiente'],['politica'],['meio-ambiente']
"['ministra', 'Marina', 'Silva', 'representou', 'Brasil', '@', 'worldeconomicforum', 'finalizado', 'nesta', 'sexta', '(', '19/1', ')', 'Davos', 'Su√≠√ßa', '.', 'pronunciamentos', 'defendeu', 'mudan√ßa', 'profunda', 'forma', 'natureza', 'deve', 'avaliada', ':', 'prioridade', 'colocada', 'valor', 'trazido', 'natureza', 'n√£o', 'custo', 'preserva√ß√£o', '.', 'delega√ß√£o', 'brasileira', 'Davos', 'contou', 'ministros', 'Alexandre', 'Silveira', '(', '@', 'minaseenergia', ')', 'N√≠sia', 'Trindade', '(', '@', 'minsaude', ')', '.', '‚Äú', 'natureza', 'valores', 'muitas', 'vezes', 'forma', 'est√°gio', 'encontramos', 'ainda', 'n√£o', 'conseguiram', 'alcan√ßar', '.', 'algum', 'momento', 'vamos', 'descobrir', 'valores', 'existem', 'talvez', 'possam', 'precificados', '‚Äù', 'disse', 'ministra', 'pain√©is', 'F√≥rum', '.', 'servi√ßos', 'prestados', 'natureza', 'sociedade', '(', 'servi√ßos', 'ambientais', 'ecossist√™micos', ')', 'prioridades', 'grupo', 'trabalho', 'Sustentabilidade', 'Ambiental', 'Clim√°tica', 'presid√™ncia', 'brasileira', 'G20', '.', 'outro', 'painel', 'realizado', 'ter√ßa-feira', 'participa√ß√£o', 'presidente', 'Col√¥mbia', 'Gustavo', 'Petro', 'Marina', 'comentou', 'metas', 'ambientais', 'importantes', 'adotadas', 'governos', 'Amaz√¥nia', ':', 'zerar', 'desmatamento', '2030', 'caso', 'Brasil', 'encerrar', 'extra√ß√£o', 'petr√≥leo', 'g√°s', 'caso', 'Col√¥mbia', '.', '‚Äú', 'Brasil', 'tomou', 'decis√£o', 'corajosa', 'desmatamento', 'zero', '.', 'Col√¥mbia', 'tomou', 'decis√£o', 'rela√ß√£o', 'petr√≥leo', 'zero', '.', 'algum', 'momento', 'vamos', 'encontrar', 'Col√¥mbia', 'vai', 'dizer', 'desmatamento', 'zero', 'humanidade', 'vai', 'ter', 'dizer', 'petr√≥leo', 'zero', '‚Äù', 'afirmou', '.', 'quinta', 'Marina', 'participou', 'mesa', 'sobre', 'oceano', 'debate', 'realizado', 'governo', 'Su√≠√ßa', 'sobre', 'Amaz√¥nia', 'mudan√ßa', 'clima', 'lado', 'ministro', 'Luis', 'Fernando', 'Barroso', '(', 'Supremo', 'Tribunal', 'Federal', ')', '.', 'participaram', 'Martina', 'Hirayama', 'secret√°ria', 'Educa√ß√£o', 'Su√≠√ßa', ';', 'Thomas', 'Crowther', 'professor', '@', 'ethzurich', ';', 'Michael', 'Schaepman', 'professor', '@', 'uzh.ch', ';', 'apresentadora', 'Hosana', 'Silva', '.', 'painel', 'moderado', 'Gioia', 'Deucher', '(', 'InnHub', 'La', 'Punt', ')', '.', 'ministra', 'ainda', 'reuni√µes', 'conservacionista', 'Jane', 'Goodall', '(', '@', 'janegoodallinst', ')', 'Peter', 'Thompson', '(', '@', 'oceanenvoy', ')', ';', 'representantes', '@', 'opensocietyfoundations', ';', 'Daren', 'Tang', 'diretor-geral', '@', 'wipo', ';', 'Juan', 'Manuel', 'Louvier', 'diretor-geral', '@', 'inaes_mx', '.']",['mmeioambiente'],['politica'],['meio-ambiente']
"['MMA', 'participou', 'nesta', 'quinta-feira', '(', '25/1', ')', 'lan√ßamento', 'relat√≥rio', 'Agenda', 'Transversal', 'Ambiental', 'Plano', 'Plurianual', '(', 'PPA', ')', '2024-2027', '@', 'planejamentoeorcamento', '(', 'MPO', ')', '.', 'evento', 'Bras√≠lia', 'presen√ßa', 'ministras', 'Marina', 'Silva', 'Simone', 'Tebet', '(', 'MPO', ')', 'ministro', 'Waldez', 'G√≥es', '(', '@', 'midregional', ')', '.', 'documento', 'apresenta', 'dados', 'metas', 'relacionadas', 'agenda', 'ambiental', 'refletindo', 'prioridade', 'planejamento', 'governo', 'federal', '.', 'tema', 'presente', '50', '88', 'programas', 'PPA', 'al√©m', '113', 'objetivos', 'espec√≠ficos', '372', 'entregas', '150', 'medidas', 'institucionais', 'normativas', '.', '‚Äú', 'aqui', 'povo', 'brasileiro', 'quer', '.', 'programa', 'votado', 'PPA', 'sobre', 'mudan√ßas', 'clim√°ticas', '.', 'A√ß√µes', 'preventivas', 'evitar', 'desastres', 'naturais', '‚Äù', 'discursou', 'ministra', 'Tebet', '.', '‚Äú', 'Precisamos', 'apresentar', 'Brasil', 'agenda', 'l√°', 'atr√°s', 'segundo', 'Marina', 'utopia', '.', 'virou', 'sonho', 'distante', 'agora', 'n√£o', 'falando', 'sonho', '.', 'falando', 'agenda', 'transversal', 'ambiental', '‚Äù', '.', 'pautas', 'ambientais', 'diretamente', 'inseridas', 'PPA', 'objetivos', 'recupera√ß√£o', 'solo', 'recursos', 'h√≠dricos', 'gest√£o', 'res√≠duos', 'recupera√ß√£o', 'florestal', 'bioeconomia', 'combate', 'desmatamento', '.', 'presente', 'agendas', 'relacionadas', 'infraestrutura', 'log√≠stica', 'energia', 'qualidade', 'vida', '.', '‚Äú', 'conceito', 'materializou', '.', 'ideias', 'ganham', 'vida', 'ganham', 'for√ßa', 'gente', 'ousa', 'fazer', 'pol√≠tica', 'p√∫blica', 'baseada', 'evid√™ncia', '‚Äù', 'discursou', 'ministra', 'Marina', 'Silva', 'evento', 'ressaltando', 'transversalidade', 'agenda', 'ambiental', '.', '‚Äú', 'queremos', 'pol√≠tica', 'ambiental', 'toda', 'Esplanada', '.', 'minist√©rios', 'funcionam', 'outros', 'funcionarem', '.', 'Queremos', 'combater', 'desmatamento', 'mudan√ßa', 'modelo', 'desenvolvimento', 'fazer', 'mudan√ßa', 'forma', 'estruturante', '‚Äù', 'disse', '.', 'metas', '2027', 'destacam-se', 'redu√ß√£o', '20', '%', 'desmatamento', 'ano', 'todos', 'biomas', 'todos', 'munic√≠pios', 'brasileiros', 'a√ß√µes', 'adapta√ß√£o', 'eventos', 'extremos', 'secas', 'inunda√ß√µes', '.', 'metas', 'espec√≠ficas', 'povos', 'ind√≠genas', 'quilombolas', 'consolida√ß√£o', 'territorial', 'qualidade', 'vida', '.', 'informa√ß√µes', 'MPO', '.', 'informa√ß√µes', 'link', 'relat√≥rio', 'gov.br/planejamento', '.']",['mmeioambiente'],['informativo'],['meio-ambiente']
"['ministra', 'Marina', 'Silva', 'recebeu', 'segunda-feira', '(', '5/9', ')', 'jovem', 'ativista', 'colombiano', 'Francisco', 'Vera', '14', 'anos', '.', 'Francisco', 'entregou', 'ministra', '‚Äú', 'Declara√ß√£o', 'Ecoesperan√ßa', '‚Äù', 're√∫ne', 'demandas', 'crian√ßas', 'jovens', 'relacionadas', 'meio', 'ambiente', 'educa√ß√£o', 'ambiental', 'clim√°tica', 'maior', 'representa√ß√£o', 'tomada', 'decis√£o', '.', 'Not√≠cias', 'sobre', 'desmatamento', 'queimadas', 'Amaz√¥nia', 'fizeram', 'menino', 'ingressar', 'ativismo', 'ambiental', '2019', '.', 'fundou', 'movimento', 'Guardi√µes', 'Vida', 'hoje', 're√∫ne', 'cerca', '700', 'crian√ßas', 'jovens', 'planeta', '.', '‚Äú', 'Amaz√¥nia', 'fundamental', 'n√£o', 'Brasil', 'todo', 'mundo', '.', 'pulm√£o', 'mundo', 'situa√ß√£o', 'chave', 'futuro', '‚Äù', 'disse', 'ativista', '@', 'agencia.brasil', '.', 'Francisco', 'participou', 'reuni√£o', 'MMA', 'representantes', 'Instituto', 'Alana', 'organiza√ß√£o', 'sociedade', 'civil', 'atua', 'direitos', 'crian√ßas', '.', 'Ap√≥s', 'encontro', 'Marina', 'destacou', 'for√ßa', 'pol√≠tica', 'ativismo', 'ambiental', 'infantojuvenil', '.', '‚Äú', 'crian√ßas', 'jovens', 't√™m', 'for√ßa', 'grande', 'porque', 'fi√©is', 'deposit√°rios', 'bens', 'naturais', 'pa√≠ses', 'possuem', '.', 'autoridades', 'obriga√ß√£o', 'entregar', 'mundo', 'igual', 'melhor', 'encontramos', '.', 'Ent√£o', 'ativismo', 'empenho', 'al√©m', 'for√ßa', 'pol√≠tica', 'importante', 'cria', 'constrangimento', '√©tico', 'podendo', 'tendo', 'meios', 'agir', 'n√£o', 'fazendo', 'parte', '‚Äù', 'disse', 'ministra', 'Ag√™ncia', 'Brasil', '.', 'Francisco', 'participou', 'oficina', '‚Äú', 'Justi√ßa', 'clim√°tica', ':', 'novo', 'caminho', 'adapta√ß√£o', 'Brasil', '‚Äù', 'promovida', 'MMA', 'debater', 'medidas', 'adapta√ß√£o', 'mudan√ßas', 'clim√°ticas', 'governo', 'academia', 'sociedade', 'civil', '.', '‚Äú', 'importante', 'incluir', 'vozes', 'crian√ßas', 'n√£o', 'maneira', 'consultiva', 'participativa', 'possam', 'incidir', 'politicamente', 'decis√µes', '.', 'come√ßa', 'inclui-las', 'diretamente', '.', 'dar', 'espa√ßos', 'ferramentas', 'possibilidades', 'oportunidades', 'possam', 'expressar', 'experi√™ncias', 'viv√™ncias', '‚Äù', 'disse', '.', 'informa√ß√µes', 'Ag√™ncia', 'Brasil', 'Rafa', 'Neddermeyer/Ag', '.', 'Brasil']",['mmeioambiente'],['informativo'],['outros']
"['presidente', 'exerc√≠cio', 'Geraldo', 'Alckmin', 'reuniu', 'nesta', 'sexta-feira', '(', '8/9', ')', 'representantes', 'nove', 'minist√©rios', 'acelerar', 'ajuda', 'v√≠timas', 'cat√°strofe', 'socioambiental', 'atinge', 'Rio', 'Grande', 'Sul', '.', 'governo', 'federal', 'anunciou', 's√©rie', 'medidas', 'atender', 'popula√ß√£o', 'envio', 'equipamentos', 'distribui√ß√£o', '20', 'mil', 'cestas', 'alimentos', 'kits', 'sa√∫de', 'cerca', '15', 'mil', 'pessoas', '.', 'disponibilizados', 'prefeituras', 'R', '$', '800', 'pessoa', 'desabrigada', 'auxiliar', 'custos', 'alojamento', 'abrigo', 'alimenta√ß√£o', 'outras', 'iniciativas', '.', 'Botes', 'aeronaves', 'tratores', 'Comando', 'Unificado', 'For√ßas', 'Armadas', 'apoiar√£o', 'opera√ß√µes', '.', 'Alckmin', 'embarcar√°', 'comitiva', 'ministros', 't√©cnicos', 'Defesa', 'Civil', 'neste', 'domingo', 'vistoriar', 'regi√µes', 'afetadas', '.', 'ministra', 'Marina', 'Silva', 'integrar√°', 'grupo', '.', 'Portaria', 'n¬∫', '2.852', 'publicada', 'Di√°rio', 'Oficial', 'Uni√£o', 'quinta', 'declara', 'estado', 'calamidade', 'p√∫blica', '79', 'munic√≠pios', 'ga√∫chos', 'medida', 'facilita', 'acesso', 'recursos', 'emergenciais', 'outras', 'a√ß√µes', 'extraordin√°rias', '.', '‚Äú', 'Tudo', 'resultado', 'mudan√ßas', 'clim√°ticas', '‚Äù', 'afirmou', 'Alckmin', '.', 'Segundo', 'balan√ßo', 'divulgado', 'Defesa', 'Civil', 'nesta', 'sexta', 'desastre', 'provocou', 'menos', '41', 'mortes', '223', 'feridos', 'cidades', 'Rio', 'Grande', 'Sul', '.', '3.193', 'desabrigados', '8.256', 'desalojados', '.', 'todo', '147', 'mil', 'pessoas', 'afetadas', 'Estado', '.', '234', '-', 'Cadu', 'Gomes/VPR', '1', '-', 'Lucas', 'Leffa/Secom-PR']",['mmeioambiente'],['politica'],['outros']
"['presid√™ncia', 'brasileira', 'G20', 'tr√™s', 'prioridades', ':', 'inclus√£o', 'social', 'combate', 'fome', 'transi√ß√£o', 'energ√©tica', 'desenvolvimento', 'sustent√°vel', 'reforma', 'institui√ß√µes', 'governan√ßa', 'global', '.', 'lema', '``', 'construindo', 'mundo', 'justo', 'planeta', 'sustent√°vel', ""''"", 'anunciado', 'presidente', 'Lula', 'discurso', 'encerramento', 'reuni√£o', 'grupo', '√çndia', '.', 'Brasil', 'assume', 'presid√™ncia', 'grupo', 'pr√≥ximos', 'dois', 'anos', '.']",['mmeioambiente'],['politica'],['sustentabilidade']
"['``', 'preocupados', 'altera√ß√µes', 'clim√°ticas', 'efeitos', 'todas', '√°reas', '.', ""''""]",['mmeioambiente'],['campanha'],['clima']
"['#', 'DiaDoCerrado', 'Presente', '13', 'estados', 'Cerrado', 'savana', 'rica', 'biodiversidade', 'mundo', '!', 'Imagina', 'conhecer', 'bioma', 'brasileiro', 'caminhando', 'pedalando', 'cavalo', '?', 'Pois', 'trilha', 'Caminhos', 'Planalto', 'Central', 'poss√≠vel', '!', 'percurso', 'faz', 'parte', 'Rede', 'Brasileira', 'Trilhas', 'iniciativa', '#', 'MTur', '@', 'mmeioambiente', '@', 'icmbio', '.', 'Nela', 'trilheiro', 'pode', 'optar', 'seguir', 'caminhos', ':', 'Arco', 'Bras√≠lia', '-', 'valor', 'c√≠vico', 'hist√≥rico', 'arquitet√¥nico', 'cultural', 'percorrendo', 'cidade', 'Bras√≠lia', ';', 'Arco', 'Cafuringa', '-', 'valor', 'ambiental', 'foco', 'cultura', 'rural', 'religiosa', 'hist√≥rica', ';', 'Trilha', 'Uni√£o', '-', 'valor', 'paisag√≠stico', 'm√≠stico', 'gastron√¥mico', 'viv√™ncia', 'espiritual', '.']",['mmeioambiente'],['informativo'],['biomas']
"['``', 'oito', 'meses', 'conseguimos', 'reduzir', 'desmatamento', '48', '%', 'evitando', 'lan√ßar', 'atmosfera', 'quase', '200', 'milh√µes', 'toneladas', 'CO2', '.', 'invers√£o', 'anteriormente', '.', 'Conseguimos', 'concurso', '@', 'ibamagov', '@', 'icmbio', '.', 'Tudo', 'trabalhando', 'ter', 'governan√ßa', 'ambiental', 'eficiente', 'capaz', 'ajudar', 'diferentes', 'din√¢micas', 'econ√¥micas', 'sociais', 'pa√≠s', '.', ""''""]",['mmeioambiente'],['informativo'],['desmatamento']
"['MMA', 'iniciou', 'nesta', 'quarta-feira', '(', '13/9', ')', 'fase', 'consulta', 'p√∫blica', 'novo', 'Plano', 'A√ß√£o', 'Preven√ß√£o', 'Controle', 'Desmatamento', 'Queimadas', 'Bioma', 'Cerrado', '(', 'PPCerrado', ')', '.', 'objetivo', 'receber', 'contribui√ß√µes', '12/10', '.', 'plano', 'constru√≠do', 'partir', 'an√°lise', 'fases', 'anteriores', 'PPCerrado', 'reuni√µes', 'representantes', 'Estados', 'sociedade', 'relat√≥rios', 'grupos', 'transi√ß√£o', 'governo', 'subs√≠dios', 'coletados', 'Semin√°rio', 'T√©cnico-Cient√≠fico', 'realizado', 'julho', '.', 'Ap√≥s', 'an√°lise', 'din√¢mica', 'desmatamento', 'bioma', 'plano', 'detalhou', '12', 'objetivos', 'estrat√©gicos', '4', 'eixos', ':', 'atividades', 'produtivas', 'sustent√°veis', ';', 'monitoramento', 'controle', 'ambiental', ';', 'ordenamento', 'fundi√°rio', 'territorial', ';', 'instrumentos', 'normativos', 'econ√¥micos', '.', 'eixos', 'apresentam', '12', 'objetivos', 'estrat√©gicos', '37', 'resultados', 'esperados', '.', 'alcan√ß√°-los', '78', 'linhas', 'a√ß√£o', 'incluem', 'a√ß√µes', 'apoio', 'bioeconomia', 'fiscaliza√ß√£o', 'destina√ß√£o', 'terras', 'p√∫blicas', 'conserva√ß√£o', 'uso', 'sustent√°vel', 'recursos', 'naturais', '.', 'metas', 'indicadores', 'prazos', 'atores-chave', 'inclu√≠dos', 'vers√£o', 'final', 'plano', '.', 'Algumas', 'a√ß√µes', 'estrat√©gicas', 'extrapolam', 'limites', 'biomas', 't√™m', 'impacto', 'direto', 'alcance', 'meta', 'desmatamento', 'zero', '2030', '.', 'aprova√ß√£o', 'resolu√ß√£o', 'Conselho', 'Monet√°rio', 'Nacional', 'n¬∫', '5.081', '29', 'junho', '2023', 'ampliou', 'todos', 'biomas', 'restri√ß√µes', 'acesso', 'cr√©dito', 'desmatadores', 'ilegais', 'incluindo', 'Cerrado', '‚Äî', 'ent√£o', 'condi√ß√µes', 'valiam', 'Amaz√¥nia', '.', 'nova', 'fase', 'programa', 'implementada', '2023', '2027', '.', 'compromisso', 'governo', 'brasileiro', 'zerar', 'desmatamento', 'pa√≠s', '2030', '.', 'Coordenada', 'MMA', 'Comiss√£o', 'Interministerial', 'representantes', '13', 'minist√©rios', '.', 'PPCerrado', 'criado', '2010', 'tr√™s', 'fases', 'revogado', 'governo', 'anterior', '2019', '.', '√∫ltimos', 'quatro', 'anos', 'desmatamento', 'bioma', 'aumentou', '69', '%', ':', '63', 'mil', 'km¬≤', '(', '2019', ')', '107', 'mil', 'km¬≤', '(', '2022', ')', '.', 'perda', 'vegeta√ß√£o', 'nativa', 'Cerrado', 'representou', '40', '%', 'todo', 'desmatamento', 'ocorrido', 'pa√≠s', 'durante', 'gest√£o', 'anterior', '.', 'Acesse', 'mma.gov.br', 'informa√ß√µes', 'sobre', 'PPCerrado', 'link', 'texto', 'consulta', 'p√∫blica', '(', 'stories', ')', '.', 'Marcos', 'Amend']",['mmeioambiente'],['informativo'],['meio-ambiente']
"['üáßüá∑üá®üá¶', 'MMA', 'integra', 'comitiva', 'caminho', 'Canad√°', 'apoiar', 'combate', 'inc√™ndios', 'florestais', '.', '62', 'combatentes', 'Ibama', 'ICMBio', 'v√£o', 'compor', 'miss√£o', '104', 'especialistas', 'brasileiros', 'atuar', '√°reas', 'afetadas', 'fogo', 'pa√≠s', 'norte-americano', '.', '42', 'servidores', '@', 'ibamagov', 'miss√£o', '10', 'quilombolas', '9', 'ind√≠genas', '.', 'atuam', 'Centro', 'Nacional', 'Preven√ß√£o', 'Combate', 'Inc√™ndios', 'Florestais', '(', 'Prevfogo', ')', '.', '20', 'enviados', '@', 'icmbio', 'trabalham', 'Unidades', 'Conserva√ß√£o', 'v√°rias', 'regi√µes', 'pa√≠s', '.', 'Canad√°', 'passa', 'pior', 'temporada', 'inc√™ndios', 'hist√≥ria', 'iniciada', 'mar√ßo', 'cedo', 'normal', 'agravou', 'partir', 'junho', '.', 'fogo', 'atingiu', 'v√°rias', 'partes', 'pa√≠s', 'tempo', 'sobrecarregou', 'equipes', 'locais', '.', 'm√™s', 'fim', 'ver√£o', 'hemisf√©rio', 'Norte', '10', 'milh√µes', 'hectares', 'destru√≠dos', '√°rea', 'maior', 'estado', 'Pernambuco', '.', 'Outros', 'pa√≠ses', 'enviaram', 'combatentes', 'ajudar', 'crise', '.', 'efeito', 'mudan√ßas', 'clim√°ticas', 'pa√≠s', 'perde', '√°reas', 'neve', 'gelo', 'marinho', 'aquece', 'duas', 'vezes', 'r√°pido', 'm√©dia', 'planeta', '.', 'condi√ß√µes', 'prop√≠cias', 'fogo', 'calor', 'ac√∫mulo', 'mat√©ria', 'seca', 'baixa', 'umidade', 'aumentam', 'dura√ß√£o', 'temporada', 'inc√™ndios', '.', 'miss√£o', 'solicitada', 'governo', 'canadense', 'Brasil', 'realizada', '21/7', '24/8', 'coordena√ß√£o', '@', 'abcgovbr', '(', '@', 'itamaratygovbr', ')', '.', '104', 'profissionais', 'v√°rios', '√≥rg√£os', ':', 'MMA', 'ICMBio', 'Ibama', '@', 'midregional', '@', 'mjsp_gov', 'For√ßa', 'Nacional', 'corpora√ß√µes', 'bombeiros', 'militares', 'v√°rios', 'estados', '.', '@', 'mindefesa', '@', 'min.fazenda', '@', 'mtransportes', 'Conselho', 'Nacional', 'Corpos', 'Bombeiros', 'Militares', 'Brasil', 'cooperam', 'organiza√ß√£o', '.', 'Gabriel', 'Rodrigues/Ibama']",['mmeioambiente'],['informativo'],['queimadas']
