"Legenda","Perfil","Tipo","Assunto"
"DEU NA M√çDIA | O jornal A Reda√ß√£o informa que a Semad est√° √† frente de uma oficina dedicada √† elabora√ß√£o do plano de manejo do Parque Estadual do Araguaia. Essa oficina acontece at√© sexta-feira (1¬∫) e re√∫ne tamb√©m representantes do poder p√∫blico e municipal. 
‚ÄúA partir dessa constru√ß√£o inicial do plano de manejo vamos abrir per√≠odo para discuss√µes sobre o documento e chegar a um denominador comum com a sociedade‚Äù disse o chefe interino do Parque Estadual do Araguaia Caio Sousa. Neste momento a Semad realiza discuss√µes com representantes do setor pesqueiro turismo poder p√∫blico federal estadual e municipal.
A oficina ocorre no distrito de Luiz Alves em S√£o Miguel do Araguaia.
O PEA √© uma unidade de conserva√ß√£o situada em √°rea de transi√ß√£o entre Cerrado e Floresta Amaz√¥nica com alta diversidade biol√≥gica. A UC se situa na bacia hidrogr√°fica do Araguaia em √°rea que no per√≠odo chuvoso √© alag√°vel. No parque h√° tamb√©m grandes quantidades de aves residentes e migrat√≥rias al√©m de outros representantes da fauna brasileira amea√ßados de extin√ß√£o.
","semadgoias","informativo","outros"
"Voc√™ j√° parou para pensar na import√¢ncia que a √°gua tem na sua vida? No Semin√°rio Internacional estar√£o presentes 22 pa√≠ses e diversos estados do Brasil possibilitando encontros entre t√©cnicos gestores e tomadores de decis√£o que promover√£o trocas de experi√™ncias e di√°logos sobre os desafios oportunidades e solu√ß√µes poss√≠veis para o gerenciamento integrado de recursos h√≠dricos com foco no desenvolvimento sustent√°vel e na melhoria dos indicadores socioecon√¥micos das bacias hidrogr√°ficas e nos aqu√≠feros transfronteiri√ßos.
","semadgoias","informativo","sustentabilidade"
"Embora o calor deva predominar em Goi√°s nesta segunda-feira (4) a chegada de uma frente fria oriunda do Sudeste do Brasil pode proporcionar pancadas de chuva isoladas na regi√£o centro-sul do Estado entre ter√ßa e quinta. √â o que prev√™ o Centro de Informa√ß√µes Metereol√≥gicas da Secretaria de Meio Ambiente e Desenvolvimento Sustent√°vel de Goi√°s (Semad). 

Em Goi√¢nia os term√¥metros podem chegar a 33¬∫C nesta segunda com umidade do ar variando entre 35% e 85%. A tend√™ncia √© de temperaturas elevadas para todo o Estado. As m√°ximas s√£o de 37¬∫C para as regi√µes Oeste e Norte de 35¬∫C para Leste Sudoeste e Central e de 34¬∫C para o Sul goiano. 

Depois da passagem da frente fria o sol volta a predominar na sexta e s√°bado no territ√≥rio inteiro. 

Confira a previs√£o da Semad para o tempo em alguns munic√≠pios nesta segunda:

Porangatu: 21¬∫C/36¬∫C
Catal√£o: 19¬∫C/32¬∫C
Jata√≠: 19¬∫C/33¬∫C
Rio Verde: 20¬∫C/33¬∫C
Luzi√¢nia: 19¬∫C/32¬∫C
An√°polis: 19¬∫C/30¬∫C
Goi√¢nia: 19¬∫C/33¬∫C
Itumbiara: 19¬∫C/34¬∫C
Tr√™s Ranchos: 19¬∫C/31¬∫C
Formosa: 19¬∫C/31¬∫C
Cristalina: 18¬∫C/30¬∫C
Santa Helena: 20¬∫C/34¬∫C
Ceres: 20¬∫C/35¬∫C
Goian√©sia: 20¬∫C/35¬∫C
Ipor√°: 20¬∫C/34¬∫C
Aruan√£: 23¬∫/37¬∫C
","semadgoias","informativo","clima"
"Semana que tem feriado na quinta a gente come√ßa como? Com esse show de cachoeira √© claro!

Cachoeira Alm√©cegas um dos atrativos do sensacional Parque Estadual √Åguas do Para√≠so (Peap) uma das 24 unidades de conserva√ß√£o da Semad.

T√° sem lugar pra ir no feriado? Marca algu√©m aqui pra dar uma olhada nessa dica!
","semadgoias","informativo","outros"
"Estamos no m√™s em que comemoramos o dia do Cerrado e amanh√£ vai ser um grande dia!!

O Governador Ronaldo Caiado secret√°ria Andr√©a Vulcanis e representantes de diversos setores econ√¥micos assinam o Pacto pelo Desmatamento Ilegal Zero. 

Por aqui a parceria entre o agro e o governo do estado na pauta do Desmatamento Ilegal Zero nos permite crescer ainda mais de forma sustent√°vel sempre respeitando e preservando o meio ambiente. 

@andrea_vulcanis @ronaldocaiado @governodegoias
","semadgoias","politica","desmatamento"
"Ter√ßa-feira 05 de setembro de 2023 ser√° um dia hist√≥rico para Goi√°s.

Representantes de diversos setores da economia assinar√£o um documento em que se comprometem ao lado do governo a somar esfor√ßos para acabar com o desmatamento ilegal at√© 2030. 

Um pacto que mostra como amadurecemos na busca por um modelo de sustent√°vel e que √© resultado da nossa aposta no di√°logo.
","semadgoias","politica","desmatamento"
"Nosso planeta clama por um grande ajuste de rota na forma com a qual usamos nossos recursos naturais. E a √Ågua esse elemento vital √© o tema central do nosso Semin√°rio Internacional √Åguas para o Futuro.

Um grande encontro que reunir√° lideres pol√≠ticos e sociais t√©cnicos especialistas ambientalistas e gestores vindos de outros 22 pa√≠ses da America Latina e Caribe e muita gente interessante do Brasil.

Um encontro que promete ser um importante passo para a cultura de prote√ß√£o e preserva√ß√£o ambiental em uma grande uni√£o de diversos atores em prol de projetos ideias programas e solu√ß√µes para o gerenciamento integrado de recursos h√≠dricos.

O desenvolvimento sustent√°vel e a melhoria dos indicadores socioecon√¥micos das bacias hidrogr√°ficas e dos aqu√≠feros transfronteiri√ßos √© a meta para o Futuro e a a√ß√£o do presente.

#goias #aguasparaofuturo #planeta #meioambiente #sustentavel #encontro #embaixadas #americas #agua #rioquente
","semadgoias","informativo","sustentabilidade"
"No dia 29 de agosto Goi√°s se juntou a outros 11 estados e aderiu ao Cons√≥rcio Brasil Verde criado para lidar com os efeitos adversos da mudan√ßa do clima no Pa√≠s.

Trata-se de uma sinaliza√ß√£o que o Estado d√° no √¢mbito local e internacional que estamos comprometidos em debater o assunto com a seriedade que ele exige. 

Convidamos o gerente de Mudan√ßas Clim√°ticas da Semad Milvo Gabriel di Domenico para responder algumas perguntas sobre o cons√≥rcio.

#goias #carbono #mudancasclimaticas
","semadgoias","informativo","clima"
"O governador Ronaldo Caiado e representantes de setores diversos da economia como o mineral industrial e agropecu√°rio assinam nesta ter√ßa-feira (05/09) um pacto com o compromisso de zerar com o desmatamento ilegal em Goi√°s at√© 2030. A solenidade acontece no Pal√°cio das Esmeraldas √†s 14h30. 

O Estado vai se comprometer a promover a√ß√µes de educa√ß√£o ambiental aperfei√ßoar o Cadastro Ambiental Rural (CAR) agilizar a regulariza√ß√£o de propriedades criar incentivos a pr√°ticas sustent√°veis fortalecer o trabalho de fiscaliza√ß√£o manter a celeridade na an√°lise dos pedidos de licen√ßa ambiental formular programas de Pagamento por Servi√ßo Ambiental (PSA) e estimular a agricultura de baixo carbono.

Os setores da economia que subscrever√£o o pacto assumir√£o o compromisso de n√£o realizar desmatamento ilegal respeitar as leis do meio ambiente preservar √Åreas de Preserva√ß√£o Permanente (APPs) e reservas legais e investir em t√©cnicas agr√≠colas sustent√°veis.
","semadgoias","politica","desmatamento"
"O pacto pelo desmatamento ilegal zero que envolve setores da economia e Governo de Goi√°s projeta o cumprimento integral da meta em 2030. 

Mas h√° tamb√©m metas a serem cumpridas ano a ano como mostra o post.

Para chegar l√° todos os envolvidos assumiram uma s√©rie de compromissos. 

O Estado vai se comprometer a promover a√ß√µes de educa√ß√£o ambiental aperfei√ßoar o Cadastro Ambiental Rural (CAR) agilizar a regulariza√ß√£o de propriedades criar incentivos a pr√°ticas sustent√°veis fortalecer o trabalho de fiscaliza√ß√£o manter a celeridade na an√°lise dos pedidos de licen√ßa ambiental formular programas de Pagamento por Servi√ßo Ambiental (PSA) e estimular a agricultura de baixo carbono.

Os setores da economia que subscrever√£o o pacto assumir√£o o compromisso de n√£o realizar desmatamento ilegal respeitar as leis do meio ambiente preservar √Åreas de Preserva√ß√£o Permanente (APPs) e reservas legais e investir em t√©cnicas agr√≠colas sustent√°veis. 

@ronaldocaiado @andrea_vulcanis @governodegoias
","semadgoias","politica","desmatamento"
"Com as novas tecnologias e empenho de nossas equipes Goi√°s vem conseguindo reduzir consideravelmente o seu √≠ndice de desmatamento ilegal. Com assinatura do Pacto do Desmatamento Ilegal Zero que vai acontecer hoje aqui no Pal√°cio das Esmeraldas esperamos zerar a atividade em at√© 2030.
","semadgoias","tecnologia","desmatamento"
"Em um momento hist√≥rico representantes do governo e do setor produtivo assinaram nesta ter√ßa-feira (05/09) um pacto pelo desmatamento ilegal zero em Goi√°s. Os personagens que subscreveram o documento se comprometeram a unir esfor√ßos para que a meta seja atingida em 2030. A solenidade aconteceu no Pal√°cio das Esmeraldas e foi conduzida pelo governador Ronaldo Caiado. 

""N√≥s temos que cumprir a lei. N√£o faremos concess√µes. N√£o podemos admitir o descumprimento da norma legal. Em total parceria com as entidades do setor produtivo o que n√≥s estamos dizendo aqui √© que n√£o vamos tolerar nenhum desmatamento que n√£o seja por autoriza√ß√£o pr√©via da Secretaria de Estado de Meio Ambiente e Desenvolvimento Sustent√°vel"" disse o governador Ronaldo Caiado. 

A secret√°ria de Meio Ambiente Andr√©a Vulcanis afirma que o Estado e setores da economia assumiram compromissos importantes para viabilizar a assinatura do pacto. A iniciativa privada se comprometeu a n√£o desmatar ilegalmente e a respeitar os limites do C√≥digo Florestal enquanto que o governo vai aperfei√ßoar o Cadastro Ambiental Rural (CAR) manter a agilidade na regulariza√ß√£o de propriedades e na an√°lise dos pedidos de licen√ßa desenvolver programas de pagamento por servi√ßo ambiental fortalecer as equipes de fiscaliza√ß√£o entre outros pontos. 

""O pacto se insere em um contexto de avan√ßos importantes. N√≥s investimos em tecnologia receberemos em breve o refor√ßo de 98 servidores aprovados em concurso e teremos at√© o fim do ano todos os alertas de desmatamento emitidos para Goi√°s com autua√ß√£o e embargo. J√° estamos hoje com 75%. No ano passado foram 31 hectares desmatados sem licen√ßa e 63 mil fiscalizados pela Semad"" afirma a secret√°ria de Meio Ambiente e Desenvolvimento Sustent√°vel.
","semadgoias","politica","desmatamento"
"MUDAN√áAS CLIM√ÅTICAS| Reunindo representantes de outros estados brasileiros do setor produtivo e de 22 pa√≠ses o governador Ronaldo Caiado lan√ßar√° a Estrat√©gia Goi√°s Carbono Neutro 2050 na pr√≥xima semana. 

Essa √© manchete da reportagem da jornalista Aline Bouhid do Jornal Op√ß√£o publicada na √∫ltima ter√ßa-feira (6). 

O pacto ser√° assinado durante a programa√ß√£o do Semin√°rio ‚Äú√Åguas para o Futuro‚Äù que ocorre entre os dias 10 e 13 de setembro na cidade de Rio Quente.

""De acordo com o governo a estrat√©gia de zerar emiss√µes de carbono ser√° formada por tr√™s eixos: Territ√≥rio Sustent√°vel; Plano de A√ß√£o e Trajet√≥ria Clim√°tica e Fomento ao Mercado de Carbono"" antecipa Aline.

Curiosos? A gente espera voc√™s para o lan√ßamento da Estrat√©gia l√° no semin√°rio!

@ronaldocaiado @andrea_vulcanis @governodegoias @milvogabriel @bento_jrocha @aguasparaofuturo @jornalopcao
","semadgoias","politica","clima"
"O Di√°rio Oficial do Estado publicou na edi√ß√£o do dia 06 de setembro de 2023 decreto do governador Ronaldo Caiado que declara situa√ß√£o de emerg√™ncia ambiental em Goi√°s em raz√£o da alta probabilidade de ocorr√™ncia de inc√™ndios florestais. 

O decreto autoriza os √≥rg√£os que integram o Comit√™ Estadual de Gest√£o de Inc√™ndios Florestais a adotar as medidas necess√°rias √† preven√ß√£o e ao combate a inc√™ndios florestais que ficam mais comuns em Goi√°s no per√≠odo de estiagem. 

Em caso de necessidade permite-se a adquirir e contratar servi√ßos mediante dispensa de licita√ß√£o na forma da lei federal 8666; suspender a execu√ß√£o de contratos administrativos sem que isso gere direito de rescis√£o ao contratado (tamb√©m nos termos da lei 8.666); e autorizar a ado√ß√£o de medidas para contrata√ß√£o por prazo indeterminado para o atendimento de necessidade tempor√°ria de excepcional interesse p√∫blico. 

O decreto do governador suspende o uso do fogo em vegeta√ß√£o ressalvados os casos em que houver autoriza√ß√£o da Semad e solicita que se fa√ßam a√ß√µes de publicidade para conscientizar a popula√ß√£o a respeito do risco que adv√©m do uso de fogo para limpeza de terreno nessa √©poca do ano. 

Celeridade
""Esse decreto nos ajudar√° em a√ß√µes emergenciais. Muitas vezes estamos enfrentando queimadas e √© necess√°rio adquirir um equipamento de √∫ltima hora ou contratar por exemplo uma aeronave para fazer combate ao fogo. Ent√£o a gente deixa o decreto de sobreaviso para que se for necess√°rio em casos excepcionais a gente consiga atuar de forma r√°pida"" explica a secret√°ria de Estado de Meio Ambiente e Desenvolvimento Sustent√°vel Andr√©a Vulcanis. 

A secret√°ria afirma que embora tenha havido um inc√™ndio que consumiu 35% do Parque Estadual √Åguas do Para√≠so (Peap) as ocorr√™ncias desse ano est√£o menores. ""Esse ano estamos atravessando o per√≠odo da estiagem de forma mais tranquila porque a antecipa√ß√£o das chuvas est√° umidecendo a vegeta√ß√£o. Mas √© bom a gente se precaver e o decreto nos contempla nesse sentido: o de evitar que n√£o estejamos preparados em uma situa√ß√£o de necessidade"" completa.
","semadgoias","informativo","queimadas"
"O Governo de Goi√°s e a Organiza√ß√£o das Na√ß√µes Unidas para a Educa√ß√£o a Ci√™ncia e a Cultura (Unesco) promovem juntos um semin√°rio internacional pensado para discutir meios de garantir a disponibilidade de √°gua no mundo no futuro. O evento acontece dos dias 10 a 13 de setembro em Rio Quente e reunir√° representantes de outros estados  brasileiros do setor produtivo de 22 pa√≠ses. 

O semin√°rio foi programado pela Secretaria de Estado de Meio Ambiente e Desenvolvimento Sustent√°vel (Semad) para acontecer enquanto se comemora o Dia do Cerrado em 11 de setembro. ""O debate sobre a √°gua √© transversal est√° presente em todos os t√≥picos da nossa agenda. Foi por isso que n√≥s o escolhemos como eixo central"" afirma a secret√°ria Andr√©a Vulcanis. ""√â simb√≥lico que o semin√°rio aconte√ßa em um munic√≠pio cuja economia gira em torno da √°gua e que estejamos no cerrado que √© o ber√ßo das √°guas das bacias brasileiras"".

O munic√≠pio localizado junto √†s serras de Caldas Novas faz parte da maior bacia hidrotermal do mundo. Goi√°s ainda √© banhado por tr√™s importantes bacias hidrogr√°ficas: Paran√° Araguaia-Tocantins e do S√£o Francisco. Para a gestora ao sediar um evento deste porte o Estado contribui para a discuss√£o global sobre sustentabilidade e gest√£o respons√°vel dos recursos naturais. 

""A administra√ß√£o do governador Ronaldo Caiado √© vitrine para o mundo inteiro na √°rea do meio ambiente. Baixamos sensivelmente o prazo para emiss√£o de licen√ßas ambientais que podia chegar a quatro anos e hoje √© de 37 dias em m√©dia; reduzimos em 80% os inc√™ndios em unidades de conserva√ß√£o; estamos avan√ßando no desmatamento e na agenda de mudan√ßas clim√°ticas. Goi√°s avan√ßou muito"" completa Vulcanis. 

A programa√ß√£o do evento est√° dispon√≠vel no site https://aguasparaofuturo.com.br/. A abertura ser√° realizada no domingo (10/09) com a premia√ß√£o dos vencedores de um concurso de fotografia promovido pela Semad com o mesmo tema do semin√°rio. Os tr√™s dias seguintes ser√£o de palestras oficinas e debates.
","semadgoias","informativo","fluvial"
"O Cerrado √© o ber√ßo das √°guas das bacias brasileiras e o cora√ß√£o da discuss√£o global sobre sustentabilidade.‚Ä¢ Junte-se a n√≥s no Semin√°rio '√Åguas para o Futuro' em Rio Quente. Vamos garantir um futuro com √°gua para todos!#Cerrado #Sustentabilidade #√ÅguasPara0Futuro
","semadgoias","campanha","sustentabilidade"
"‚ÄúUm chamado urgente para a a√ß√£o‚Äù: esse √© o t√≠tulo da carta constru√≠da em conjunto pelos participantes do semin√°rio internacional √Åguas para o Futuro que foi promovido pela Secretaria de Estado de Meio Ambiente e Desenvolvimento Sustent√°vel de Goi√°s (Semad) em conjunto com a Unesco entre 10 e 13 de setembro no munic√≠pio de Rio Quente. Participaram do encontro mais de 700 representantes do poder p√∫blico do setor produtivo e de mais de 20 pa√≠ses da Am√©rica Latina.

A carta diz que √© fundamental compreender a agenda da √Ågua como matriz da vida e n√£o como mera mercadoria. Pondera tamb√©m que altera√ß√µes no ciclo da √°gua representam risco para o desenvolvimento e est√£o ligadas de forma indissoci√°vel √† variabilidade e √†s mudan√ßas do clima de modo a dificultar previs√µes e a impor desafios √† gest√£o dos recursos h√≠dricos. O desequil√≠brio continua o texto gera cr√≠ses aumenta o o n√≠vel do mar e cria uma s√©rie de desafios dif√≠ceis de superar.

Para evitar que um cen√°rio indesej√°vel se estabele√ßa a Carta de Goi√°s pede o comprometimento de todos em favor da constru√ß√£o de ambientes com institui√ß√µes pol√≠ticas e regulamentos robustos investimentos suficientes recursos humanos capacitados e abordagens espec√≠ficas para cada regi√£o ou pa√≠s. A palavra-chave do documento que fechou o semin√°rio √© ""coopera√ß√£o"".

""A coopera√ß√£o e o compartilhamento de experi√™ncias e solu√ß√µes entre regi√µes estados e pa√≠ses s√£o estrat√©gias essenciais para promover a gest√£o sustent√°vel da √Ågua e potencializar a explora√ß√£o de sinergias no cumprimento da Agenda 2030 para o Desenvolvimento Sustent√°vel"" diz um trecho.

A carta requer o estreitamento de parcerias transfronteiri√ßas e regionais para gest√£o de √°guas internacionais superficiais e subterr√¢neas por meio de acordo institucionais voltados para financiamento governan√ßa e compartilhamento de dados por exemplo. E lembra que o papel das √°guas subterr√¢neas assunto amplamente debatido em Rio Quente n√£o pode ser negligenciado: ""temos que tornar o invis√≠vel vis√≠vel"" alerta o documento.
","semadgoias","politica","sustentabilidade"
"A Secretaria de Estado de Meio Ambiente e Desenvolvimento Sustent√°vel de Goi√°s (Semad) realizou entre os dias 20 e 27 de agosto deste ano uma opera√ß√£o com o objetivo de fiscalizar todos os alertas de desmatamento emitidos em 2023 para Mineiros na regi√£o sudoeste. O munic√≠pio √© destaque negativo por estar em primeiro lugar no ranking de cidades com maior √°rea desmatada em Goi√°s neste ano segundo dados do Deter/Inpe.

 No total as equipes da Semad fiscalizaram 32 alertas de desmatamento em uma semana totalizando mais de R$ 17 milh√£o em autua√ß√µes. A √°rea desmatada de forma ilegal que foi alvo das medidas administrativas da secretaria foi de 15 mil hectares. 

Nesse universo de 15 mil hectares cerca de 11 mil era de √°reas pass√≠veis de desmatamento conforme estabelece a legisla√ß√£o em vigor. Entretanto os infratores fizeram a supress√£o de vegeta√ß√£o sem o devido licenciamento ambiental (processo com a previs√£o de a√ß√µes de compensa√ß√£o ambiental afugentamento da fauna e outras medidas necess√°rias para a minimiza√ß√£o do impacto ambiental).

A Semad identificou tamb√©m casos em que o empreendedor tinha autoriza√ß√£o do munic√≠pio para suprimir a vegeta√ß√£o de uma √°rea mas desmatou al√©m dos limites do pol√≠gono dentro do qual ele havia sido autorizado a agir. Por essa raz√£o a Semad tamb√©m aplicou autua√ß√£o. 

Destaca-se que em oito empreendimentos os fiscais identificaram desmatamento em √°reas de preserva√ß√£o permanente (APPs) o que se caracteriza como crime contra a flora previsto no artigo 38 da lei federal 9.605 de 1998. Esses empreendedores poder√£o responder criminalmente al√©m de ter que arcar com a penaliza√ß√£o administrativa j√° lavrada pela Semad.
","semadgoias","informativo","desmatamento"
"O governador Ronaldo Caiado e a secret√°ria de Estado de Meio Ambiente e Desenvolvimento Sustent√°vel Andr√©a Vulcanis lan√ßaram a Estrat√©gia Goi√°s Carbono Neutro 2050 durante o semin√°rio internacional √Åguas para o Futuro que aconteceu no munic√≠pio de Rio Quente entre 10 e 13 de setembro deste ano (use o QR code para ter acesso √† √≠ntegra do documento). 

A proposta da Estrat√©gia √© a de orientar as a√ß√µes do Estado na promo√ß√£o da sustentabilidade e na mitiga√ß√£o dos efeitos das mudan√ßas clim√°ticas em Goi√°s. A meta √© a de promover o net-zero at√© 2050 por meio do desenvolvimento de uma matriz produtiva que seja tecnologicamente sofisticada ambientalmente limpa e economicamente competitiva no mercado nacional e internacional.

Para que tenha sucesso √© fundamental o engajamento de diversos setores por meio de espa√ßos de discuss√£o e instrumentos de monitoramento como o F√≥rum Goiano de Mudan√ßa Clim√°tica. Somente assim poder√° se tornar uma iniciativa com metas responsabilidades e resultados compartilhados garantindo que as a√ß√µes sejam abrangentes inclusivas e atendam √†s necessidades de todos. 

Eixos de atua√ß√£o
A Estrat√©gia √© formada por tr√™s eixos: Sustentabilidade Territorial; Plano de A√ß√£o e Trajet√≥ria Clim√°tica; e Fomento ao Mercado de Carbono. 

No Eixo 1 o objetivo √© o de construir parcerias com as lideran√ßas do setor p√∫blico e o engajamento do setor privado com vistas a produzir mais emitindo menos ao longo de toda a cadeia de valor. Para isso busca-se a mobiliza√ß√£o dos setores produtivos e a pactua√ß√£o de metas.

J√° no Eixo 2 objetiva-se determinar compromissos metas e a√ß√µes de curto m√©dio e longo prazo para o enfrentamento √† crise clim√°tica em Goi√°s. Assim ser√° poss√≠vel harmonizar as medidas da Uni√£o e as diretrizes internacionais aplic√°veis. Para tanto an√°lises de risco e vulnerabilidade √† mudan√ßa clim√°tica ser√£o desenvolvidas at√© 2024 e at√© 2025 um sistema estadual de monitoramento ser√° implementado.

Por fim no Eixo 3 buscaremos estabelecer at√© 2026 mecanismos estaduais para promover a redu√ß√£o certificada de emiss√µes o acesso aos mercados nacionais e globais e o fomento a uma economia baseada no Cerrado em p√©.
","semadgoias","politica","meio-ambiente"
" O Juntos pelo Araguaia (JPA) encerrou na noite do √∫ltimo domingo (17) as a√ß√µes na 38¬™ edi√ß√£o da Expoleste a maior feira agropecu√°ria do calend√°rio de Barra do Gar√ßas (MT) com amplo apoio dos participantes. O programa manteve desde a quinta-feira (14) um estande no anexo da Empresa Mato-grossense de Pesquisa Assist√™ncia T√©cnica e Extens√£o Rural (Empaer) bastante visitado durante os quatro dias de atividades voltadas para conscientiza√ß√£o ambiental divulga√ß√£o das iniciativas e busca de novos parceiros. 

O Juntos pelo Araguaia (JPA) avan√ßa nas atividades em Mato Grosso com a amplia√ß√£o do Escrit√≥rio Executivo do programa no munic√≠pio de Barra do Gar√ßas. Presente no Estado desde o dia 31 de maio de 2023 iniciou a mobiliza√ß√£o no m√™s de junho. Tem como objetivo promover a revitaliza√ß√£o de √°reas degradadas e o reflorestamento no bioma Cerrado contribuir para a melhoria da qualidade do rio reabastecer os mananciais e preservar o meio ambiente. Visa capturar mentes e cora√ß√µes em favor da regenera√ß√£o da natureza. 

#JuntosPeloAraguaia
#JPA
#SemaMT
#SemadGO
#GovernoDeMatoGrosso
#GovernoDeGoi√°s
","semadgoias","campanha","fluvial"
"Em evento que fez parte das celebra√ß√µes alusivas ao M√™s do Cerrado aconteceu nesta ter√ßa-feira (19) no per√≠odo da manh√£ o plantio de mudas nativas do Cerrado em Baliza √†s margens do rio Araguaia. 
Daqui a pouco a secret√°ria de Estado de Meio Ambiente e Desenvolvimento Sustent√°vel Andr√©a Vulcanis promove palestra em que abordar√° o tema Novas vis√µes sobre desenvolvimento sustent√°vel: alian√ßas transformadoras entre pessoas e natureza. 

A programa√ß√£o faz parte do 1¬∫ Workshop Regional - Vida no Cerrado o Cerrado na minha vida: Desafios e oportunidades para as pessoas e a natureza no cora√ß√£o do Brasil. 

A realiza√ß√£o √© do Instituto Espinha√ßo State Grid Brazil Holding S.A. Prefeitura Municipal de Baliza e C√¢mara Municipal de Baliza. Secretaria de Estado de Meio Ambiente e Desenvolvimento Sustent√°vel de Goi√°s Saneago Programa Juntos Pelo Araguaia e Secretaria Municipal de Meio Ambiente de Baliza tamb√©m fazem parte do apoio institucional.
","semadgoias","campanha","sustentabilidade"
"Estamos em Baliza para mostrar a situa√ß√£o preocupante do nosso Rio Araguaia.O rio literalmente est√° sendo afogado por sedimentos oriundos de √°reas desflorestamento.

Vem ver um pouquinho dessa situa√ß√£o e entender mais sobre o maior programa de revitaliza√ß√£o de bacias do Brasil.

Temos a convic√ß√£o de que se construirmos uma nova vis√£o de mundo o projeto se assentar√° com for√ßa na regi√£o.

O que est√° em jogo √© o futuro do nosso querido Araguaia!

@andrea_vulcanis @institutoespinhaco @governodegoias @ronaldocaiado @juntospeloaraguaia
","semadgoias","informativo","fluvial"
"Voc√™ sabia que os termos ""lixo"" e ""res√≠duo"" tem significados distintos? E compreender essa diferen√ßa √© fundamental para entender a import√¢ncia da coleta seletiva.

O lixo √© geralmente associado a materiais descartados de forma indiscriminada sem preocupa√ß√£o com a possibilidade de reaproveitamento ou impacto ambiental. S√£o materiais que geralmente n√£o t√™m valor econ√¥mico e s√£o considerados indesej√°veis in√∫teis. Exemplos comuns de lixo incluem embalagens pl√°sticas papel higi√™nico usado res√≠duos org√¢nicos n√£o aproveit√°veis entre outros.

Por outro lado os res√≠duos referem-se a materiais que ainda t√™m potencial de serem reaproveitados reciclados ou transformados. S√£o considerados recursos que podem ser reintroduzidos na cadeia produtiva e utilizados como insumos para a fabrica√ß√£o de novos produtos. Exemplos de res√≠duos incluem papel recicl√°vel garrafas de pl√°stico latas de alum√≠nio e res√≠duos org√¢nicos utiliz√°veis para compostagem.

Atrav√©s da separa√ß√£o adequada dos res√≠duos possibilitada pela coleta seletiva garantimos que esses materiais sejam enviados para processos de reciclagem compostagem ou reutiliza√ß√£o evitando assim que sejam considerados lixo e descartados de forma inadequada.

#meioambientegoias #lixoenolixo #recicle #reutilize
","semadgoias","informativo","polui√ß√£o"
"Ainda em ritmo de COP 28 o assunto agora √© emiss√£o de gases de efeito estufa.

Esse gr√°fico √© surpreendente e mostra a porcentagem de emiss√£o dos pa√≠ses entre 1920 e 2022. Conforme conseguimos verificar a Am√©rica do Sul inteira tem 11% de emiss√£o e os pa√≠ses mais desenvolvidos lideram a emiss√£o de gases de efeito estufa acelerando as mudan√ßas clim√°ticas.

√â hora de repensar nesse modelo de progresso e adotar solu√ß√µes sustent√°veis para preservar o planeta para as futuras gera√ß√µes. Goi√°s est√° fazendo sua parte buscanso solu√ß√µes para a redu√ß√£o da emiss√£o de gases de efeito estufa e contribuindo para um planeta mais verde e sustent√°vel.

#meioambiente #cop28 
 @andrea_vulcanis @milvogabriel @jpgurgelsilva @naty_abrito
","semadgoias","informativo","meio-ambiente"
"Conhe√ßa essa ferramenta essencial para quem quer avaliar √°rvores e obter valores 

#arvores #tecnologia
","florestal_brasil","tecnologia","meio-ambiente"
"Localizado no extremo sul do Brasil no estado do Rio Grande do Sul o Pampa √© um bioma frequentemente negligenciado quando se trata de biodiversidade. 

Apesar de sua invisibilidade os campos naturais que caracterizam a paisagem na regi√£o abrigam aproximadamente 9% de todas as esp√©cies atualmente conhecidas no pa√≠s. 

Esses dados foram revelados por um levantamento in√©dito que identificou 12.503 esp√©cies no bioma incluindo fauna flora fungos e bact√©rias.

Leia tudo em nosso blog atrav√©s do link na bio ou nos stories.

https://florestalbrasil.com/estudo-aponto-que-o-pampa-abriga-9-da-biodiversidade-do-brasil/

#bioma #pampa #biodiversidade #natureza #meioambiente
","florestal_brasil","informativo","biomas"
"N√£o resta d√∫vidas de que COP 28 marcou um passo importante pro futuro clim√°tico do planeta mas o desafio continua. O mundo aguarda pela COP 30 em Bel√©m Par√° em 2025. Com metas ambiciosas e compromissos globais e a busca por um futuro sustent√°vel.

V√≠deo novo no canal do YouTube | Link nos stories 

#cop28 #cop30 #aquecimentoglobal #mudan√ßasclim√°ticas
","florestal_brasil","informativo","clima"
"VOC√ä ESTA APTO A OPERAR ESSE TIPO DE TECNOLOGIA? 

Em uma colina nos arredores da cidade de Chiang Mai no norte da Tail√¢ndia um drone sobrevoa uma floresta para avaliar o papel destas zonas verdes na luta contra a mudan√ßa clim√°tica.

O aparato sobrevoa metodicamente a densa floresta e transmite centenas de fotos que depois ser√£o montadas em 3D.
Com essa tecnologia os cientistas conseguem rapidamente ter uma ideia da sa√∫de da mata. Tamb√©m podem estimar de forma precisa a quantidade de carbono que armazena‚Ä¶

LEIA MAIS EM: https://florestalbrasil.com/drones-ajudam-com-relacao-a-captura-de-carbono-em-florestas/. 
Link na Bio e nos Stories 

#drone #tecnologia #florestas #carbono #dji
","florestal_brasil","tecnologia","meio-ambiente"
"Conhe√ßa um pouco sobre o Mogno Africano 

Ja conhecia essa esp√©cie ex√≥tica que tem se adaptado muito bem em terras Brasileiras? 
#comentaai 
#mogno #mognoafricano #plantadas #florestas #florestaplantada #engenhariaflorestal #florestalbrasil
","florestal_brasil","informativo","flora"
"Uma estrat√©gia eficaz para reduzir o desmatamento associado √† cultura da soja na Amaz√¥nia consiste em incrementar a produ√ß√£o por hectare simultaneamente ao cultivo de milho como uma segunda safra. 

Essa proposta se baseia nos dados apresentados por Fabio Marin professor da Escola Superior de Agricultura Luiz de Queiroz (Esalq) da USP em Piracicaba. 

No artigo intitulado ‚ÄúProtegendo a floresta amaz√¥nica e reduzindo o aquecimento global por meio da intensifica√ß√£o agr√≠cola‚Äù publicado na revista Nature Sustainability o autor apresenta modelos matem√°ticos que estimam o aumento potencial no rendimento da produ√ß√£o atrav√©s da implementa√ß√£o de tecnologia no campo visando reduzir a expans√£o das √°reas cultivadas na regi√£o amaz√¥nica. 

O estudo envolveu a avalia√ß√£o dos potenciais de rendimento ou seja a quantidade √≥tima de produ√ß√£o por hectare em condi√ß√µes ideais sem perdas decorrentes de ervas daninhas insetos e pat√≥genos provenientes de diversas regi√µes do Brasil.

Leia tudo em nosso blog atrav√©s do link na bio ou nos stories.

 https://florestalbrasil.com/produzindo-soja-sem-intensificar-o-desmatamento-na-amazonia/

#milho #soja #agricultura #agriculturasustent√°vel #desmatamento
","florestal_brasil","informativo","desmatamento"
"Pesquisadores do Instituto de Bioci√™ncias (IB) da USP em colabora√ß√£o com o Instituto Tecnol√≥gico Vale e a Universidade Federal de Ouro Preto (UFOP) anunciaram a descoberta de uma nova esp√©cie de √°rvore.

Batizada de Mollinedia fatimae em homenagem √† professora F√°tima Buturi a descoberta ocorreu no Parque Estadual do Itacolomi localizado em Ouro Preto Minas Gerais.

Leia tudo em nosso blog atrav√©s do link na bio cont√©m mais detalhes e imagens.

https://florestalbrasil.com/mollinedia-fatimae-nova-arvore-e-descoberta-em-minas-gerais-e-ja-esta-em-risco-de-extincao/

#botanica #plantas #descoberta #natureza #meioambiente
","florestal_brasil","informativo","flora"
"A rela√ß√£o entre fungos e √°rvores mostra como uma floresta funciona 

A capacidade desses dois seres v√£o al√©m de nossa compreens√£o mas estudo revelam que eles sabem trabalhar juntos e de forma consciente.

Eles (fungos) sabem por exemplo quando uma √°rvore est√° morrendo eles ajudam a formar sinais para as √°rvores vizinhas criando um alerta sobre o acontecimento. E dependendo do que √© as √°rvores ajudam esse indiv√≠duo a sobreviver.

O equil√≠brio no ecossistema de uma floresta depende dessa simbiose sem contar aqui as outras rela√ß√µes entre a fauna com esses dois seres.

Quando derrubamos florestas n√£o perdemos apenas √°rvores e nem animais mas perdemos rela√ß√µes entre fungos bact√©rias e outros seres como insetos.

Esse mundo florestal √© muito desconhecido ainda e quando n√£o h√° tempo de observar n√£o h√° tempo para se aprender.

√â por isso que devemos preservar as nossas florestas para aprender todo dia mais um pouco.

#arvores #florestas #fungos #animais #fauna #flora #fungi #ecossistema #ecologia
","florestal_brasil","informativo","meio-ambiente"
"Os modelos atuais da agricultura brasileira n√£o s√£o os mais saud√°veis üöú 

N√£o √© errado produzir em larga escala e nem mesmo realizar os tratos culturais necess√°rios. Mas h√° uma consequ√™ncia que muitas vezes √© invis√≠vel at√© que in√∫meros relatos s√£o observados.

O n√∫mero de agrot√≥xicos hoje liberado √© absurdo n√£o condiz com os espectro do que √© ou n√£o saud√°vel. Cada vez mais o veneno est√° no prato dos brasileiros.

Alguns sistemas n√£o convencionais vem surgindo em op√ß√£o contra as pr√°ticas agr√≠colas mais intensivas como por exemplo o sistema agroflorestal que n√£o utiliza na maioria das vezes insumos que s√£o t√≥xicos a algum n√≠vel ao ser humano.

Usa-se de pr√°ticas naturais e biol√≥gicas para poder produzir. Como por exemplo o controle natural de pragas.

Sem contar com quest√£o do solo onde in√∫meras pr√°ticas que s√£o agressivas o tornam inutiliz√°vel. O solo √© a base da agricultura e sem o ecossistema das propriedades dele n√£o √© poss√≠vel produzir.

As √°reas de pastagem no pa√≠s √© superior a agricultura assim como a √°rea florestal para as duas.

H√° espa√ßo para tudo nesse pa√≠s menos para a falta de sustentabilidade ambiental.

#agricultura
#agropecuaria
#agriculturasustent√°vel
#meioambiente #floresta #florestal #silvicultura #agro #agrofloresta
","florestal_brasil","informativo","meio-ambiente"
"Import√¢ncia das florestas em rela√ß√£o as chuvas 

As florestas desempenham um papel crucial no ciclo da √°gua influenciando diretamente os padr√µes de chuva. 

A transpira√ß√£o das √°rvores libera vapor d'√°gua na atmosfera formando nuvens e contribuindo para a precipita√ß√£o. 

Al√©m disso as florestas ajudam a regular o clima mantendo a umidade e promovendo a estabilidade do ecossistema. 

A perda de florestas pode resultar em altera√ß√µes nos padr√µes de chuva levando a problemas como secas e inunda√ß√µes. 

Portanto a preserva√ß√£o das florestas √© vital para o equil√≠brio ambiental e a manuten√ß√£o da disponibilidade de √°gua.

#florestas #arvores #meioambiente #chuva
","florestal_brasil","informativo","pluvial"
"Isso n√£o √© mato!

Canteiros com plantas iguais na imagem acima s√£o ben√©ficos para as abelhas pois elas utilizam das flores para realizar a poliniza√ß√£o e a propaga√ß√£o de esp√©cies.

Al√©m disso garante que elas possam sobreviver e realizar a manuten√ß√£o dos ecossistemas atrav√©s de seus servi√ßos.

√ìbvio que atraem outros insetos como besouros e lagartas mas o equil√≠brio √© isso voc√™ proporciona espa√ßo para toda uma fauna espec√≠fica que depende de plantas.

Al√©m disso essas plantas protegem o solo em volta das √°rvores diminuindo a compacta√ß√£o do solo e consequentemente ajuda na infiltra√ß√£o da √°gua.

E por favor n√£o deixe seu dog cagar nos canteiros isso contamina o solo e o ambiente. Pois tem uma galera que adora deixar uma caquinha para tr√°s.

#plantas #flores #arvores #arboriza√ß√£ourbana
","florestal_brasil","informativo","flora"
"A arauc√°ria (Araucaria angustifolia) √© uma esp√©cie arb√≥rea de gimnosperma pertencente √† fam√≠lia Araucariaceae que √© encontrada na regi√£o Sudeste (Minas Gerais Rio de Janeiro e S√£o Paulo) e Sul (Paran√° Rio Grande do Sul e Santa Catarina) do Brasil. Apresenta outros nomes populares sendo conhecida tamb√©m como pinheiro-do-paran√° curi pinheiro-brasileiro e pinho-do-paran√°.

A Arauc√°ria pode atingir uma altura de at√© 50 metros e quando adulta apresenta uma copa que possui formato semelhante a uma ta√ßa. Seu tronco √© reto e com ramifica√ß√µes apenas na regi√£o do topo. As folhas do tipo agulha (ac√≠culas) apresentam colora√ß√£o verde-escura e n√£o caem durante o inverno. Al√©m disso essa esp√©cie det√©m cones que s√£o esp√©cies de flores dessas plantas. O cone feminino recebe o nome de pinha que √© onde se desenvolvem as sementes.

Fonte: Brasil Escola 

#araucaria #pinheirodoparan√°
","florestal_brasil","informativo","flora"
"Se voc√™ perguntar para qualquer idoso sobre como era o clima no passado eles v√£o te dizer que era bom a chuva caia na √©poca certa a seca vinha no per√≠odo correto eles sabiam o tempo certo de plantar qualquer coisa. 

Hoje eles vendo como o clima est√° diferente eles falam que n√£o d√° pra saber mais quando √© o que. Voc√™ espera a chuva ela n√£o vem voc√™ espera o calor vem o frio a seca cada vez pior. Frutas que voc√™ colhia em determinado m√™s adianta ou atrasa.

As nossas gera√ß√µes passadas tiveram o momento dela onde n√£o havia preocupa√ß√£o com o futuro clim√°tico mas hoje a realidade √© diferente somos outra gera√ß√£o na maioria e precisamos estabelecer novos meios para n√£o ter que sofrer no futuro.

√â preciso plantar para colher certo? O clima √© a mesma coisa se quisermos ter o que colher temos que cuidar do que temos hoje para que no futuro n√£o tenhamos que dizer aos nossos netos que quando come√ßou dar tudo errado n√£o fizemos nada ficamos de bra√ßos cruzados.

#mudan√ßasclim√°ticas
","florestal_brasil","informativo","clima"
"O sensoriamento remoto √© a t√©cnica de obten√ß√£o de infor¬≠ma√ß√µes acerca de um objeto √°rea ou fen√¥meno localizado na Terra sem que haja contato f√≠sico com o mesmo. As informa¬≠√ß√µes podem ser obtidas atrav√©s de radia√ß√£o eletromagn√©tica gerada por fontes naturais (sensor passivo) como o Sol ou por fontes artificiais (sensor ativo) como o radar. S√£o apresentadas na forma de imagens sendo mais utilizadas atualmente aque¬≠las captadas por sensores √≥ticos orbitais localizados em sat√©lites.

Os sat√©lites girando numa √≥rbita em torno da Terra levam consigo um sensor capaz de emitir e/ou receber a energia ele¬≠tromagn√©tica refletida da Terra.

As imagens orbitais possibilitam muitas aplica√ß√µes como o mapeamento e a atualiza√ß√£o de dados cartogr√°ficos e tem√°ticos a produ√ß√£o de dados meteorol√≥gicos e a avalia√ß√£o de impactos ambientais.

Aproveita pra compartilhar nos stories 
#gis #sensoriamentoremoto #geoprocessamento #satelites #qualifica√ß√£o #engenharia #cartografia
","florestal_brasil","tecnologia","outros"
"Usados na minera√ß√£o e descartados em barragens de rejeitos metais pesados como chumbo ars√™nio e c√°dmio podem causar danos √† sa√∫de e ao meio ambiente. Mas qual √© o risco desses metais entrarem em contato com as popula√ß√µes que vivem perto das √°reas de extra√ß√£o de min√©rio?

Encontrar respostas a esta pergunta √© o que motivou a cria√ß√£o do projeto ‚ÄúQue Lama √© Essa?‚Äù nascido no Instituto de Geoci√™ncias da Universidade Federal de Minas Gerais (UFMG). O foco principal √© a an√°lise qu√≠mica de amostras de √°gua solo lama e sedimentos em diversos pontos das bacias dos rios das Velhas Paraopeba e Doce que passam pela regi√£o metropolitana de Belo Horizonte. O projeto conta com a colabora√ß√£o de comunidades de moradores ao longo dessas bacias.

Materia completa em: https://florestalbrasil.com/o-que-ha-na-lama-da-chuva-perto-das-areas-de-mineracao/ 

Link boa stories e na bio!
","florestal_brasil","informativo","polui√ß√£o"
"PRE√áOS DO MILHO E DO TRIGO REGISTRAM MAIOR QUEDA ANUAL NA D√âCADA √Ä MEDIDA QUE A ESPERAN√áA DE ALIVIAR A INFLA√á√ÉO DE ALIMENTOS AUMENTA! 
Baseado na materia do ZeroHedge
Isso e muito mais em: www.FlorestalBrasil.com 
#milho #teigo #bloomberg #bolsadevalores #alimentos #commodities #economia","florestal_brasil","informativo","financeiro"
"Mapa segundo o IBGE dos Biomas brasileiro com inclus√£o da Caatinga em Minas Gerais e Piau√≠ ele pode ser usado na produ√ß√£o de mapas com a √∫ltima atualiza√ß√£o de 2019.

N√£o sei voc√™s mas voc√™ sabia que a Caatinga est√° presente em Minas Gerais? Para mim foi uma surpresa quando descobri.

Com isso agora s√£o 4 estados brasileiros que tem 3 biomas no mesmo territ√≥rio. E isso √© fant√°stico pois √© poss√≠vel conhecer em uma √∫nica viagem a um estado os 3 ecossistemas diferentes.

Os estados com 3 biomas s√£o:

Mato Grosso (MT) - Amaz√¥nia Cerrado Pantanal;
Mato Grosso do Sul (MS) - Cerrado Pantanal Mata Atl√¢ntica;
Minas Gerais (MG) - Cerrado Mata Atl√¢ntica Caatinga;
Bahia (BA) - Caatinga Cerrado Mata Atl√¢ntica.

Isso sem contar a quest√£o do sistema Costeiro-marinho que poderia por alguns outros estados com 3 sistemas (2 biomas + o marinho). Nesse sentido a Bahia ser√° o √∫nico estado com 4 biomas (3 terrestres e 1 marinho).

#biomas #natureza #meioambiente
","florestal_brasil","tecnologia","biomas"
"Servidores do Instituto Chico Mendes de Conserva√ß√£o da Biodiversidade o ICMBio anunciaram ades√£o √† paralisa√ß√£o deflagrada pelos funcion√°rios do Instituto Brasileiro do Meio Ambiente o Ibama.

A decis√£o foi tomada na quinta-feira 4 e oficializada em um comunicado endere√ßado √† Presid√™ncia da Rep√∫blica e aos minist√©rios da Gest√£o e Inova√ß√£o do Meio Ambiente e da Casa Civil.

O conte√∫do da carta √© semelhante ao publicado pelos servidores do Ibama.

Texto completo em: https://florestalbrasil.com/servidores-do-icmbio-se-unem-aos-do-ibama-na-paralisacao-por-melhoria-salarial/ 

Link na Bio e nos stories
#ibama #icmbio
","florestal_brasil","politica","outros"
"O projeto de lei que permite a minera√ß√£o dentro de √°reas de reserva legal foi aprovado no MAto Grosso. Assista o v√≠deo e entenda o projeto.
A Assembleia Legislativa de Mato Grosso aprovou na segunda semana de 2024 por 19 votos a 3 o projeto que permite a minera√ß√£o em √°reas de reserva legal. Apenas os deputados L√∫dio Cabral (PT) Wilson Santos (PSD) e Valdir Barranco (PT) votaram contra o projeto de lei 64/2023.
A lei prev√™ a realoca√ß√£o de √°reas de reserva legal dentro de uma propriedade rural ou fora dela para a pr√°tica de minera√ß√£o. De acordo com o C√≥digo Florestal reserva legal √© um percentual de √°rea de vegeta√ß√£o nativa localizada dentro de um im√≥vel rural que deve ser protegida para resguardar a fertilidade do solo e a bio diversidade e assim manter o meio ambiente equilibrado.
Esse percentual varia de acordo com o bioma. No caso de Mato Grosso s√£o tr√™s diversidades: 20% em Campos Gerais (Pantanal) 35% no cerrado e 80% na Amaz√¥nia legal. Nestas √°reas s√£o permitidas apenas atividades de explora√ß√£o comercial com manejo sustent√°vel.
Ainda conforme o projeto a minera√ß√£o nestas √°reas s√≥ ser√° permitida diante da inexist√™ncia de alternativa de locais para minera√ß√£o economicamente vi√°vel em outra √°rea. A atividade precisar√° ter um estudo de impacto ambiental e ser autorizado pela secretaria estadual de meio ambiente (a SEMAS)
Especialistas j√° alertam para o perigo da manobra e os poss√≠veis danos irrevers√≠veis.
Entenda mais lendo a mat√©ria sobre o assunto em www.FlorestalBrasil.com e se inscreve no nosso canal do Youtube que logo mais ter√° um v√≠deo  completo sobre o assunto tamb√©m.
por aqui √© isso valeu.
","florestal_brasil","informativo","meio-ambiente"
"O projeto de lei que permite a minera√ß√£o dentro de √°reas de reserva legal foi aprovado no MAto Grosso. Assista o v√≠deo e entenda o projeto.
A Assembleia Legislativa de Mato Grosso aprovou na segunda semana de 2024 por 19 votos a 3 o projeto que permite a minera√ß√£o em √°reas de reserva legal. Apenas os deputados L√∫dio Cabral (PT) Wilson Santos (PSD) e Valdir Barranco (PT) votaram contra o projeto de lei 64/2023.
A lei prev√™ a realoca√ß√£o de √°reas de reserva legal dentro de uma propriedade rural ou fora dela para a pr√°tica de minera√ß√£o. De acordo com o C√≥digo Florestal reserva legal √© um percentual de √°rea de vegeta√ß√£o nativa localizada dentro de um im√≥vel rural que deve ser protegida para resguardar a fertilidade do solo e a bio diversidade e assim manter o meio ambiente equilibrado.
Esse percentual varia de acordo com o bioma. No caso de Mato Grosso s√£o tr√™s diversidades: 20% em Campos Gerais (Pantanal) 35% no cerrado e 80% na Amaz√¥nia legal. Nestas √°reas s√£o permitidas apenas atividades de explora√ß√£o comercial com manejo sustent√°vel.
Ainda conforme o projeto a minera√ß√£o nestas √°reas s√≥ ser√° permitida diante da inexist√™ncia de alternativa de locais para minera√ß√£o economicamente vi√°vel em outra √°rea. A atividade precisar√° ter um estudo de impacto ambiental e ser autorizado pela secretaria estadual de meio ambiente (a SEMAS)
Especialistas j√° alertam para o perigo da manobra e os poss√≠veis danos irrevers√≠veis.
Entenda mais lendo a mat√©ria sobre o assunto em www.FlorestalBrasil.com e se inscreve no nosso canal do Youtube que logo mais ter√° um v√≠deo  completo sobre o assunto tamb√©m.
por aqui √© isso valeu.
","florestal_brasil","politica","sustentabilidade"
"A mandioca (Manihot esculenta Crantz) √© uma planta origin√°ria da Am√©rica Tropical constituindose principal fonte de energia para mais de 700 milh√µes de pessoas no mundo especialmente nas regi√µes tropicais em desenvolvimento (IYER et al. 2010).
A mandioca √© um alimento super vers√°til e dela podem ser extra√≠dos v√°rios produtos que servem como base para prepara√ß√µes culin√°rias saud√°veis. Essa multiplicidade est√° relacionada com a esp√©cie de mandioca pois as muitas variedades pertencem a apenas dois tipos de mandioca: a mansa e a brava. (Idec.org)
A mandioca tipo ind√∫stria (brava) deve ser submetida a t√©cnicas de detoxifica√ß√£o (secagem) para ser consumida. Sendo assim o processamento industrial da mandioca √© necess√°rio at√© que se transforme em farinha polvilho f√©cula ou raspa. (Cpt.com.br)

Quer saber mais curiosidades como essa? 
Acesse: www.FlorestalBrasil.com 
Informa√ß√£o entretenimento e educa√ß√£o todos os dias

#mandioca #manihotesculenta #curiosidades #brasil
","florestal_brasil","informativo","flora"
"Os arque√≥logos j√° acreditaram que a antiga floresta amaz√¥nica era um lugar in√≥spito escassamente povoado por bandos de ca√ßadores-coletores 

Mas os restos de enormes terraplanagens  pir√¢mides e estradas da Bol√≠via ao Brasil descobertas nas √∫ltimas duas d√©cadas provaram conclusivamente que a Amaz√≥nia era o lar de sociedades grandes e complexas muito antes da chegada dos colonizadores europeus. 

Agora h√° provas de que outra sociedade humana ‚Äì a mais antiga at√© agora ‚Äì deixou a sua marca na regi√£o: uma densa rede de cidades interligadas agora escondida sob a floresta no Vale Upano no Equador foi revelada pela tecnologia de mapeamento a laser chamada lidar. 

Os assentamentos descritos hoje na Science  t√™m pelo menos 2.500 anos mais de 1.000 anos mais antigos do que qualquer outra sociedade amaz√¥nica complexa conhecida.

Leia tudo em nosso blog atrav√©s do link na bio ou nos stories.

 https://florestalbrasil.com/mapeamento-a-laser-revela-cidades-amazonicas-mais-antigas-construidas-ha-2-500-anos/

#amazonia #cidadesantigas #curiosidades #floresta
","florestal_brasil","informativo","biomas"
"E se o Brasil come√ßar a despoluir os rios? 

O descarte inadequado dos res√≠duos causa in√∫meros problemas e um deles √© a polui√ß√£o dos rios e c√≥rregos do pa√≠s onde mata o leito de forma lenta at√© que ele seja totalmente in√∫til √† vida.

#meioambiente #agua #rio #sustentabilidade
","florestal_brasil","campanha","polui√ß√£o"
"N√£o √© nenhuma surpresa para quem suou: 2023 foi o ano mais quente da hist√≥ria da humanidade 

As temperaturas m√©dias da superf√≠cie subiram quase 02¬∞C acima do recorde anterior estabelecido em 2016 para 148¬∞C acima dos n√≠veis pr√©-industriais informou hoje o Servi√ßo de Altera√ß√µes Clim√°ticas Copernicus da Uni√£o Europeia. 

As condi√ß√µes extremas s√£o um ‚Äútestemunho dram√°tico de qu√£o longe estamos agora do clima em que a nossa civiliza√ß√£o se desenvolveu‚Äù disse Carlo Buontempo diretor do Copernicus num comunicado.

No entanto as temperaturas recordes de 2023 ‚Äì que provavelmente ser√£o confirmadas por an√°lises da NASA da Administra√ß√£o Nacional Oce√¢nica e Atmosf√©rica dos EUA do Met Office do Reino Unido e da Berkeley Earth ‚Äì encerram um mist√©rio. 

A queima incessante de combust√≠veis f√≥sseis pela humanidade √© o motor dominante da tend√™ncia de longo prazo mas √© insuficiente para explicar o aumento repentino de 2023 diz Michael Diamond cientista atmosf√©rico da Florida State University.

Leia tudo em nosso blog atrav√©s do link na bio ou nos stories.

https://florestalbrasil.com/2023-foi-o-ano-mais-quente-ja-registrado-e-ainda-mais-quente-do-que-o-esperado/

#mudan√ßasclim√°ticas #aquecimentoglobal #calor
","florestal_brasil","informativo","clima"
"Expans√£o da Borracha est√° causando desmatamento no Sudeste Asi√°tico 

O entendimento dos efeitos da expans√£o das culturas na floresta natural √© crucial. 
No entanto para a maioria dessas culturas a falta de mapas globais de sensoriamento remoto dificulta a avalia√ß√£o dos impactos globais do desmatamento que muitas vezes se baseia em modelos e estimativas. Um exemplo not√°vel √© o cultivo de borracha no sudeste asi√°tico para o qual as estimativas dos impactos do desmatamento variam consideravelmente chegando a diferen√ßas de mais de cinco vezes.

LEIA TUDO EM: https://florestalbrasil.com/expansao-da-borracha-esta-causando-desmatamento-no-sudeste-asiatico/
","florestal_brasil","informativo","desmatamento"
"Hoje √© comum falar em reviver animais extintos mas antes disso n√£o √© melhor preservar os vivos? 

O Tigre-da-tasm√¢nia n√£o √© um felino como o nome comum diz n√£o √© um canino como a apar√™ncia sugere e tamb√©m n√£o √© a mistura dos dois ele √© um Marsupial como os Cangurus e Coalas.

#fauna #animais #animal #extinction #extin√ß√£o
","florestal_brasil","informativo","fauna"
" O Brasil apresentou nesta sexta-feira (1/12) na #COP28 em Dubai uma proposta de mecanismo financeiro para pagar pela prote√ß√£o de florestas tropicais em 80 pa√≠ses.

Os recursos seriam destinados √† redu√ß√£o do desmatamento e da degrada√ß√£o e √† restaura√ß√£o e prote√ß√£o destas florestas.

Veja a apresenta√ß√£o completa no YouTube do MMA (@mmeioambiente). Link nos stories.
@canalgov
","mmeioambiente","politica","financeiro"
"O Reino Unido apoia as iniciativas do Brasil para as florestas e o desenvolvimento sustent√°vel das comunidades que as protegem por isso anunciamos hoje novo aporte financeiro de ¬£35 milh√µes ao Fundo Amaz√¥nia. 

Al√©m do an√∫ncio deste valor foi assinado com o @bndesgovbr o contrato da doa√ß√£o de ¬£80 milh√µes para o fundo que havia sido anunciada em maio. 

A ministra do @energygovuk @clairecoutinho fez o an√∫ncio para a ministra do @mmeioambiente @marinasilvaoficial e o presidente do @bndesgovbr Aloizio Mercadante durante a #COP28. 

A contribui√ß√£o do üá¨üáß para o Fundo Amaz√¥nia neste ano totaliza mais de R$ 700 milh√µes.
","mmeioambiente","politica","sustentabilidade"
"Nos quatro primeiros dias da COP28 a confer√™ncia do clima da ONU o governo federal apresentou um fundo global para financiar a conserva√ß√£o de florestas tropicais em cerca de 80 pa√≠ses. O instrumento que busca captar US$ 250 bilh√µes pagar√° por hectare de floresta em p√© e descontar√° por √°rea desmatada.

O fundo foi uma das iniciativas citadas pela ministra Marina Silva durante discurso em painel com l√≠deres de pa√≠ses com florestas tropicais. O presidente Lula emocionou-se ao ceder o microfone √† ministra durante a sess√£o e afirmar que a ‚Äúfloresta fala por si‚Äù. 

Na sess√£o de abertura da Presid√™ncia da COP28 Lula cobrou a descarboniza√ß√£o urgente do planeta: 

‚Äú√â hora de enfrentar o debate sobre o ritmo lento da descarboniza√ß√£o do planeta e trabalhar por uma economia menos dependente de combust√≠veis f√≥sseis‚Äù afirmou.

O Plano de Transforma√ß√£o Ecol√≥gica que guiar√° a transi√ß√£o verde brasileira foi apresentado pelo ministro da Fazenda Fernando Haddad. A expectativa √© que quase cem medidas relacionadas √† iniciativa sejam apresentadas at√© a COP30 que Bel√©m (PA) sediar√° em 2025. 

Em encontro do presidente com 135 representantes da sociedade civil e de movimentos sociais Marina destacou a import√¢ncia dos povos e comunidades tradicionais para o combate √†s mudan√ßas do clima e demandou mais a√ß√µes de governos pelo mundo e do setor privado.

A agenda de reuni√µes bilaterais incluiu encontros ao lado de Lula com o secret√°rio-geral da ONU Ant√≥nio Guterres e o presidente da Fran√ßa Emmanuel Macron. Com Haddad Marina recebeu o presidente do Banco Mundial Ajay Banga. 

A ministra e o presidente do BNDES Aloizio Mercadante reuniram-se com a secret√°ria de Seguran√ßa Energ√©tica e Emiss√µes Zero do Reino Unido Claire Coutinho que anunciou nova doa√ß√£o de R$ 215 milh√µes ao Fundo Amaz√¥nia levando o aporte total brit√¢nico neste ano para mais de R$ 715 milh√µes.

No domingo Marina embarcou com a comitiva presidencial para a Alemanha. A ministra retornar√° a Dubai na quarta-feira (6/12) para acompanhar a segunda semana de negocia√ß√µes da #COP28.

  MMA Fernando Donasci/MMA Ricardo Stuckert/PR
","mmeioambiente","politica","clima"
"O Brasil chegou na COP28 com redu√ß√£o significativa do desmatamento na Amaz√¥nia. E agora refor√ßa a necessidade da urg√™ncia da Miss√£o 15¬∞C uma campanha global que ponha o mundo nos trilhos para limitar o aquecimento global a 15¬∞C e evitar uma cat√°strofe clim√°tica.

 Audiovisual/PR
","mmeioambiente","politica","desmatamento"
"Em painel de comemora√ß√£o dos 15 anos do Fundo Amaz√¥nia na #COP28 a ministra Marina Silva explica a import√¢ncia da iniciativa para combater o desmatamento e promover o desenvolvimento sustent√°vel no bioma.

üá≥üá¥üá¨üáß Doadores do Fundo Amaz√¥nia o ministro noruegu√™s do Meio Ambiente Andreas Bjelland Eriksen e o ministro de Transi√ß√£o Energ√©tica do Reino Unido Graham Stuart participaram do evento. A Noruega anunciou nesta segunda-feira (11/12) um novo aporte de 50 milh√µes de d√≥lares.

Desde janeiro deste ano foram anunciadas novas doa√ß√µes para o Fundo Amaz√¥nia que totalizam cerca de R$ 39 bilh√µes: R$ 25 bilh√µes dos EUA R$ 711 milh√µes do Reino Unido R$ 250 milh√µes da Noruega R$ 186 milh√µes da Alemanha R$ 107 milh√µes da Dinamarca R$ 106 milh√µes da Uni√£o Europeia e R$ 28 milh√µes da Su√≠√ßa.

Mais informa√ß√µes em gov.br/mma.
","mmeioambiente","politica","financeiro"
"MMA @mturismo @ICMBio e @embraturbrasil assinaram Acordo de Coopera√ß√£o T√©cnica para desenvolver o turismo sustent√°vel em Unidades de Conserva√ß√£o (UCs) e entornos.

A parceria existe desde 2017 e foi renovada por mais 5 anos. Prev√™ a capacita√ß√£o de trabalhadores do turismo o desenvolvimento de novos trechos da Rede Nacional de Trilhas de Longo Curso ‚Äì RedeTrilhas e o apoio a iniciativas de Turismo de Base Comunit√°ria.

Tamb√©m busca promover o aproveitamento econ√¥mico das UCs atrav√©s de parcerias estudos de capacidade de carga e divulga√ß√£o de atrativos entre outras a√ß√µes.

A divulga√ß√£o e amplia√ß√£o do ecoturismo em UCs gera renda local cria oportunidades de trabalho e fortalece a conserva√ß√£o do patrim√¥nio ambiental.

A secret√°ria nacional de Biodiversidade Florestas e Direitos Animais do MMA Rita Mesquita assinou o ACT com o presidente da Embratur Marcelo Freixo e o ministro do Turismo Celso Sabino durante a 7¬™ edi√ß√£o do Sal√£o Nacional do Turismo neste s√°bado (16/12) em Bras√≠lia.

O ministro Sabino anunciou que a primeira UC beneficiada ser√° o Parque Nacional dos Len√ß√≥is Maranhenses:

‚ÄúJ√° vamos come√ßar pelo Parque dos Len√ß√≥is Maranhenses demarcando os espa√ßos para uso tur√≠stico. Ser√° um incentivo importante para que as pessoas que moram na regi√£o possam ter uma renda extra explorando o ecoturismo sustent√°vel.‚Äù

 Premia√ß√£o

O diretor de √Åreas Protegidas do MMA Pedro da Cunha Menezes foi o vencedor do Pr√™mio Nacional do Turismo 2023 na categoria ‚ÄúGoverno - Dirigentes e Parlamentares‚Äù.

A escolha foi por vota√ß√£o popular entre tr√™s finalistas selecionados por comiss√£o julgadora.

Menezes √© fundador da Rede Brasileira de Trilhas e Conectividade (@redetrilhas) e hoje lidera a implementa√ß√£o desta pol√≠tica p√∫blica que mobiliza volunt√°rios e profissionais do ecoturismo na estrutura√ß√£o sinaliza√ß√£o e conex√£o de trilhas em todo o pa√≠s promovendo o turismo e a conserva√ß√£o ambiental. A Rede Trilhas √© coordenada por MMA ICMBio e MTur.

Fotos: Roberto Castro/MTur e Pedro Fran√ßa/Mtur
","mmeioambiente","informativo","sustentabilidade"
"Lei do Pantanal √© sancionada em Mato Grosso do Sul

O governador de Mato Grosso do Sul Eduardo Riedel sancionou nesta segunda-feira (18/12) a Lei do Pantanal que promover√° conserva√ß√£o prote√ß√£o restaura√ß√£o e explora√ß√£o sustent√°vel do bioma. A ministra Marina Silva participou do evento.

Elaborada em parceria com o MMA a legisla√ß√£o estadual proteger√° os cerca de 97 milh√µes de hectares do Pantanal sul-mato-grossense. Em propriedades rurais ser√° necess√°rio preservar 50% da √°rea com forma√ß√µes florestais e de Cerrado. Onde h√° forma√ß√µes campestres o percentual ser√° de 40%.

A autoriza√ß√£o para supress√£o da vegeta√ß√£o nativa depender√° da inscri√ß√£o e aprova√ß√£o do Cadastro Ambiental Rural da inexist√™ncia de infra√ß√µes ambientais e da aprova√ß√£o de avalia√ß√£o de impacto ambiental para convers√µes acima de 500 hectares entre outros. 

Cultivos agr√≠colas ex√≥ticos como soja e cana-de-a√ß√∫car est√£o proibidos e os j√° existentes n√£o poder√£o ser expandidos.

O confinamento bovino tamb√©m est√° vedado. Haver√° autoriza√ß√£o para pastoreio extensivo em pastagens nativas de APPs e Reservas Legais desde que a preserva√ß√£o n√£o seja prejudicada. 

A lei prev√™ tamb√©m a cria√ß√£o do Fundo Clima Pantanal com prioridade para a prote√ß√£o e recupera√ß√£o de nascentes e da cobertura vegetal. Novos empreendimentos de carvoaria tamb√©m n√£o ser√£o autorizados assim como a constru√ß√£o de diques drenos barragens e outras altera√ß√µes no regime hidrol√≥gico al√©m de pequenas centrais hidrel√©tricas (PCHs). H√° ainda proibi√ß√µes a esp√©cies ex√≥ticas de fauna.

De 2016 a 2022 o desmatamento no bioma no Estado aumentou 254% em compara√ß√£o com o registrado de 2009 a 2015 segundo dados do Inpe.

Em nota t√©cnica o MMA constatou que os crit√©rios adotados pelo Estado para autorizar desmatamentos estavam em desacordo com o C√≥digo Florestal e recomendou altera√ß√µes normativas ao Conama.
O governo estadual procurou a pasta para uma solu√ß√£o conjunta. Em agosto o governador suspendeu as autoriza√ß√µes de desmatamento e foi criado um grupo de trabalho com representantes de MMA Ibama ICMBio para elaborar o anteprojeto de lei apresentado √† Assembleia Legislativa.

Mais informa√ß√µes em gov.br/mma.
Fotos: Saul Schramm/MS; MMA.
","mmeioambiente","informativo","biomas"
"Retrospectiva 2023 | Redu√ß√£o do desmatamento 

A √°rea sob alertas de desmatamento na Amaz√¥nia caiu 505% de janeiro a novembro em rela√ß√£o ao mesmo per√≠odo de 2022 segundo dados do sistema Deter do Inpe. A queda √© resultado da retomada da pol√≠tica ambiental com a intensifica√ß√£o das a√ß√µes de comando e controle desde a posse do presidente Lula.

Os autos de infra√ß√£o aplicados pelo Ibama por crimes contra a flora na Amaz√¥nia cresceram 114% nos 11 primeiros meses de 2023 em rela√ß√£o √† m√©dia para o mesmo per√≠odo nos √∫ltimos quatro anos. Os embargos aumentaram 73% e as apreens√µes 72%. A destrui√ß√£o de equipamentos teve alta de 153% e as multas por crimes contra a flora de 67%.

A redu√ß√£o do desmatamento evitou o lan√ßamento na atmosfera de cerca de 250 milh√µes de toneladas de g√°s carb√¥nico equivalente. Quase metade das emiss√µes brasileiras vem da destrui√ß√£o da vegeta√ß√£o nativa.

O Plano de A√ß√£o para Preven√ß√£o e Controle do Desmatamento na Amaz√¥nia (PPCDAm) foi relan√ßado em 5 de junho ap√≥s ser revogado em 2019. O plano refor√ßa o compromisso com o desmatamento zero at√© 2030 e com o cumprimento das metas clim√°ticas brasileiras.

A√ß√µes incluem a altera√ß√£o das regras do Conselho Monet√°rio Nacional para acesso ao cr√©dito rural o combate ao garimpo ilegal em Terras Ind√≠genas e o bloqueio de Cadastros Ambientais Rurais sobrepostos a Terras Ind√≠genas Unidades de Conserva√ß√£o e Florestas P√∫blicas N√£o Destinadas entre outras medidas. 

Em 2023 o governo federal tamb√©m declarou interesse para a destina√ß√£o de cerca de 14 milh√µes de hectares de florestas p√∫blicas federais. A expectativa √© que haja a declara√ß√£o de interesse para outros 10 milh√µes de hectares no primeiro semestre de 2024. 

Devido √† governan√ßa ambiental brasileira as novas doa√ß√µes para o Fundo Amaz√¥nia totalizam R$ 39 bilh√µes. Estados Unidos Alemanha Reino Unido Uni√£o Europeia Dinamarca Su√≠√ßa e Noruega anunciaram novos aportes ao fundo retomado em janeiro ap√≥s paralisa√ß√£o de quatro anos cerca de R$ 4 bilh√µes em caixa.

Leia o balan√ßo da √°rea ambiental em 2023:

https://www.gov.br/mma/pt-br/governo-federal-retoma-politica-ambiental-e-climatica-em-2023
","mmeioambiente","informativo","desmatamento"
"Retrospectiva 2023 | Retomada da TI Yanomami 

A √°rea desmatada para a abertura de novos garimpos na Terra Ind√≠gena Yanomami caiu 77% de janeiro a novembro em rela√ß√£o ao mesmo per√≠odo de 2022 segundo dados do Brasil Mais da Pol√≠cia Federal. 

O Ibama atua na regi√£o desde fevereiro quando a retomada da TI Yanomami come√ßou. O instituto realiza opera√ß√µes para destrui√ß√£o de √°reas com garimpo apreens√£o de equipamentos e bloqueio do fluxo de suprimentos por rios e nos arredores da TI entre outras a√ß√µes. 

Foram apreendidos ou destru√≠dos ao menos:

 339 acampamentos
 33 aeronaves
 287 motores 
 36 toneladas de cassiterita
 26 mil litros de combust√≠vel
 32 balsas
 42 barcos
 154 equipamentos de comunica√ß√£o
147 estruturas log√≠sticas
 87 geradores de energia
 3 tratores
 63 kg de merc√∫rio

No √∫ltimo dia 22 o presidente Lula determinou que os √≥rg√£os federais intensifiquem as a√ß√µes de combate ao garimpo na regi√£o. A prote√ß√£o do povo Yanomami destacou o presidente durante reuni√£o ministerial √© prioridade para o governo desde o in√≠cio da gest√£o.

Leia o balan√ßo da √°rea ambiental em 2023:

https://www.gov.br/mma/pt-br/governo-federal-retoma-politica-ambiental-e-climatica-em-2023
","mmeioambiente","informativo","meio-ambiente"
"Retrospectiva | Corre√ß√£o da meta clim√°tica

O Brasil comunicou √† ONU em outubro a corre√ß√£o de sua meta clim√°tica retomando a ambi√ß√£o assumida em 2015 no Acordo de Paris. A Contribui√ß√£o Nacionalmente Determinada (NDC na sigla em ingl√™s) do pa√≠s havia sido enfraquecida pelo governo anterior.

Com a mudan√ßa o Brasil se comprometeu a reduzir as emiss√µes em 48% at√© 2025 e em 53% at√© 2030. A promessa antiga era cort√°-las em 37% e 50% respectivamente.

A corre√ß√£o foi anunciada pela ministra Marina Silva em setembro na C√∫pula da Ambi√ß√£o Clim√°tica da ONU em Nova York:

‚ÄúVamos retomar o n√≠vel de ambi√ß√£o que apresentamos originalmente na COP 21 e que tinha sido alterado pelo governo anterior‚Äù discursou a ministra.

A decis√£o de corrigir a meta foi tomada pelo Comit√™ Interministerial sobre Mudan√ßa do Clima (CIM) principal √≥rg√£o de governan√ßa clim√°tica do pa√≠s. Presidido pela @casacivilbr o conselho reformulado em junho pelo presidente Lula √© composto por 18 minist√©rios.

Segundo documento enviado √† ONU pelo @itamaratygovbr para comunicar a corre√ß√£o o ‚ÄúBrasil mostra seu compromisso total com o Acordo de Paris‚Äù e o desejo de liderar pelo exemplo.

‚ÄúO governo do Brasil reitera ainda seu objetivo de longo prazo de chegar √† neutralidade clim√°tica at√© 2050‚Äù afirma o texto.

O CIM tamb√©m aprovou a atualiza√ß√£o do Plano Clima com a cria√ß√£o de grupos de trabalho para elaborar as estrat√©gias nacionais e planos setoriais de adapta√ß√£o e mitiga√ß√£o. O processo determinar√° ainda a nova meta clim√°tica brasileira que deve ser apresentada at√© a COP30 em 2025 na cidade de Bel√©m (PA).

Em discurso na COP28 em Dubai nos Emirados √Årabes Unidos o presidente Lula defendeu maior ambi√ß√£o internacional e financiamento clim√°tico para que os pa√≠ses em desenvolvimento consigam implementar e incrementar suas NDCs:

‚ÄúNos dois anos at√© a COP30 ser√° necess√°rio redobrar os esfor√ßos para implementar as NDCs que assumimos. E em Bel√©m precisamos anunciar NDCs mais ousadas e garantir meios de implementa√ß√£o necess√°rios para concretiz√°-las"" afirmou o presidente.

Leia o balan√ßo da √°rea ambiental em 2023:

https://www.gov.br/mma/pt-br/governo-federal-retoma-politica-ambiental-e-climatica-em-2023
","mmeioambiente","informativo","clima"
"Retrospectiva 2023 | Novos an√∫ncios de doa√ß√µes para o Fundo Amaz√¥nia

Os an√∫ncios de novas doa√ß√µes para o Fundo Amaz√¥nia somam R$ 39 bilh√µes desde janeiro resultado da retomada da governan√ßa ambiental e clim√°tica no Brasil. Os novos aportes praticamente dobrar√£o os cerca de R$ 4 bilh√µes que ficaram congelados em caixa durante o governo anterior.

O Fundo Amaz√¥nia ficou paralisado de 2019 a 2022 devido √† extin√ß√£o de seu comit√™ orientador e ao desmonte da pol√≠tica ambiental. O presidente Lula emitiu decreto para retomar o mecanismo em 1¬∞ de janeiro dia de sua posse.

Desde ent√£o anunciaram novas contribui√ß√µes para o fundo:

Estados Unidos üá∫üá∏: 500 milh√µes de d√≥lares (R$ 25 bilh√µes)
Reino Unido üá¨üáß: 115 milh√µes de libras (R$ 715 milh√µes)
Noruega üá≥üá¥: 50 milh√µes de d√≥lares (R$ 250 milh√µes)
Alemanha üá©üá™: 35 milh√µes de euros (R$ 190 milh√µes)
Dinamarca üá©üá∞: 150 milh√µes de coroas dinamarquesas (R$ 110 milh√µes)
Uni√£o Europeia üá™üá∫: 20 milh√µes de euros (R$ 100 milh√µes)
Su√≠√ßa üá®üá≠: 50 milh√µes de francos su√≠√ßos (R$ 30 milh√µes)

(Cota√ß√µes dos dias em que as doa√ß√µes foram anunciadas)

O Fundo Amaz√¥nia foi criado em 2008 pelo presidente Lula e permitiu o apoio internacional a a√ß√µes de combate ao desmatamento no Brasil. O mecanismo √© a primeira e maior experi√™ncia do planeta de pagamento por resultados na redu√ß√£o das emiss√µes de gases de efeito estufa provenientes do desmatamento e da degrada√ß√£o florestal.

O fundo prev√™ apoio n√£o reembols√°vel a a√ß√µes de preven√ß√£o monitoramento combate ao desmatamento conserva√ß√£o e uso sustent√°vel da Amaz√¥nia Legal. At√© 20% de seus recursos podem ser usados no desenvolvimento de sistemas de monitoramento e controle do desmatamento em outros biomas brasileiros ou outros pa√≠ses tropicais.

Gerido pelo @bndesgovbr o fundo apoiou 106 projetos desde sua cria√ß√£o. Os recursos beneficiaram aproximadamente 241 mil pessoas com atividades produtivas sustent√°veis 101 Terras Ind√≠genas e 196 Unidades de Conserva√ß√£o.

Leia o balan√ßo da √°rea ambiental em 2023:

https://www.gov.br/mma/pt-br/governo-federal-retoma-politica-ambiental-e-climatica-em-2023
","mmeioambiente","informativo","financeiro"
" A tartaruga-da-amaz√¥nia (Podocnemis expansa) √© o maior quel√¥nio dos rios da Am√©rica do Sul e um dos maiores de √°gua doce do planeta.

Pode viver at√© 80 anos e as f√™meas podem alcan√ßar quase 1 metro de comprimento.

A esp√©cie vive em rios da Amaz√¥nia e do Cerrado na regi√£o Norte em Mato Grosso e em Goi√°s. Est√° amea√ßada de extin√ß√£o em v√°rios pa√≠ses vizinhos devido √† ca√ßa e √† coleta de ovos para alimenta√ß√£o humana mas n√£o √© classificada em nenhum n√≠vel de amea√ßa no Brasil.

O Tabuleiro do Guapor√© em Rond√¥nia √© o local de nidifica√ß√£o mais importante para a esp√©cie. A √°rea fica no rio de mesmo nome na fronteira com a Bol√≠via.

A desova come√ßa em outubro durante a vazante dos rios quando se formam grandes bancos de areia em suas margens. Milhares de f√™meas adultas viajam muitos quil√¥metros rio acima para enterrar milh√µes de ovos no Tabuleiro do Guapor√© em um intervalo de poucas semanas.

Agentes do Ibama e popula√ß√µes tradicionais locais monitoram a temporada reprodutiva protegem os ber√ß√°rios e fiscalizam a ca√ßa ilegal da esp√©cie. As atividades fazem parte do Projeto Quel√¥nios da Amaz√¥nia (@pqa_ibama) que come√ßou em 1979 e est√° sob responsabilidade do @ibamagov desde 2011.

Em dezembro censo reprodutivo realizado em quatro praias da regi√£o contabilizou 1.409.263 filhotes de tartarugas. A contagem foi retomada em 2023 ap√≥s paralisa√ß√£o nos anos anteriores por falta de servidores.

Moradores locais da Associa√ß√£o Quilombola e Ecol√≥gica do Vale do Guapor√© (Ecovale) apoiam as atividades.

Em outras √°reas da Amaz√¥nia o PQA tamb√©m protege c√°gados das esp√©cies tracaj√° (P. unifilis) e ia√ß√° (P. sextuberculata) al√©m de outros quel√¥nios.

Neste ano a retomada de outro programa paralisado na gest√£o anterior tamb√©m beneficiou o PQA. O Programa de Convers√£o de Multas Ambientais disponibilizou recursos para compra de equipamentos de log√≠stica das equipes de fiscaliza√ß√£o e biometria dos animais.

Com informa√ß√µes do Ibama e da plataforma Salve/@icmbio.
","mmeioambiente","informativo","fauna"
"A √°rea sob alertas de desmatamento na Amaz√¥nia caiu 50% em 2023 segundo dados do sistema Deter do Inpe (@mcti). A redu√ß√£o evitou o lan√ßamento de 250 milh√µes de toneladas de g√°s carb√¥nico equivalente na atmosfera. 

A redu√ß√£o anual √© a maior da s√©rie hist√≥rica do Deter que emite alertas di√°rios para apoiar a fiscaliza√ß√£o desde 2015. 

De janeiro a dezembro de 2023 o Ibama aumentou os autos de infra√ß√£o por crimes contra a flora em 106% na compara√ß√£o com a m√©dia de 2019 a 2022. A destrui√ß√£o de bens e os embargos cresceram 161% e 64% respectivamente no mesmo per√≠odo. J√° as apreens√µes aumentaram 79%.

Em abril o presidente Lula anunciou a homologa√ß√£o de seis novas TIs e recriou o Comit√™ Gestor da Pol√≠tica Nacional de Gest√£o Territorial e Ambiental em Terras Ind√≠genas (PNGATI) e o Conselho Nacional de Pol√≠tica Indigenista (CNPI) extintos pelo governo anterior. Em setembro o presidente assinou a homologa√ß√£o de mais duas TIs. As oito novas Terras Ind√≠genas somam cerca de 818 mil hectares.

O governo federal retomou o Plano de A√ß√£o para Preven√ß√£o e Controle do Desmatamento na Amaz√¥nia Legal (PPCDAm) paralisado pela gest√£o anterior. A quinta fase do plano foi lan√ßada em junho. 

De 2004 a 2012 o PPCDAm guiou as pol√≠ticas que reduziram o desmatamento em 83%. O compromisso do presidente Lula √© zerar o desmatamento no pa√≠s at√© 2030.
","mmeioambiente","informativo","desmatamento"
"O MMA lan√ßou nesta quinta (11/1) o Programa Ambiente √çntegro iniciativa que refor√ßar√° o compromisso com a √©tica o respeito e a transpar√™ncia nas atividades institucionais.

A ministra Marina Silva e o ministro da @cguoficial Vin√≠cius Marques de Carvalho participaram da cerim√¥nia. O programa foi apresentado pelo chefe da Assessoria Especial de Controle Interno do MMA Humberto Schloegl.

Para implement√°-lo o MMA lan√ßou tamb√©m o Plano de Integridade para o bi√™nio 2025-2027 com 47 objetivos divididos em seis eixos: treinamento e desenvolvimento governan√ßa promo√ß√£o da √©tica transpar√™ncia p√∫blica monitoramento e comunica√ß√£o.

Medidas concretas e estrat√©gias bem definidas afirmou Marina fortalecem o comprometimento com um ambiente de trabalho saud√°vel e inclusivo al√©m de prevenir a corrup√ß√£o e fomentar a transpar√™ncia. A integridade disse exige uma democracia fortalecida: ‚Äú√© imposs√≠vel ter uma pol√≠tica p√∫blica de integridade em um ambiente autorit√°rio‚Äù.

Al√©m do foco no combate √† fraude e √† corrup√ß√£o desde 2023 as a√ß√µes tratam tamb√©m do respeito a direitos valores e diversidade e da responsabilidade das organiza√ß√µes p√∫blicas de fazer entregas melhores para a sociedade.

Para que uma institui√ß√£o seja √≠ntegra √© preciso muito mais que n√£o ser corrupta‚Äù disse Carvalho. ‚ÄúA legitimidade da nossa atua√ß√£o depende de conseguirmos consolidar nossa rela√ß√£o de confian√ßa com a sociedade. Para isso precisamos contaminar a sociedade com uma vontade de acompanhar controlar e estabelecer rela√ß√µes com o governo nas quais o cidad√£o se veja refletido com seus anseios d√∫vidas e aspira√ß√µes‚Äù.

J√° o Plano de Integridade determina normas procedimentos e responsabilidades entre outras a√ß√µes que as unidades devem implementar. As iniciativas incluem medidas de conscientiza√ß√£o produ√ß√£o de avalia√ß√µes implementa√ß√£o de programas e elabora√ß√£o de um planejamento estrat√©gico por exemplo.

A ministra Marina anunciou ainda a cria√ß√£o do Comit√™ Permanente de Gest√£o da Integridade no MMA e a Rede de Integridade do MMA que inclui as unidades vinculadas para promover a integra√ß√£o entre os √≥rg√£os e fortalecer as a√ß√µes.

Mais informa√ß√µes em mma.gov.br.
","mmeioambiente","politica","meio-ambiente"
"A ministra Marina Silva representou o Brasil no @worldeconomicforum finalizado nesta sexta (19/1) em Davos na Su√≠√ßa.

Em seus pronunciamentos defendeu uma mudan√ßa profunda na forma como a natureza deve ser avaliada: que a prioridade seja colocada no valor trazido pela natureza n√£o no custo de sua preserva√ß√£o.

A delega√ß√£o brasileira em Davos tamb√©m contou com os ministros Alexandre Silveira (@minaseenergia) e N√≠sia Trindade (@minsaude).

‚ÄúA natureza tem valores que muitas vezes a forma e o est√°gio em que nos encontramos ainda n√£o conseguiram alcan√ßar. Em algum momento vamos descobrir que esses valores existem e que talvez possam ser precificados‚Äù disse a ministra em um dos pain√©is do F√≥rum.

Os servi√ßos prestados pela natureza √† nossa sociedade (servi√ßos ambientais ou ecossist√™micos) ser√£o uma das prioridades do grupo de trabalho de Sustentabilidade Ambiental e Clim√°tica da presid√™ncia brasileira do G20.

Em outro painel realizado na ter√ßa-feira com a participa√ß√£o do presidente da Col√¥mbia Gustavo Petro Marina comentou as metas ambientais mais importantes adotadas pelos governos para a Amaz√¥nia: zerar o desmatamento at√© 2030 no caso do Brasil e encerrar a extra√ß√£o de petr√≥leo e g√°s no caso da Col√¥mbia.

‚ÄúO Brasil tomou uma decis√£o corajosa de desmatamento zero. A Col√¥mbia tomou decis√£o em rela√ß√£o a petr√≥leo zero. Em algum momento n√≥s vamos nos encontrar a Col√¥mbia vai dizer que √© desmatamento zero e a humanidade vai ter que dizer que √© petr√≥leo zero‚Äù afirmou.

Na quinta Marina participou de mesa sobre o oceano e de debate realizado pelo governo da Su√≠√ßa sobre Amaz√¥nia e mudan√ßa do clima ao lado do ministro Luis Fernando Barroso (Supremo Tribunal Federal). Tamb√©m participaram Martina Hirayama secret√°ria para Educa√ß√£o da Su√≠√ßa; Thomas Crowther professor da @ethzurich; Michael Schaepman professor da @uzh.ch; e a apresentadora Hosana Silva. O painel foi moderado por Gioia Deucher (InnHub La Punt).

A ministra teve ainda reuni√µes com a conservacionista Jane Goodall (@janegoodallinst) Peter Thompson (@oceanenvoy); representantes da @opensocietyfoundations; Daren Tang diretor-geral da @wipo; e Juan Manuel Louvier diretor-geral do @inaes_mx.
","mmeioambiente","politica","meio-ambiente"
"O MMA participou nesta quinta-feira (25/1) do lan√ßamento do relat√≥rio da Agenda Transversal Ambiental do Plano Plurianual (PPA) 2024-2027 pelo @planejamentoeorcamento (MPO). O evento em Bras√≠lia teve presen√ßa das ministras Marina Silva e Simone Tebet (MPO) e do ministro Waldez G√≥es (@midregional).

O documento apresenta dados e metas relacionadas √† agenda ambiental refletindo sua prioridade no planejamento do governo federal. O tema est√° presente em 50 dos 88 programas do PPA al√©m de 113 objetivos espec√≠ficos 372 entregas e 150 medidas institucionais e normativas.

‚ÄúEst√° aqui o que o povo brasileiro quer. O programa mais votado no PPA foi sobre as mudan√ßas clim√°ticas. A√ß√µes preventivas para evitar os desastres naturais‚Äù discursou a ministra Tebet. ‚ÄúPrecisamos apresentar ao Brasil esta agenda que l√° atr√°s segundo Marina era uma utopia. Depois virou um sonho distante e agora n√£o estamos mais falando de sonho. Estamos falando da agenda transversal ambiental‚Äù.

As pautas ambientais est√£o diretamente inseridas no PPA em objetivos como recupera√ß√£o do solo e recursos h√≠dricos gest√£o de res√≠duos recupera√ß√£o florestal bioeconomia e combate ao desmatamento. Tamb√©m est√° presente em agendas relacionadas como infraestrutura log√≠stica energia e qualidade de vida.

‚ÄúO que era um conceito se materializou. As ideias ganham vida ganham for√ßa quando a gente ousa fazer pol√≠tica p√∫blica baseada em evid√™ncia‚Äù discursou a ministra Marina Silva no evento ressaltando a transversalidade da agenda ambiental. ‚ÄúO que n√≥s queremos √© que a pol√≠tica ambiental seja de toda a Esplanada. Nossos minist√©rios s√≥ funcionam se os outros tamb√©m funcionarem. Queremos combater o desmatamento com mudan√ßa no modelo de desenvolvimento fazer a mudan√ßa de forma estruturante‚Äù disse.

Entre as metas at√© 2027 destacam-se a de redu√ß√£o de 20% do desmatamento ao ano em todos os biomas e de que todos os munic√≠pios brasileiros tenham a√ß√µes de adapta√ß√£o a eventos extremos como secas e inunda√ß√µes. Tamb√©m h√° metas espec√≠ficas para os povos ind√≠genas e quilombolas na consolida√ß√£o territorial e qualidade de vida.

Com informa√ß√µes do MPO. Mais informa√ß√µes e link para o relat√≥rio em gov.br/planejamento.
","mmeioambiente","informativo","meio-ambiente"
"A ministra Marina Silva recebeu na segunda-feira (5/9) o jovem ativista colombiano Francisco Vera de 14 anos.

Francisco entregou √† ministra a ‚ÄúDeclara√ß√£o da Ecoesperan√ßa‚Äù que re√∫ne demandas de crian√ßas e jovens relacionadas ao meio ambiente como educa√ß√£o ambiental clim√°tica e maior representa√ß√£o na tomada de decis√£o. 

Not√≠cias sobre desmatamento e queimadas na Amaz√¥nia fizeram o menino ingressar no ativismo ambiental em 2019. Ele fundou o movimento Guardi√µes pela Vida que hoje re√∫ne cerca de 700 crian√ßas e jovens pelo planeta. 

‚ÄúA Amaz√¥nia √© fundamental n√£o s√≥ para o Brasil mas para todo o mundo. √â o pulm√£o do mundo e sua situa√ß√£o √© chave para o nosso futuro‚Äù disse o ativista √† @agencia.brasil. 

Francisco participou da reuni√£o no MMA com representantes do Instituto Alana organiza√ß√£o da sociedade civil que atua pelos direitos das crian√ßas. Ap√≥s o encontro Marina destacou a for√ßa pol√≠tica do ativismo ambiental infantojuvenil.

‚ÄúAs crian√ßas e os jovens t√™m uma for√ßa muito grande porque s√£o os fi√©is deposit√°rios dos bens naturais que os nossos pa√≠ses possuem. N√≥s como autoridades temos a obriga√ß√£o de entregar um mundo igual ou melhor do que aquele que encontramos. Ent√£o o ativismo o empenho deles al√©m de ser uma for√ßa pol√≠tica importante cria um constrangimento √©tico para aqueles que podendo mais e tendo mais meios para agir n√£o estejam fazendo a sua parte‚Äù disse a ministra √† Ag√™ncia Brasil. 

Francisco tamb√©m participou da oficina ‚ÄúJusti√ßa clim√°tica: um novo caminho para a adapta√ß√£o no Brasil‚Äù promovida para o MMA para debater medidas de adapta√ß√£o √†s mudan√ßas clim√°ticas com governo academia e sociedade civil.

‚Äú√â muito importante incluir as vozes das crian√ßas n√£o s√≥ de uma maneira consultiva mas participativa em que possam incidir politicamente nas decis√µes. Isso come√ßa por inclui-las diretamente. Temos que dar os espa√ßos as ferramentas possibilidades e oportunidades para que elas possam expressar suas experi√™ncias e suas viv√™ncias‚Äù disse ele.

Com informa√ß√µes da Ag√™ncia Brasil Rafa Neddermeyer/Ag. Brasil
","mmeioambiente","informativo","outros"
"O presidente em exerc√≠cio Geraldo Alckmin reuniu nesta sexta-feira (8/9) representantes de nove minist√©rios para acelerar a ajuda √†s v√≠timas da cat√°strofe socioambiental que atinge o Rio Grande do Sul. 

O governo federal anunciou uma s√©rie de medidas para atender √† popula√ß√£o com o envio de equipamentos e a distribui√ß√£o de 20 mil cestas de alimentos e kits de sa√∫de para cerca de 15 mil pessoas. 

Tamb√©m ser√£o disponibilizados √†s prefeituras R$ 800 por pessoa desabrigada para auxiliar nos custos com alojamento abrigo e alimenta√ß√£o entre outras iniciativas. Botes aeronaves tratores e um Comando Unificado das For√ßas Armadas tamb√©m apoiar√£o as opera√ß√µes.

Alckmin embarcar√° com comitiva de ministros e t√©cnicos da Defesa Civil neste domingo para vistoriar regi√µes afetadas. A ministra Marina Silva integrar√° o grupo. 

A Portaria n¬∫ 2.852 publicada no Di√°rio Oficial da Uni√£o na quinta declara estado de calamidade p√∫blica em 79 munic√≠pios ga√∫chos medida que facilita o acesso a recursos emergenciais e outras a√ß√µes extraordin√°rias. 

‚ÄúTudo isso √© resultado das mudan√ßas clim√°ticas‚Äù afirmou Alckmin. 

Segundo balan√ßo divulgado pela Defesa Civil nesta sexta o desastre provocou pelo menos 41 mortes e 223 feridos em cidades do Rio Grande do Sul. H√° 3.193 desabrigados e 8.256 desalojados. Ao todo 147 mil pessoas foram afetadas no Estado.
 234 - Cadu Gomes/VPR
1 - Lucas Leffa/Secom-PR
","mmeioambiente","politica","outros"
"A presid√™ncia brasileira do G20 tem tr√™s prioridades: a inclus√£o social e o combate √† fome a transi√ß√£o energ√©tica e desenvolvimento sustent√°vel e a reforma das institui√ß√µes de governan√ßa global.

O lema √© ""construindo um mundo justo e um planeta sustent√°vel"" anunciado pelo presidente Lula em discurso no encerramento da reuni√£o do grupo na √çndia. O Brasil assume a presid√™ncia do grupo pelos pr√≥ximos dois anos.
","mmeioambiente","politica","sustentabilidade"
"""N√≥s temos que estar preocupados com as altera√ß√µes clim√°ticas e seus efeitos em todas as √°reas.""
","mmeioambiente","campanha","clima"
"#DiaDoCerrado 

Presente em 13 estados o Cerrado √© a savana mais rica em biodiversidade do mundo! 

Imagina conhecer esse bioma brasileiro caminhando pedalando ou a cavalo? 

Pois na trilha Caminhos do Planalto Central √© poss√≠vel! 

O percurso faz parte da Rede Brasileira de Trilhas uma iniciativa entre #MTur @mmeioambiente e @icmbio.

Nela o trilheiro pode optar por seguir pelos caminhos:
 Arco Bras√≠lia - de valor c√≠vico hist√≥rico arquitet√¥nico e cultural percorrendo a cidade de Bras√≠lia;
 Arco Cafuringa - de valor ambiental e foco na cultura rural religiosa e hist√≥rica;
 Trilha Uni√£o -  de valor paisag√≠stico m√≠stico e gastron√¥mico e viv√™ncia espiritual.
","mmeioambiente","informativo","biomas"
"""Em oito meses j√° conseguimos reduzir o desmatamento em 48% evitando lan√ßar na atmosfera quase 200 milh√µes de toneladas de CO2. Uma invers√£o do que t√≠nhamos anteriormente. Conseguimos tamb√©m o concurso para o @ibamagov e o @icmbio. Tudo que estamos trabalhando √© para ter uma governan√ßa ambiental eficiente capaz de ajudar nas diferentes din√¢micas econ√¥micas e sociais do nosso pa√≠s.""
","mmeioambiente","informativo","desmatamento"
"O MMA iniciou nesta quarta-feira (13/9) a fase de consulta p√∫blica do novo Plano de A√ß√£o para Preven√ß√£o e Controle do Desmatamento e das Queimadas no Bioma Cerrado (PPCerrado). O objetivo √© receber contribui√ß√µes at√© 12/10.

O plano foi constru√≠do a partir da an√°lise das fases anteriores do PPCerrado reuni√µes com representantes dos Estados e da sociedade relat√≥rios dos grupos de transi√ß√£o de governo e subs√≠dios coletados no Semin√°rio T√©cnico-Cient√≠fico realizado em julho.

Ap√≥s an√°lise da din√¢mica do desmatamento no bioma o plano detalhou 12 objetivos estrat√©gicos em 4 eixos: atividades produtivas sustent√°veis; monitoramento e controle ambiental; ordenamento fundi√°rio e territorial; e instrumentos normativos e econ√¥micos.

Os eixos apresentam 12 objetivos estrat√©gicos e 37 resultados esperados. Para alcan√ß√°-los h√° 78 linhas de a√ß√£o que incluem a√ß√µes de apoio √† bioeconomia fiscaliza√ß√£o e destina√ß√£o de terras p√∫blicas e conserva√ß√£o e uso sustent√°vel dos recursos naturais. As metas indicadores prazos e atores-chave ser√£o inclu√≠dos na vers√£o final do plano.

Algumas a√ß√µes estrat√©gicas extrapolam os limites dos biomas e t√™m impacto direto para o alcance da meta de desmatamento zero at√© 2030. Entre elas a aprova√ß√£o da resolu√ß√£o do Conselho Monet√°rio Nacional n¬∫ 5.081 de 29 de junho de 2023 que ampliou para todos os biomas restri√ß√µes de acesso a cr√©dito para desmatadores ilegais incluindo o Cerrado ‚Äî at√© ent√£o essas condi√ß√µes valiam s√≥ para a Amaz√¥nia.

A nova fase do programa ser√° implementada de 2023 a 2027. O compromisso do governo brasileiro √© zerar o desmatamento no pa√≠s at√© 2030. Coordenada pelo MMA a Comiss√£o Interministerial tem representantes de 13 minist√©rios.

O PPCerrado foi criado em 2010 e teve tr√™s fases at√© ser revogado pelo governo anterior em 2019. Nos √∫ltimos quatro anos o desmatamento no bioma aumentou 69%: de 63 mil km¬≤ (2019) para 107 mil km¬≤ (2022). A perda de vegeta√ß√£o nativa no Cerrado representou mais de 40% de todo o desmatamento ocorrido no pa√≠s durante a gest√£o anterior.

Acesse mma.gov.br para mais informa√ß√µes sobre o PPCerrado e link para o texto em consulta p√∫blica (tamb√©m nos stories).

Marcos Amend
","mmeioambiente","informativo","meio-ambiente"
"üáßüá∑üá®üá¶ MMA integra comitiva a caminho do Canad√° para apoiar o combate a inc√™ndios florestais. 62 combatentes do Ibama e do ICMBio v√£o compor a miss√£o de 104 especialistas brasileiros para atuar nas √°reas mais afetadas pelo fogo no pa√≠s norte-americano.

Dos 42 servidores do @ibamagov na miss√£o 10 s√£o quilombolas e 9 ind√≠genas. Eles atuam no Centro Nacional de Preven√ß√£o e Combate aos Inc√™ndios Florestais (Prevfogo). Os 20 enviados pelo @icmbio trabalham em Unidades de Conserva√ß√£o de v√°rias regi√µes do pa√≠s. 

O Canad√° passa pela pior temporada de inc√™ndios de sua hist√≥ria iniciada em mar√ßo mais cedo do que o normal e que se agravou a partir de junho. O fogo atingiu v√°rias partes do pa√≠s ao mesmo tempo e sobrecarregou as equipes locais. A um m√™s do fim do ver√£o no hemisf√©rio Norte mais de 10 milh√µes de hectares j√° foram destru√≠dos uma √°rea maior que o estado de Pernambuco. Outros pa√≠ses tamb√©m enviaram combatentes para ajudar na crise.

Por efeito das mudan√ßas clim√°ticas o pa√≠s perde √°reas de neve e gelo marinho e aquece duas vezes mais r√°pido que a m√©dia do planeta. Estas condi√ß√µes s√£o mais prop√≠cias ao fogo com calor ac√∫mulo de mat√©ria seca e baixa umidade e aumentam a dura√ß√£o da temporada de inc√™ndios.

A miss√£o foi solicitada pelo governo canadense ao Brasil e ser√° realizada de 21/7 a 24/8 com coordena√ß√£o da @abcgovbr (@itamaratygovbr). Os 104 profissionais s√£o de v√°rios √≥rg√£os: MMA ICMBio Ibama @midregional @mjsp_gov For√ßa Nacional e corpora√ß√µes de bombeiros militares de v√°rios estados. O @mindefesa o @min.fazenda o @mtransportes e o Conselho Nacional dos Corpos de Bombeiros Militares do Brasil tamb√©m cooperam na organiza√ß√£o.

 Gabriel Rodrigues/Ibama
","mmeioambiente","informativo","queimadas"
