"Post","Perfil","Tipo","Assunto","Positvo"
"A minuta de resolução com as regras que vão balizar o lançamento de efluentes nos rios de Goiás entrou em fase final de tramitação no Conselho Estadual de Recursos Hídricos (CERHi). O documento foi proposto pela Semad  a partir de um levantamento dos atos normativos de outorga de lançamento de efluentes em outros estados.A Câmara Técnica Permanente de Assessoramento do CERHi foi criada em resolução publicada no Diário Oficial do Estado no dia 21 de fevereiro de 2024  é presidida pela Semad  realiza reuniões públicas e é formada por nove membros  os quais representam diferentes instituições e setores do Estado. Este colegiado estabeleceu o dia 05 de março de 2024 como prazo final para apresentação de contribuições à minuta.""No dia 28 de fevereiro foi a primeira reunião da CTPA. Na semana que vem  na quarta e quinta feira  será realizada a 2ª reunião da CTPA para analisar e discutir as contribuições recebidas""  afirma Alan Mosele Tonin  gerente de Planos  Enquadramento  Cobrança e Apoio aos Colegiados da Semad.
Outorga de efluentes""Efluente"" é o nome técnico que se dá ao esgoto  seja ela tratado ou não. E ""outorga"" é o ato administrativo em que o órgão ambiental se manifesta a respeito da disponibilidade de água para uma finalidade qualquer. Nesse caso  para a diluição de efluentes. O que está em análise é um documento que vai estabelecer a quantidade de efluentes que pode ser despejado em cada uma das bacias hidrográficas de Goiás. Vale ressaltar que o documento veda o lançamento de efluentes não tratados em qualquer bacia hidrográfica do Estado. Depois que essa resolução for publicada  todos os atores que diluem esgoto tratado nos corpos hídricos do Estado terão que se adequar aos termos da resolução (tanto no que diz respeito à quantidade  quanto à qualidade do rejeito).O plano de outorga de lançamento de efluentes é um estudo que dialoga com o recém-aprovado plano de enquadramento dos rios de Goiás  que  a grosso modo  estabeleceu o cenário que desejamos em termos de qualidade das águas e as restrições que precisarão ser seguidas para que as metas sejam alcançadas.@andrea_vulcanis @jorgewerneck @abel__alves @bento_jrocha @robsondisarz
","semadgoias","politica","fluvial","sim"
"A Semad lança  no dia 07 de março de 2024  uma plataforma que vai permitir aos cidadãos de Goiás reportar episódios de desmatamento  poluição  queimadas  emergências ambientais e atropelamentos de animais silvestres. Disponível tanto em versão web quanto para download gratuito em dispositivos Android e iOS  a plataforma Inã facilitará o processo de denúncia  consulta e gerenciamento dessas ocorrências. O uso da Inã para formalizar denúncias poderá ser feito com identificação ou de forma anônima. O usuário deverá indicar a localização precisa  anexar fotos  vídeos ou áudios da ocorrência e fornecer informações sobre o horário e possíveis autores do ocorrido.""A Semad recebe grande quantidade de denúncias com pouca consistência  o que dificulta o trabalho das equipes de fiscalização. A plataforma foi construída de modo a estimular a população a entregar mais evidências e facilitar o trabalho dos fiscais""  diz o subsecretário de Licenciamento  Controle e Fiscalização da Semad  Robson Disarz. A plataforma  desenvolvida com recursos de compensação ambiental pelo grupo YouX  também operacionalizará todo o processo de sanção administrativa ambiental  desde a lavratura do auto de infração  agendamento e realização da audiência de autocomposição  protocolo e julgamento de defesa.Alertas: Os alertas poderão ser formalizados tanto na versão web  quanto no aplicativo de celular da plataforma Inã. O primeiro passo é o usuário decidir se quer se identificar ou permanecer anônimo  sendo que apenas aqueles que se identificarem poderão acompanhar o andamento dos alertas. O segundo passo é selecionar o tipo de categoria do alerta que melhor se encaixar ao ocorrido: denúncia  fogo  emergência ambiental ou atropelamento de animal silvestre. O terceiro passo é informar à Semad a localização do fato. Caso o denunciante não esteja no local do incidente  ele deve buscar pelo endereço  coordenada geográfica  ou selecionar o ponto no mapa usando um marcador. O quarto (e último) passo é informar a data e a hora do incidente  além de uma descrição do ocorrido e as evidências (fotos  vídeos e áudios). @youxgroup @andrea_vulcanis @robsondisarz @bento_jrocha @jorgewerneck
","semadgoias","tecnologia","meio-ambiente","sim"
"Representantes da Semad apresentaram à Saneago  na última quarta-feira (28/02)  dados hidrológicos e climáticos úteis para subsidiar o planejamento do próximo período seco em Goiás  e com isso minimizar o risco de desabastecimento em algumas regiões do Estado. ""O início do período chuvoso não foi bom e as boas chuvas de fevereiro e março (previsão) podem não ser suficientes para recuperar as vazões""  afirma Jorge Werneck  subsecretário de Biodiversidade  Unidades de Conservação e Segurança Hídrica da Semad.Dados sugerem que  com a transição de um período de El Niño para a entrada da La Niña  há também o risco de leve extensão do período seco no Estado.""A Semad  como órgão gestor dos recursos hídricos do Estado  vem conversando e alertando  com dados e previsões feitas com base nas melhores técnicas  para minimizar tais riscos climáticos e hidrológicos  buscando evitar maiores prejuízos ao povo goiano""  completa Jorge. Jorge representou a Semad acompanhado do gerente do Centro de Informações Metereológicas e Hidrológicas da secretaria  André Amorim. @andrea_vulcanis @jorgewerneck @andre.amorim.goias @abel__alves @bento_jrocha @robsondisarz @saneago @ricardosoavinski
","semadgoias","politica","pluvial","sim"
"ICMS ECOLÓGICO | Núbia Maia  gerente de Apoio aos Municípios e Credenciamento para o Licenciamento Ambiental da Semad  tem um aviso importante às prefeituras.

O prazo para formalizar o envio da documentação alusiva ao ICMS Ecológico vence no dia 15 de março de 2024. 

O ICMS Ecológico é um mecanismo tributário que possibilita aos municípios o acesso a parcelas maiores dos recursos financeiros arrecadados pelos Estados por meio do Imposto sobre Circulação de Mercadorias e Serviços (ICMS). Isso ocorre em virtude do atendimento a determinados critérios ambientais estabelecidos em leis estaduais  proporcionando benefícios adicionais aos municípios em comparação aos direitos já estabelecidos.

Em caso de dúvidas  entre em contato com a gerência da Núbia:
☎️ (62) 99944-7392

@leonardoserpa_ @nubiapatriciaf.maia @carlaasilveira @bento_jrocha @jorgewerneck @robsondisarz @andrea_vulcanis @fgm_go @agmgoias @germanoaoliveira @priscila.ig @haroldonaves @carlaodafox
","semadgoias","politica","financeiro","sim"
"FIM DOS LIXÕES | Sempre de mãos dadas com os municípios  a Semad participou de mais um encontro organizado com o propósito de discutir o fim dos lixões em Goiás. 

O evento ""estratégias municipais para gestão de resíduos sólidos"" foi promovido pela Federação Goiana dos Municípios e aconteceu no auditório da Ordem dos Advogados do Brasil (OAB). 

A superintendente de Desenvolvimento Sustentável e Resíduos Sólidos da Semad  Kaoara Batista  tirou dúvidas dos prefeitos a respeito do decreto 10.367/2023  que estabelece as etapas a serem cumpridas no processo de encerramento dos lixões. 

A discussão continua e a participação de todos é imprescindível!

@kkaoara @eufabianamarianunes @fabiosgois @vinicius.mury @bento_jrocha @mpdegoias @andrea_vulcanis @jorgewerneck @fernandaandreozi @robsondisarz @natalialino @narachavesx @fgm_go @haroldonaves @vanuzavaladares @prefeituraporangatu @mpdegoias
","semadgoias","campanha","poluição","sim"
"PIRACEMA | A piracema termina nesta quarta-feira (28/02)  em Goiás.

Algumas restrições à atvidade de pesca deixam de valer  mas outras regras continuam. A obrigatoriedade da licença é uma delas  assim como proibição do transporte de pescado.

Assista ao vídeo e leia a cartilha produzida pela Semad para orientar melhor. 

LINK PARA CARTILHA
https://goias.gov.br/meioambiente/wp-content/uploads/sites/33/2022/02/Cartilha_pesca_2023-9d9.pdf

@rodrigopbastos @robsondisarz @murilomapas @andrea_vulcanis @marcelo_m_sales
","semadgoias","informativo","fauna","sim"
"PCH VERDE 2 | A Semad promove  no dia 26 de março  consulta pública para debater o Plano Ambiental de Conservação e Uso do Entorno do Reservatório Artificial (Pacuera) da Pequena Central Hidrelétrica (PCH) Verde 2  em Rio Verde.

A consulta acontecerá das 18 às 22 horas  na prefeitura de Rio Verde. O prédio fica localizado na avenida Presidente Vargas  n° 3215. Vila Maria.

A PCH Verde 2 encontra-se instalada no rio Verde zona rural de Rio Verde-GO. A consulta pública visa debater as diretrizes com o objetivo de disciplinar a conservação  recuperação  o uso e ocupação do entorno do reservatório artificial  bem como o estabelecimento de parâmetros para a definição de limites para as Áreas de Preservação Permanente (APP) de reservatório artificial.

O Pacuera  bem como a proposta de Área de Preservação Permanente (APP) da PCH Verde 2  podem ser acessados por meio do seguinte link: https://www.brasal.com.br/pch-verde-2-pacuera

A reunião pública será presencial e transmitida ao vivo. Os interessados poderão participar do evento de duas formas:

1 – Presencial
Prefeitura Municipal de Rio Verde  Av. Presidente Vargas  n° 3215. Vila Maria.

2 – Virtual
A consulta será transmitida via internet no canal https://www.youtube.com/@pchverde2. Para participar e acessar a Área de Transmissão do evento  fazer perguntas escritas ou orais na consulta ou para enviar perguntas escritas de forma antecipada  os interessados deverão consultar o site https://www.brasal.com.br/pch-verde-2-pacuera. A inscrição para perguntas orais só poderá ser realizada no dia do evento. Ao se cadastrar o participante receberá um link para acesso ao aplicativo Zoom  que será enviado por email quando realizada a inscrição.

@brunno.t.o @mbvalerius @zilma.alves.351 @brasal @robsondisarz @jorgewerneck @bento_jrocha @andrea_vulcanis
","semadgoias","politica","fluvial","sim"
"PIRACEMA | O período de defeso termina em Goiás  nesta quarta-feira (28/02). Esse momento compreende a piracema  período reprodutivo dos peixes  e é quando a pesca é proibida no território goiano. Agora  com o fim da piracema  as modalidades de pesca amadora  esportiva e subaquática voltam a ser permitidas em Goiás. No entanto  o Estado adota política de cota zero  o que impede o transporte de pescado.

A piracema é o fenômeno que ocorre sazonalmente com diversas espécies de peixes em todo o mundo. Esse processo é quando algumas espécies nadam rio acima em busca de locais adequados para reprodução e alimentação. Se este fenômeno é interrompido de alguma maneira  a reprodução pode ser prejudicada.

Para pescar em Goiás  é preciso estar licenciado. A licença é obtida on-line  por meio do site goias.gov.br/meioambiente. Os pescadores deverão andar com suas licenças e  em casos de abordagem da fiscalização ambiental  apresentarão seus respectivos documentos de identidade e autorização para prática da pesca. A obtenção da licença é paga  mas há isenção do pagamento para homens com mais de 65 anos  mulheres com mais de 60 anos  indígenas  quilombolas e menores de 18 anos.

Durante a pesca  é permitido o uso de linhas de mão  caniço simples  caniço com molinete ou carretilha e espingarda de mergulho. Para a atividade  é permitido ainda o uso de equipamentos de suporte ao pescador  para contenção do peixe  como bicheiro  puçá  alicates e similares  desde que não sejam utilizados na pesca em si. O uso de aparelhos de respiração artificial é proibido durante a pesca subaquática.

Além disso  em qualquer das modalidades de pesca  permanece vedado o uso de artifícios para retenção de cardumes  tais como cevas  rações  quireras ou outros meios que possam interromper o ciclo natural da subida dos peixes.

@andrea_vulcanis @robsondisarz @marcelo_m_sales @murilomapas @rodrigopbastos @fernandaandreozi @rafanunesb @jose_augustosg @parque_mata_atlantica @m.moura76 @@mauricio_v_t @ @tiagom.aquino @santos_rubia27 @ricardomesquitaa @adriiano.csantos @lenniojaders @desireeomoreira @murilomapas
","semadgoias","informativo","fauna","sim"
"A secretária Andréa Vulcanis e a superintendente de Desenvolvimento Sustentável e Resíduos Sólidos da Semad  Kaoara Batista  receberam visitantes especiais na secretaria para tratar de um assunto em foco atualmente: a coleta seletiva e a reciclagem  que irão contribuir para o fim dos lixões. 

O que são os galpões de triagem? 

Na reunião  a Secretaria de Indústria e Comércio (SIC) apresentou um dos projetos de galpões de triagem de resíduos  que funcionam da seguinte forma: a instalação recebe os materiais descartados  os organiza e processa de acordo com sua composição e tipo  e posteriormente os destina para reciclagem  reutilização ou disposição final adequada. Os galpões de triagem desempenham um papel crucial na promoção da recuperação de recursos valiosos e na contribuição para a sustentabilidade ambiental  reduzindo o desperdício e minimizando o impacto negativo no meio ambiente. 

O presidente da Coop-Recicla de Rio Verde  Divino Teles Guimarães  não escondeu o desejo de que um galpão de triagem seja construído na cidade e ressaltou que  além da importância ambiental  projetos como esse ajudam os catadores que sobrevivem desse tipo de trabalho.

Também estiveram presentes no encontro o promotor do Ministério Público de Goiás (MPGO)  Juliano Araújo  Cristina Maria Costa Prado e Marcos Sussumo Andrade  da SIC  além do presidente da Organização das Cooperativas Brasileiras (OCB) de Goiás  Luís Alberto Pereira. 

@goias_cooperativo @coop_recicla @kkaoara @eufabianamarianunes @fabiosgois @vinicius.mury @bento_jrocha @andrea_vulcanis @prefrioverde @divinotelesguimaraes @msasussumo @luisalbertopereira9
","semadgoias","politica","reciclagem","sim"
"Preparados para a mais recente aquisição de peso da Semad? 

Este é o RS5  um equipamento ADCP usado para monitorar a vazão e mapear a estrutura exata de corpos hídricos. Ele também apresenta um sistema de rádio Bluetooth sem fio de baixa potência (BLE5) integrado  moderno e de alta velocidade  com alcance de 100 metros e transferência de dados a cada cinco minutos para evitar perda de dados e trabalho desnecessário.

Na última semana  recebemos dois equipamentos novos  mais modernos  leves e flexíveis  o que os torna mais adequados para acessar locais de difícil alcance  medindo rios tanto rasos quanto mais profundos.

Realizamos uma capacitação para alguns técnicos da Semad e testamos nosso novo queridinho... Venha conferir!

@andrea_vulcanis @jorgewerneck @andre.amorim.goias @abel__alves @bento_jrocha @robsondisarz
","semadgoias","tecnologia","fluvial","sim"
"BORA PRO PESCAN | A TV Anhanguera exibiu  na última segunda-feira (26/02)  uma chamada para exposição sobre plantas do Cerrado e polinização que acontece no Parque Estadual da Serra de Caldas Novas (Pescan). 

A mostra acontece no museu do parque  que também preparou uma cartilha com ilustrações e informações para ser distribuída aos visitantes.

A exposição e a cartilha são resultado de pesquisas que aconteceram em 2019 e 2020. cujo objeto foi a flora do Pescan. As cartilhas estão em fase de impressão e serão distribuídas ao visitantes  porém a versão online já esta disponível no site da Semad. Banners serão exibidos no museu do parque.

“O objetivo é divulgar a rica biodiversidade da flora e seus polinizadores presentes no Pescan  destacando a importância desses ecossistemas”  afirma Maurício Vianna Tambellini  servidor da Secretaria de Estado de Meio Ambiente e Desenvolvimento Sustentável de Goiás (Semad) e chefe do Pescan.

A organização é da pesquisadora Renata Trevizan  aluna de doutorado da Universidade Federal de Uberlândia (UFU)  com contribuições de Isabela Batista Ávila (aluna de graduação)  do professor Paulo Eugênio Oliveira  de Maurício Tambellini  de Anna Cecília dos Santos de Souza e de Ângela Beatriz Pomatti.

A exposição é gratuita e tem duração indefinida. Imperdível. 

@pesj_serradejaragua @m.moura76 @erickolailat @caiocns @bento_jrocha @robsondisarz @jorgewerneck @andrea_vulcanis @parquealtamiro @jaqueramosbio @inararibas @parque_mata_atlantica @pep_pireneus @pearaguaia123 @peap_aguasdoparaiso @peal_aguaslindas @parqueserradouradaoficial @serra_de_caldas_novas_pescan @mauricio_v_t
","semadgoias","informativo","meio-ambiente","sim"
"LOTEAMENTOS IRREGULARES | A secretária de Estado de Meio Ambiente e Desenvolvimento Sustentável de Goiás  Andréa Vulcanis  leva o debate sobre loteamentos irregulares e sítios de recreio ao Senado nesta terça-feira (27/02)  em audiência marcada para as 9h30. Ela falará em nome da Associação Brasileira de Entidades Estaduais do Meio Ambiente (Abema).

A apresentação acontece no âmbito da Comissão de Desenvolvimento Regional e Turismo (CDR). O propósito da audiência é o de discutir o projeto de lei nº 1869/2022  que cria instrumentos para a constituição de cinturões verdes em projetos de ampliação de perímetros urbanos no País.

Esse PL foi apresentado pela senadora Teresa Leitão e visa inserir os cinturões verdes na legislação nacional  como instrumentos de resiliência e adaptação das cidades frente à mudança do clima e como estratégia de proteção ao meio ambiente.

Sítios de recreio
O debate criado pelo projeto que tramita no Senado tem interface com a proposta do Governo de Goiás de estabelecer regras de licenciamento para os chamados “sítios de recreio”.

“Sítios de recreio” são loteamentos feitos na zona rural  mas com fins urbanos (especialmente o lazer). São chamados também de chácaras de descanso ou ecovilas. Quando feitos em desconformidade  agravam o desmatamento  ameaçam a fauna  pressionam a rede de saúde pública  geram acúmulo de lixo  alagamento e causam outros problemas.

A proposta da Semad visa preencher o vácuo legislativo referente às zonas de transição entre o rural e o urbano – um dado da realidade que a legislação federal ignora  no momento.

“Em Goiás  levantamos a discussão com objetivo de evitar que os sítios de recreio se espraiem pela zona rural pelo mero interesse especulatório dos proprietários de terras  atrelando a implantação dessas tipologias de ocupação do território à devida especificação das áreas hábeis pela lei municipal”  explica a secretária.

@andrea_vulcanis @robsondisarz @jorgewerneck @bento_jrocha
","semadgoias","politica","meio-ambiente","não"
"BORBOLETAS NO PEAMP | Temos registro inédito no Parque Estadual Altamiro de Moura Pacheco (Peamp)!

Essa é a Morpho helenor ssp. uberabenses  que foi vista e fotografada pelo @ivo_carlos_zecchin

Ressaltando que esse foi o primeiro registro confirmado da subespécie no INaturalist.

Esse achado 'de milhões' foi feito na Trilha do Tamanduá  do Peamp.

A borboleta azul Morpho helenor ssp. uberabensis é conhecida popularmente por Capitão-do-mato ou Borboleta-coruja. Pode medir até 7 5cm de envergadura e tem uma faixa azul metálica na face dorsal das asas (a face oposta das asas possui manchas em forma de olhos).

Normalmente pode ser observada quando procura alimento em meio à mata  próximo a córregos e rios. Também se alimenta de seiva de árvores e de frutos em fermentação. São borboletas de hábito diurno e bastante territorialistas.

O nome popular de Capitão-do-mato advém do seu comportamento de voar erraticamente pelas matas e trilhas  o que lembraria a figura do perseguidor de escravos fugitivos à época da escravidão.

Há cerca de 150 mil espécies de borboletas no mundo. No Brasil já foram descritas mais de 3.500 espécies  sendo que 57 estão ameaçadas de extinção.

@pesj_serradejaragua @m.moura76 @erickolailat @caiocns @bento_jrocha @robsondisarz @jorgewerneck @andrea_vulcanis @parquealtamiro @jaqueramosbio @inararibas @parque_mata_atlantica @pep_pireneus @pearaguaia123 @peap_aguasdoparaiso @peal_aguaslindas @parqueserradouradaoficial @serra_de_caldas_novas_pescan @mauricio_v_t
","semadgoias","informativo","fauna","sim"
"FIM DOS LIXÕES | Esses são alguns dos mapas que orientam a equipe da Semad dedicada a orientar os municípios de Goiás na missão de encerrar os lixões até agosto de 2024. 

Eles trazem o panorama completo da situação dos resíduos sólidos no Estado. Já no primeiro mapa  você encontra a relação de todos os aterros sanitários licenciados que aqui funcionam.

O decreto 10.367/2023 dividiu os 264 municípios de Goiás em quatro grupos (ou tipos). Foi esse o critério que utilizamos para produzir os mapas. 

A distância de cada um deles com relação a um aterro licenciado é uma informação vital nessa primeira fase  em que a prioridade é encerrar os lixões e encaminhar os resíduos para disposição ambientalmente adequada. 

A fase final (ou definitiva) será a criação de aterros regionalizados  que vão atender grupos de municípios ao mesmo tempo e que terão governança compartilhada entre as prefeituras atendidas e o governo do Estado. 

Dúvidas? Deixe aí nos comentários que a gente responde. 

@kkaoara @eufabianamarianunes @fabiosgois @vinicius.mury @bento_jrocha @mpdegoias @andrea_vulcanis @jorgewerneck @fernandaandreozi @robsondisarz @natalialino @narachavesx
","semadgoias","politica","poluição","sim"
"A Semad e o Escritório Executivo de Projetos (EEP) do Programa Juntos pelo Araguaia (JPA) apresentam o Lote Mínimo  um estudo técnico inédito no Brasil que traz a público dados nunca contabilizados e disponibilizados para a sociedade a respeito do custo real para a restauração ambiental de áreas degradadas  por meio da regeneração florestal  mobilização social e institucional. 

O tema será colocado em pauta para análise de universidades  entidades  instituições investidoras e executoras  poder público e demais interessados.

A apresentação do Lote Mínimo será realizada em evento especial no dia 13 de março de 2024  quarta-feira  às 14h  na Federação das Indústrias do Estado de Goiás (Fieg) - Casa da Indústria  Salão de Eventos Daniel Viana  4° andar  Avenida Araguaia  nº 1.544 - Edifício Albano Franco  Vila Nova  Goiânia (GO). 

Para fazer a inscrição  acesse o site www.juntospeloaraguaia.org.br. 

Maiores informações:
Telefones: (62) 3091-6285 / (62) 9660-6729
E-mail: administrativo.go@juntospeloaraguaia.org.br
#ApresentaçãoDoLoteMínimo
#JuntosPeloAraguaia
#JPA
#Programajpa
#EscritórioExecutivoDeProjetos
#SemadGO
#GovernoDeGoiás
#SemaMT
#GovernoDeMatoGrosso
","semadgoias","campanha","fluvial","sim"
"Alô Alò servidores da Semad  temos um recado especial para vocês.

Já está disponível nosso formulário destinado à promoção da acessibilidade de Pessoas com Deficiência (PcD) no âmbito da Secretaria.

O objetivo é promover a igualdade de condições em relação aos demais servidores  buscando a adptação de espaços físicos  adequação de linguagem e adoção de tecnologias  bem como  indentificar problemas discriminatórios.

Vocês pertencem e essa contribuição  faz toda a diferença!

https://forms.gle/upxXwqCXUSrmk9FF8
","semadgoias","informativo","acessibilidade","sim"
"O evento ""Diálogos sobre Logística Reversa no Centro-Oeste""  organizado pela Secretaria de Estado do Meio Ambiente e Desenvolvimento Sustentável de Goiás (Semad)  tem como principal objetivo promover discussões e compartilhar experiências sobre a implementação da logística reversa na região. Por meio de palestras e debates  busca-se conscientizar os participantes sobre a importância da logística reversa para a preservação ambiental e o desenvolvimento sustentável  além de destacar estratégias e desafios enfrentados na sua efetivação.

O evento se inicia às 9h e será transmitido on-line via zoom ou pelo youtube ofical da @semadgoias. 

Se liga nos temas das palestras e aproveite essa oportunidade única!
• Perspectivas da Logística Reversa no Estado de Goiás
• Experiências e Desafios na implementação da logística reversa
• O papel das entidades gestoras na efetivação da logística reversa
• Importância da verificação independente na logística reversa
• Experiências da implementação no Mato Grosso

@kkaoara @eufabianamarianunes @fabiosgois @vinicius.mury  @bento_jrocha @mpdegoias  @andrea_vulcanis @jorgewerneck @fernandaandreozi
","semadgoias","campanha","sustentabilidade","sim"
"RESÍDUOS SÓLIDOS | Nesta sexta-feira  a Semad marcou presença na inauguração do primeiro aterro sanitário de Goiás a iniciar as operações após a implementação do Programa Lixão Zero  que tem como foco a disposição final ambientalmente adequada dos resíduos sólidos. O aterro do Consórcio Intermunicipal do Sudeste Goiano (Cimosu) está localizado no município de Cumari e vai atender ainda outras três cidades: Nova Aurora  Goiandira e Anhanguera.

Este evento representa um marco significativo para a gestão ambiental no Estado  garantindo que todos esses municípios possam dispor de seus resíduos sólidos urbanos de maneira adequada em um local devidamente licenciado.

Além da equipe da Semad  estiveram presentes na inauguração prefeitos  vice-prefeitos e diversos secretários das cidades envolvidas.

Com a abertura do aterro sanitário  que abrange uma área total de 48 4 mil metros quadrados  surgem novas oportunidades para uma gestão ambiental mais eficaz e responsável  indicando um futuro mais promissor e sustentável para essa região do Sudeste Goiano.

Com a operação do aterro sanitário  não apenas se elimina a prática ultrapassada dos lixões  mas também se abre caminho para a implementação de políticas mais abrangentes de reciclagem  compostagem e redução de resíduos.

@kkaoara @eufabianamarianunes @fabiosgois @vinicius.mury @bento_jrocha @andrea_vulcanis @cimosu.goias @smsgoiandira @secmeioambientecumari
","semadgoias","politica","poluição","sim"
"Alô empresários goianos...
Temos um convite  mega especial para vocês! Vamos falar sobre logística reversa?

O evento ""Diálogos sobre Logística Reversa no Centro-Oeste"" tem como principal objetivo promover discussões e compartilhar experiências sobre a implementação da logística reversa na região.

Com vários palestrantes  nossa proposta é conscientizar os participantes sobre a importância da logística reversa para a preservação ambiental e o desenvolvimento sustentável  além de destacar estratégias e desafios enfrentados na sua efetivação

O evento acontecerá dia 27 de fevereiro de forma 100% on-line e gratuita. Vamos iniciar as 9h e esperamos vocês!

Entrar na Reunião Zoom:
https://us02web.zoom.us/j/84588993884?pwd=QXFZa0xCNEpncGtpUUh5RW10TWlSUT09
","semadgoias","informativo","meio-ambiente","sim"
"A Semad anunciou a composição do Conselho Consultivo da Área de Proteção Ambiental (APA) de Pouso Alto  em conformidade com o que estabelece a Instrução Normativa nº 10/2023.

O conselho é formado por representantes de órgãos/entidades públicas e representantes da sociedade civil organizada.

A solicitação para que os nomes fossem indicados foi feita no Edital de Convocação Nº 5/2023.

Após vencimento do prazo final de recebimento dos ofícios  conforme estabelecido por este Edital  a Presidência do Conselho Consultivo validará as novas indicações em reunião do Conselho.

@pesj_serradejaragua @m.moura76 @erickolailat @caiocns @bento_jrocha @robsondisarz @jorgewerneck @andrea_vulcanis @parquealtamiro @jaqueramosbio @inararibas @parque_mata_atlantica @pep_pireneus @pearaguaia123 @peap_aguasdoparaiso @peal_aguaslindas @parqueserradouradaoficial @serra_de_caldas_novas_pescan @mauricio_v_t
","semadgoias","informativo","outros","sim"
"RESÍDUOS DA CONSTRUÇÃO CIVIL | Dados reunidos pela Secretaria de Estado de Meio Ambiente e Desenvolvimento Sustentável (Semad) apontam que 86% dos resíduos da construção civil são descartados de modo irregular em Goiás.

A informação consta no mais recente monitoramento do Plano Estadual de Resíduos Sólidos (Pers)  que foi realizado em dezembro do ano passado a partir de consultas aos municípios goianos.

Para regulamentar o descarte  a Semad propôs uma minuta de decreto que está disponível para consulta pública e que está aberto a contribuições por meio de um formulário até o dia 29 de fevereiro de 2024.

Participe!

LINK PARA ACESSAR A MINUTA
https://drive.google.com/file/d/1XUvL9UL6py0ZR_vHyOQIcCFknDar6nEz/view?usp=sharing

LINK PARA FAZER SUAS CONTRIBUIÇÕES
https://docs.google.com/forms/d/e/1FAIpQLSedHyA9zDkJ6eKasLMIBoNYN-pGNu9hC2eYWO4eIU_T0qS3gg/viewform

@kkaoara @eufabianamarianunes @fabiosgois @vinicius.mury @bento_jrocha @mpdegoias @andrea_vulcanis @jorgewerneck @fernandaandreozi @robsondisarz
","semadgoias","informativo","poluição","não"
"RESÍDUOS DA CONSTRUÇÃO CIVIL | Hoje  a Semad visitou uma unidade de processamento de resíduos da construção civil na cidade de Catalão. 

Para quem não sabe  esses locais reciclam todos os resíduos provenientes de construções  reformas  reparos e demolições  transformando o entulho em materiais que podem ser reutilizados.

Segundo a superintendente de desenvolvimento sustentável e resíduos sólidos da Semad  Kaoara Batista  todas as cidades do Estado deveriam adotar essa medida.

""É uma solução que as prefeituras deveriam adotar para reduzir a quantidade de resíduos destinados aos chamados pontos de descarte irregular  lixões e aterros sanitários. Esses resíduos possuem um grande valor agregado""  afirma. Em Catalão  a empresa que faz a operação de reciclagem desse material é a Renove.

Reunião pública

Também nesta quinta-feira  a secretaria promoveu uma reunião pública na qual apresentou e recebeu sugestões para uma proposta de regulamentação da gestão de resíduos da construção civil em Goiás  com o objetivo de reduzir seu impacto no meio ambiente!

@rnvresiduos @nelsonsiqueira @kkaoara @eufabianamarianunes @fabiosgois @vinicius.mury @bento_jrocha @robsondisarz @andrea_vulcanis @robsondisarz @jorgewerneck
","semadgoias","informativo","outros","sim"
"FIM DOS LIXÕES | A gerente de Desenvolvimento e Inovação Ambiental da Semad  Nara Chaves  explica neste vídeo como acessar o sistema Ipê para requerer a licença de encerramento de lixões em Goiás. 

O pedido de licença é uma das etapas previstas no decreto 10.367/2023  que instituiu o programa Lixão Zero e estabeleceu as fases transitória e definitiva a serem cumpridas pelos municípios goianos. 

Na fase provisória  as prefeituras devem pedir a licença de encerramento do lixão  iniciar um plano de reabilitação da área  informar à Semad um projeto de coleta seletiva que alcance pelo menos 10% da população já no primeiro ano  e monitorar os recursos hídricos da área do lixão a fim de evitar danos ambientais. 

Na fase definitiva  serão criados aterros que vão atender mais de um município ao mesmo tempo. A governança deles será compartilhada pelos municípios e pelo Governo de Goiás. A regionalização partiu do entendimento de que a operação dos aterros exige recursos humanos e financeiros que muitas cidades não têm.

@kkaoara @eufabianamarianunes @fabiosgois @vinicius.mury @bento_jrocha @mpdegoias @andrea_vulcanis @jorgewerneck @fernandaandreozi @robsondisarz @natalialino @narachavesx
","semadgoias","informativo","poluição","sim"
"Atenção  representantes municipais  estejam atentos ao prazo final de entrega da documentação comprobatória para o ICMS Ecológico de 2024.

O ICMS Ecológico é um mecanismo tributário que possibilita aos municípios o acesso a parcelas maiores dos recursos financeiros arrecadados pelos Estados por meio do Imposto sobre Circulação de Mercadorias e Serviços (ICMS). Isso ocorre em virtude do atendimento a determinados critérios ambientais estabelecidos em leis estaduais  proporcionando benefícios adicionais aos municípios em comparação aos direitos já estabelecidos.

Em caso de dúvidas  entre em contato com a Gerência de Apoio aos Municípios e Credenciamento para o Licenciamento Ambiental:
(62) 99944-7392
","semadgoias","informativo","outros","sim"
"Por mais memórias vivas 
","florestal_brasil","campanha","meio-ambiente","sim"
"As florestas tropicais desempenham papéis fundamentais para o equilíbrio ambiental e o bem-estar humano 

Elas são cruciais para a biodiversidade  fornecendo habitat para milhões de espécies de plantas e animais.

Esse ecossistema ajuda a regular o clima global  armazenando carbono e produzindo oxigênio.

Também desempenham um papel vital na proteção dos solos  na manutenção dos ciclos hidrológicos e na prevenção da erosão.

Além disso  as florestas tropicais têm importância econômica  fornecendo recursos naturais valiosos  como madeira  medicamentos e alimentos.

Preservar e manejar de forma sustentável essas florestas é essencial para a saúde do planeta e para o bem-estar das gerações futuras.

#meioambiente
","florestal_brasil","informativo","meio-ambiente","sim"
"Os mesmos sinais de rádio que permitem que seu smartphone identifique sua localização também podem revelar quanta água uma floresta contém dentro de sua folhagem. 

Ao medir o quanto os sinais de satélite GPS enfraqueceram ao passar por um dossel florestal  os pesquisadores conseguiram estimar o conteúdo de água do dossel.

Especialistas dizem que a técnica  que usa uma configuração simples de dois receptores GPS  pode fornecer uma maneira simples e acessível de rastrear o conteúdo de água de uma floresta.

A quantidade de água que flui dentro das plantas de uma floresta afeta o quão bem a floresta pode resistir a secas e pragas de insetos  quão propensa é a incêndios florestais e quanto dióxido de carbono (CO2) absorve da atmosfera.

Leia tudo em nosso blog através do link nos stories ou na bio. 

https://florestalbrasil.com/sinais-de-satelite-podem-medir-a-umidade-e-a-capacidade-de-sobrevivencia-de-uma-floresta/

#meioambiente #divulgaçãocientífica #floresta #florestal
","florestal_brasil","tecnologia","meio-ambiente","sim"
"Na natureza  todos têm o seu devido papel 

#meioambiente #biologia
","florestal_brasil","campanha","meio-ambiente","sim"
"Modelagens de dados podem ser úteis em várias situações. A curadoria de dados será cada vez mais importante para lidar com as mudanças climáticas e melhorar as condições da ecosfera. Utilizando a IA (Inteligência Artificial) alguns projetos nesse sentido mostram exemplos de modelagens de dados que podem ser úteis em várias situações. Por exemplo  para as em nações africanas  entre elas o Mali  um dos mais ameaçados pelas alterações climáticas. Um projeto da Universidade de Stanford  de Palo Alto  na Califórnia (EUA)  contempla a utilização de fluxos de dados relacionados à poluição das águas subterrâneas e às espécies ameaçadas de extinção. Mas ainda há muito para avançar.

Leia mais em: https://florestalbrasil.com/como-a-modelagem-de-ia-ajuda-a-entender-o-que-ocorre-no-campo/ 
Link nos stories e em nossa Bio do Instagram 
","florestal_brasil","tecnologia","clima","sim"
"Polinização por Abelhas 

A polinização por abelhas é crucial para a reprodução de muitas plantas  pois as abelhas transferem o pólen de uma flor para outra  permitindo a fertilização e a produção de sementes e frutos. 

Este processo desempenha um papel vital na agricultura e na manutenção dos ecossistemas naturais.

#abelhas #natureza #meioambiente
","florestal_brasil","informativo","fauna","sim"
"48 milhões de hectares de CAMPOS NATIVOS não florestais estão AMEAÇADOS pela PL 364/2019 

#meioambiente
","florestal_brasil","informativo","meio-ambiente","não"
"Na natureza  sobrevivem os mais adaptados! 

A inteligência animal é uma questão de perspectiva do observador. Há quem considere que certos animais têm uma alta capacidade cognitiva  e outros não.

A verdade é que cada ser é único  e a capacidade de se adaptar na natureza é absolutamente incrível.

#fauna #aves #meioambiente #natureza
","florestal_brasil","informativo","fauna","sim"
"Importância das ABELHAS NATIVAS na agricultura 

#abelhas #meioambiente #agricultura
","florestal_brasil","informativo","fauna","sim"
"Em novembro do ano passado  foi divulgado que pela primeira vez o Brasil registrou uma área com clima de deserto  localizada no vale submédio do rio São Francisco  entre Petrolina (PE) e Juazeiro (BA)  com uma extensão equivalente a quase quatro vezes a cidade de São Paulo.

No entanto  a região não se tornou um deserto propriamente dito  mas sim passou da condição histórica de semiárida para árida  sendo a mais árida do país com pouco mais de 5.700 km².

A tendência global é de que as áreas secas estão se tornando ainda mais secas e as úmidas menos úmidas  com exceção dos estados do Sul do Brasil que devem permanecer úmidos.

Até mesmo parte da Amazônia  o bioma com maior estoque de água do país  está se tornando mais quente e com períodos de estiagem prolongada devido ao desmatamento e às mudanças climáticas.

Leia tudo completo em nosso blog através dos stories ou link na bio. 

 https://florestalbrasil.com/aquecimento-global-faz-surgir-primeira-zona-arida-e-expande-clima-semiarido-e-areas-secas-no-brasil/

#meioambiente
","florestal_brasil","informativo","clima","não"
"Campos de altitude são ecossistemas encontrados em regiões montanhosas  geralmente acima de 1.500 metros de altitude. 

Eles são caracterizados por vegetação rasteira  com gramíneas  herbáceas e algumas espécies arbustivas adaptadas às condições de baixas temperaturas  ventos fortes e radiação solar intensa encontradas nessas áreas.

Os campos de altitude são reconhecidos pela ciência como ambientes de grande importância biológica  alto grau de endemismos  incluindo espécies raras e ameaçadas de extinção.

Estudos já efetuados demonstram a sua riqueza biológica  o que também ocorre nos campos do Sudeste e Nordeste brasileiro. 

Os remanescentes de campos de altitude têm alta relevância como corredores ecológicos e áreas de recarga de aquíferos  e mostram alta vulnerabilidade a processos erosivos  além de serem áreas que contam com elevado número de nascentes.

#florestal #meioambiente #biologia #natureza
","florestal_brasil","informativo","biomas","sim"
"Em março  os biomas brasileiros continuaram a enfrentar incêndios  mesmo durante um período tradicionalmente chuvoso em algumas regiões do Brasil. 

Com exceção do Pampa  todos os outros biomas registraram uma quantidade de queimadas acima da média esperada para o período  com destaque para o Cerrado e a Amazônia.

Na savana brasileira  o Instituto Nacional de Pesquisas Espaciais (INPE) registrou 1806 focos de calor  o maior número já observado para o mês desde o início do monitoramento em 1999.

Este valor é três vezes maior do que a média esperada para março (594 focos) e representa um aumento de 113% em relação a março de 2023  quando foram registrados 845 focos.

Na Amazônia  o INPE registrou 2.654 focos de calor  o segundo maior valor da série histórica  ficando atrás apenas de 2019  quando mais de 3000 focos foram detectados.

Impulsionado pelos incêndios no Amapá e Roraima  o número de focos registrado pelo INPE em março foi 156% maior do que a média esperada para o mês (1034 focos) e 160% maior do que em março de 2023 (1019 focos).

Na Caatinga  o instituto registrou 175 focos de calor  um aumento de 28% em relação à média para o mês (136 focos).

No Pantanal  foram registrados 176 focos de calor  um aumento de 151% em relação à média para março neste bioma (70 focos).

Na Mata Atlântica  apesar do período chuvoso  foram registrados 612 focos de calor  um aumento de 24% em relação à média mensal (493 focos).

Ao contrário dos outros biomas  o Pampa teve uma redução significativa no número de queimadas registradas  com apenas 25 focos em março de 2024  56% abaixo da média para o período (57 focos).

O Governo Federal está agindo rapidamente para combater os danos causados pelos incêndios  exacerbados pelo fenômeno do El Niño e pelas mudanças climáticas  especialmente no Cerrado e na Amazônia  que enfrentam os maiores números de focos.

Leia tudo em nosso blog através do link nos stories stories na bio. 

https://florestalbrasil.com/queimadas-explodem-no-cerrado-e-na-amazonia-em-marco/

#meioambiente
","florestal_brasil","informativo","queimadas","não"
"Uma nova espécie de quaresmeira foi descoberta no Núcleo do Curucutu no Parque Estadual da Serra do Mar  região metropolitana de São Paulo  seu nome é Pleroma curucutuense.

Vídeo novo no canal do YouTube!!!

Link nos stories ou na bio.

 https://youtu.be/l7fBgW4CGek

#arvores #plantas
","florestal_brasil","informativo","flora","sim"
"Aulinha rápida de botânica para lembrar o que é o que 

Créditos: @arvoreagua

#botanica #biologia
","florestal_brasil","informativo","flora","sim"
"Planta rara que não realiza fotossíntese  conheça a Relictithismia kimotsukiensis  uma lanterna-de-fada!

#plantas #descobertas #natureza
","florestal_brasil","informativo","flora","sim"
"Em 2023  o Brasil registrou uma redução de aproximadamente 36% na perda de floresta primária em comparação com 2022  alcançando o menor nível de desmatamento desde 2015  conforme revelado por um estudo divulgado nesta quinta-feira (4). 

Os dados foram elaborados pela Global Forest Watch  uma plataforma da ONG WRI (Instituto de Recursos Mundiais)  em colaboração com o Laboratório de Análise e Descoberta Global de Terras (GLAD  na sigla em inglês) da Universidade de Maryland.

Quando vemos esses dados de diminuição de desmatamento  temos que ter cuidado em entender toda a notícia.

A queda maior de desmatamento foi na Amazônia  mas o Cerrado e a Caatinga por exemplo  não foram bem assim.

Porém  agora no ano de 2024  não é exatamente essa diminuição que estamos observando  na verdade queimadas e desmatamento aumentaram muito no Cerrado.

Leia toda a notícia em nosso blog para entender melhor  e veja os links relacionados no post sobre as notícias re entes de desmatamento.

Link nos stories e na bio.

 https://florestalbrasil.com/estudo-realizado-pela-global-forest-watch-demonstra-que-brasil-reduziu-em-36-a-perda-de-florestas-em-2023/

#desmatamento #amazonia #cerrado #meioambiente
","florestal_brasil","informativo","desmatamento","sim"
"O Ibama lançará uma nova plataforma destinada ao acompanhamento de áreas degradadas suscetíveis à recuperação ambiental.

Em uma instrução normativa divulgada no Diário Oficial da União  o órgão detalhou o funcionamento da Plataforma de Acompanhamento da Recuperação Ambiental (Recooperar)  que consolidará dados relacionados a áreas afetadas por incêndios florestais  embargadas devido ao desmatamento ou à ocupação de espaços protegidos  bem como informações sobre compensação de plantio decorrente de licenciamento ambiental federal e medidas de reparação por danos ambientais  entre outros aspectos similares. A normativa entrará em vigor em 15 de abril.

Leia tudo completo em nosso blog através do link nos stories ou na bio. 

 https://florestalbrasil.com/recooperar-nova-plataforma-do-ibama-tera-dados-de-areas-degradadas-de-todo-o-brasil/

#tecnologia #meioambiente
","florestal_brasil","tecnologia","meio-ambiente","sim"
"Se preparem pois as avaliações estão chegando 
","florestal_brasil","informativo","outros","sim"
"E aí  quem é você no rolê roots? 

O observador atento ou o que só vai para relaxar?

#natureza #meioambiente
","florestal_brasil","campanha","outros","sim"
"Os primeiros quatro projetos internacionais escolhidos pelo recém-estabelecido Fundo do Marco Global para a Biodiversidade (GBFF) serão beneficiados com aproximadamente 40 milhões de dólares. 

Desse montante  duas iniciativas brasileiras  voltadas para a proteção dos povos indígenas e do bioma Caatinga através do Programa Áreas Protegidas da Caatinga (Arca)  receberão conjuntamente 19 6 milhões de dólares. 

Além do Brasil  o México e o Gabão também foram contemplados.

Leia tudo completo em nosso blog através do link nos stories ou na bio. 

 https://florestalbrasil.com/dois-projetos-brasileiros-terao-196-milhoes-de-dolares-do-fundo-global-de-biodiversidade/

#meioambiente
","florestal_brasil","informativo","financeiro","sim"
"Todas as árvores têm a sua devida importância  oferecendo inúmeros serviços ecossistêmicos. 

As árvores emergentes  ou também conhecidas como mega-árvores quando atingem seu estado de maturidade máxima  como no caso de muitas árvores da Amazônia  a exemplo do Angelim-vermelho  que ficam acima do dossel florestal  têm uma importância ecológica especial.

Responsáveis  por causa do tamanho  por metade da biomassa das florestas  embora respondam por menos de 5% do número total de árvores  as mega-árvores têm um grande papel ecológico.

Os galhos das gigantes servem de suporte para orquídeas e bromélias que dependem de condições microambientais específicas de luminosidade e umidade não encontradas em árvores de menor porte.

Por sua vez  aves  primatas  morcegos  anfíbios  répteis  aranhas e insetos usam suas cavidades como abrigo ou ninhos.

Estudos indicam que as harpias preferem essas árvores para fazer ninho  pois são menos propícias a ataques de outros animais.

O declínio de grandes árvores em florestas tropicais representa a perda de uma série de funções ecossistêmicas  muitas delas relacionadas a uma complexa rede de interações ecológicas.

#arvores #meioambiente #natureza #floresta
","florestal_brasil","informativo","flora","sim"
"A partir de mapeamento de mais de 250 mil árvores  estudo analisou acesso da população a áreas verdes e encontrou diferenças relacionadas a poder aquisitivo e até faixa etária.

Pesquisadores sustentam que  num contexto de mudanças climáticas  infraestrutura verde de uma cidade se torna tão importante quanto rede elétrica ou de saneamento.

Crianças e idosos emergem como os grupos mais vulneráveis quando se trata de enfrentar os rigores do calor prolongado e da exposição solar.

Ao mapear a distribuição desses grupos vulneráveis nos bairros da cidade  os pesquisadores procuraram identificar padrões de arborização que poderiam impactar sua exposição ao calor. 

Descobriu-se que  em áreas onde a população idosa é mais concentrada  há uma escassez de árvores nas ruas. 

Por sua vez  as regiões com uma densidade maior de crianças tendem a possuir árvores com copas de menor dimensão  característica comum em plantas jovens ou espécies com dossel reduzido  como as palmeiras.

Leia tudo completo em nosso blog através do link nos stories ou bio.

 https://florestalbrasil.com/arborizacao-urbana-de-belo-horizonte-repete-padrao-de-desigualdade-social-de-outras-cidades/

#arborizaçãourbana #bh #belohorizonte #meioambiente
","florestal_brasil","informativo","outros","sim"
"Esses são os 6 biomas do Brasil 

Cada um desses ambientes oferece uma vasta diversidade de espécies da flora e da fauna  assim como inúmeras interações ecológicas e serviços ecossistêmicos ao ser humano.

Amazônia - a maior floresta tropical do mundo  e sua vegetação se encontra em maioria no Brasil.

Cerrado - a savana mais arborizada do mundo  com muitas espécies frutíferas.

Pantanal - é a maior planície alagada do mundo  e o menor bioma brasileiro.

Pampa - está presente apenas no Rio Grande do Sul  é caracterizado por suas planícies levemente onduladas.

Mata Atlântica - floresta tropical onde está 70% da população brasileira  com quase 90% da área desmatada  apresenta inúmeras espécies endêmicas.

Caatinga - é um bioma exclusivo do Brasil  não existe em outro lugar.

#floresta #meioambiente #ecologia #biologia #natureza
","florestal_brasil","informativo","biomas","sim"
"Apesar da safra recorde em 2023  a situação financeira dos produtores rurais brasileiros está complicada. O número de Recuperações Judiciais no campo aumentou seis vezes em 2023  acendendo o sinal amarelo para o setor.

De acordo com a Serasa Experian  o número de proprietários rurais que pediram recuperação judicial em 2023 cresceu 535%  subindo de 20 para 127 pedidos.

Uma combinação de alguns fatores foi o responsável pela onda de RJs: dificuldade climática com o El Niño  queda nos preços dos grãos e aumento no custo de fertilizantes também por conta da guerra da Ucrânia.

De acordo com o Head de Organização do Agro da RB Investimento Cristiano Macedo  o que aconteceu em 2023 foi uma espécie de “tempestade perfeita” que afetou o setor.
Link da materia: https://florestalbrasil.com/porque-tantos-pedidos-de-recuperacao-judicial-no-agro/ 
","florestal_brasil","informativo","financeiro","não"
"Pequeno guia pra ajudar com as plantas 

#plantas
","florestal_brasil","informativo","flora","sim"
"Nós vamos conter desmatamento quando manter a floresta em pé for mais rentável  mais vantajoso do que ela derrubada. Não basta dizer o que não pode fazer. É preciso criar o que pode ser feito. E é isso que o @mmeioambiente está fazendo junto prefeitos  vereadores e a sociedade  com a academia. Algo que é grande demais é fruto de ação de todos. 

 Audiovisual/ PR
","mmeioambiente","campanha","desmatamento","sim"
"PARCERIA PELAS FLORESTAS | O governo federal lançou nesta terça (9) união com municípios para combater desmatamento e incêndios florestais na Amazônia. Serão R$ 600 milhões do Fundo Amazônia e R$ 130 milhões do Floresta+  anunciaram o presidente Lula e a ministra do Meio Ambiente  Marina Silva.
","mmeioambiente","politica","desmatamento","sim"
"O MMA realizou nesta segunda-feira (8/4) a cerimônia de lançamento do VIII Congresso Internacional de Educação Ambiental dos Países e Comunidades de Língua Portuguesa. O congresso ocorrerá entre 21 e 25 de julho de 2025  em Manaus (AM)  e terá como tema a “Educação ambiental e ação local: respostas à emergência climática  justiça ambiental  democracia e bem viver”.

O evento é organizado pelo MMA em conjunto com o @mineducacao  a Rede Lusófona de Educação Ambiental (Redeluso) e o governo do Estado do Amazonas.

As discussões serão preparatórias para a COP30  que ocorrerá em Belém no final do mesmo ano. A Redeluso reúne países e comunidades de língua portuguesa ao redor do mundo. O primeiro congresso foi realizado em 2007.

A ministra Marina Silva afirmou que o debate educacional possibilita mudanças profundas na sociedade e permite trazer “um olhar para as grandes transformações que o mundo precisa fazer para que possamos superar o modelo insustentável que nos trouxe até aqui"".

Os presentes assistiram a uma apresentação artística do Grupo Matizes Dumont  que utiliza o bordado espontâneo feito à mão como linguagem artística e instrumento de transformação social e cultural. O grupo expôs painéis de dez comunidades ribeirinhas e convidou os participantes a tecer conjuntamente um bordado  simbolizando a educação ambiental que se quer para o futuro.

Participaram representantes de países da Comunidade dos Países da Língua Portuguesa (CPLP): a embaixadora do Timor Leste  Maria Ângela Carrascalão  o embaixador da Guiné-Bissau  M’bála Alfredo Fernandes  o embaixador de Angola  Manuel Bravo  e o embaixador de Moçambique  Jacinto Maguni.

Também participaram o diretor da @abcgovbr  Ruy Pereira  o reitor da Universidade Federal da Amazônia  Sylvio Mário Ferreira  o diretor do Instituto Nacional de Pesquisas da Amazônia  Henrique Pereira  a secretária-executiva adjunta da Secretaria de Meio Ambiente do Amazonas  Fabrícia Arruda  a secretária nacional de Biodiversidade  Florestas e Direitos Animais do MMA  Rita Mesquita  e a secretária-executiva do MEC  Izolda Cela.
","mmeioambiente","politica","meio-ambiente","sim"
"Ilustração de Ziraldo (1932-2024) para campanha do governo federal contra o tráfico internacional de animais silvestres  em 2003.
","mmeioambiente","campanha","fauna","sim"
"O Amazônia na Escola foi criado para unir ações por emprego e renda  educação  meio ambiente e mais. O Fundo Amazônia vai apoiar o fortalecimento da pequena agricultura sustentável e a aquisição e o consumo  pela rede pública de ensino da Amazônia Legal  dos alimentos produzidos. Dez projetos serão selecionados.

E o prazo de seleção foi estendido. Mais de um milhão de crianças serão beneficiadas  além de populações originárias  quilombolas e assentados da Reforma Agrária  que terão sua produção escoada mantendo a floresta em pé. 

O Amazônia na Escola é uma iniciativa conjunta do BNDES com o @fnde.oficial  o @mdagovbr  o @mdsgovbr e o @mmeioambiente. Veja mais sobre a iniciativa no link na bio.
","mmeioambiente","informativo","financeiro","sim"
"Cuidar do planeta também é cuidar da saúde! As mudanças climáticas aumentam a incidência de doenças como a #Dengue. 

 O calor excessivo e as chuvas intensas criam o ambiente perfeito para o mosquito se reproduzir  aumentando a incidência da arbovirose. 

⚠Com isso  precisamos redobrar os cuidados com os criadouros. 

Faça a sua parte: dedique 10 minutos por semana para a eliminação de focos de água parada na sua casa e nos arredores. 

Juntos  podemos criar um ambiente mais saudável!  

#Clima #AedesAegypti #SUS #10MinutosContraADengue #MinistérioDaSaúde
","mmeioambiente","campanha","outros","sim"
"As ministras Marina Silva e Esther Dweck (@gestaogovbr) tiveram nova reunião nesta quarta-feira (3/4)  no MGI  para tratar da reestruturação das carreiras ambientais. 

As equipes dos ministérios estão em contato constante e há evolução nos entendimentos para melhoria da carreira. O MGI apresentará nova proposta na próxima mesa de negociação com representantes dos servidores  prevista para os próximos dias. 

Também participaram do encontro o secretário-executivo do MMA  João Paulo Capobianco  e o presidente do Ibama  Rodrigo Agostinho.
","mmeioambiente","politica","outros","sim"
"Com R$ 10 4 bilhões com novas condições para projetos verdes  o novo Fundo Clima prevê valor recorde para enfrentamento da mudança climática.

Audiovisual/PR
","mmeioambiente","politica","financeiro","sim"
"O MMA assinou nesta segunda-feira (1°/4) contrato para repasse de R$ 10 4 bilhões ao Fundo Nacional sobre Mudança do Clima (Fundo Clima). Os recursos transferidos ao @bndesgovbr financiarão projetos para o combate à mudança do clima e o desenvolvimento sustentável do país.

A ministra Marina Silva e o presidente do BNDES  Aloizio Mercadante  formalizaram o repasse em cerimônia no Palácio do Planalto  em Brasília  com o presidente Lula. Também participaram o ministro da Fazenda (@min.fazenda)  Fernando Haddad  e o ministro da Casa Civil (@casacivilbr)  Rui Costa. 

Um dos principais instrumentos para o financiamento da transformação ecológica  o Fundo Clima é vinculado ao MMA e operacionalizado pelo BNDES. 

O nova aporte é recorde desde a criação do fundo  em 2009. Até 2023  o mecanismo funcionava com recursos de R$ 300 milhões a R$ 500 milhões ao ano  em média. 

Os R$ 10 4 bilhões financiarão projetos do setor público  de empresas privadas e do terceiro setor em seis áreas prioritárias: Desenvolvimento Urbano Resiliente e Sustentável; Indústria Verde; Logística de Transporte  Transporte Coletivo e Mobilidade Verde; Transição Energética (geração solar e eólica  e biomassa  eficiência energética  entre outros); Florestas Nativas e Recursos Hídricos; e Serviços e Inovação Verdes.

""Há uma grande demanda por projetos de muita qualidade voltados para uma ação de desenvolvimento sustentável que gere emprego  renda e que ajude no processo de mudança econômica""  afirmou Marina à imprensa.

Parte dos recursos foi captada no ano passado pela emissão dos primeiros títulos soberanos sustentáveis  ou títulos da dívida externa com critérios sustentáveis. O lançamento dos títulos foi realizado em setembro  na Bolsa de Valores de Nova York  pela ministra Marina Silva e o ministro Fernando Haddad.

""Vamos ter agora R$ 10 bilhões contribuindo para o Brasil continuar liderando o enfrentamento da crise climática  a produção energética  a transição para uma economia verde sustentável. São investimentos que vão gerar emprego  salário e  principalmente  vão ajudar a combater a crise climática”  afirmou Mercadante.

Leia mais em gov.br/mma.

 Ricardo Stuckert | PR
","mmeioambiente","politica","financeiro","sim"
"Estão abertas até 5 de abril as inscrições para a nova turma do curso de Gestão da Qualidade do Ar. 

As aulas são on-line e gratuitas. Alunas e alunos podem fazer as atividades no próprio ritmo. 

São 18 aulas divididas em quatro módulos  com carga horária de 30h. O prazo para conclusão é 5 de julho de 2024.

Inscrição e mais informações em https://ead.mma.gov.br/mod/page/view.php?id=10331

O link está nos stories e na descrição do nosso perfil.
","mmeioambiente","informativo","clima","sim"
"O governo federal propôs a governadores do Cerrado pacto de alto nível para combater o desmatamento no bioma. A reunião na quarta-feira (27/3)  no Palácio do Planalto  foi comandada pelo ministro Rui Costa (@casacivilbr) e pela ministra Marina Silva.

O plano de ação inclui definição da lista de municípios prioritários para ações de controle e fiscalização. Estima-se que 52 dos 1.427 municípios (3 6%) concentrem mais da metade do desmatamento no Cerrado em 2023/24. 

Diferentemente da Amazônia  onde o Código Florestal protege 80% da área com cobertura vegetal nativa em propriedades privadas  no Cerrado a proteção é de 20%. No Cerrado dentro da Amazônia Legal  é de 35%.

“Na Amazônia  o governo federal tem um poder de ação muito maior. No Cerrado  são os Estados que têm maior poder de ação. Mas isso não impede que tenhamos uma ação conjunta”  afirmou Marina em entrevista coletiva. 

O desmate ocorre principalmente nos Estados de Maranhão  Tocantins  Piauí e Bahia  área conhecida como Matopiba. Em média  estima-se que aproximadamente 47% do desmatamento na região têm autorização dos Estados. 

Cerca de 65% do desmatamento ocorrido entre 2019 e 2023 na Bahia é autorizado. No Tocantins  a taxa é 64%. No Maranhão e no Piauí  os percentuais são 34% e 20%  respectivamente.

Quase 95% do desmatamento recente nos Estados do Matopiba ocorre em imóveis com Cadastro Ambiental Rural (CAR). No entanto  Bahia e Piauí não registraram a validação do CAR no sistema federal  e Tocantins registrou apenas 0 53% do CAR analisado. O Maranhão informou análise de 32 5% dos cadastros  e 1 1% foi validado.

Acompanharam a reunião as ministras Luciana Santos (@mcti) e Simone Tebet (@planejamentoeorcamento) e o ministro Carlos Fávaro (@mapa_brasil). Os governadores de MT  MS  GO  MG  TO e MA  a vice-governadora do DF e o secretário de Meio Ambiente da BA também participaram do encontro. 

Leia mais em gov.br/mma
","mmeioambiente","politica","desmatamento","sim"
"""O presidente Macron pôde constatar pessoalmente que o nosso compromisso com o meio ambiente não é retórico. No último ano reduzimos o desmatamento ilegal na Amazônia em 50% e temos o compromisso de zerá-lo até 2030""  discursou o presidente Lula em ato com o presidente da França  Emmanuel Macron.
","mmeioambiente","politica","desmatamento","sim"
"5 4 bilhões para a bioeconomia na Amazônia.

Os presidentes do Brasil  Luiz Inácio Lula da Silva  e da França  Emmanuel Macron  anunciaram nesta terça-feira (26/3) programa de investimentos de 1 bilhão de euros (cerca de R$ 5 4 bilhões) na bioeconomia da Amazônia brasileira e da Guiana Francesa. Em encontro na cidade de Belém (PA)  os presidentes também lançaram declarações sobre o combate à mudança do clima e a proteção de florestas. 

Lula e Macron assinaram dois documentos relacionados à área ambiental: o ""Plano de ação sobre a bioeconomia e a proteção das florestas tropicais"" e o ""Chamado Brasil-França à ambição climática de Paris a Belém e além"". As declarações estão disponíveis aqui. 

Previsto no plano de ação  o programa de investimentos tem objetivo de arrecadar 1 bilhão de euros em recursos públicos e privados para a bioeconomia da região nos próximos quatro anos. A iniciativa incluirá parceria técnica e financeira entre bancos públicos brasileiros  como BNDES e o Banco de Desenvolvimento da Amazônia  e a Agência Francesa de Desenvolvimento.

A ministra Marina Silva acompanhou a comitiva no Pará.

Veja em gov.br/mma (link nos stories)
Audiovisual/PR
","mmeioambiente","politica","financeiro","sim"
"""Temos um compromisso de  até 2030  chegar ao desmatamento zero na Amazônia. Não foi ninguém que pediu  nenhuma convenção. Fomos nós que decidimos que vamos levar a luta contra o desmatamento como uma profissão de fé.""

- Presidente Lula
Ricardo Stuckert
","mmeioambiente","politica","desmatamento","sim"
"De dezembro de 2023 a novembro de 2024 o Brasil preside o Grupo dos Vinte (@g20org)  que reúne as maiores economias do planeta e é o principal fórum de discussão econômica internacional.

O G20 tem duas frentes de trabalho: a primeira discute assuntos econômicos estratégicos  com liderança dos ministros de Finanças e presidentes dos Bancos Centrais dos países-membros.

A segunda frente discute temas diversos  como agricultura  comércio  cultura  desenvolvimento  mudança do clima  saúde e meio ambiente. São 15 grupos de trabalho (GT)  duas forças-tarefa e uma iniciativa.

O MMA co-coordena 3 destes grupos: a Iniciativa de Bioeconomia  a Força-Tarefa para Mobilização Global contra a Mudança do Clima e o GT de Sustentabilidade Ambiental e Climática.

As reuniões ao longo de 2024 vão subsidiar os debates da Cúpula do G20  que se reúne em 18 e 19 de novembro de 2024 no Rio de Janeiro.

Mais informações em gov.br/mma/g20.
","mmeioambiente","politica","outros","sim"
"Brasil, Azerbaijão e Emirados Árabes Unidos apresentaram na semana passada os planos e objetivos de sua troika para implementar a Missão 1,5ºC e aumentar a cooperação entre as presidências de conferências do clima da ONU. O compromisso foi reafirmado durante reunião em Copenhague, na Dinamarca, que iniciou o processo de diálogo da COP29.

A cúpula do clima deste ano será realizada na capital do Azerbaijão, Baku, em novembro; os Emirados Árabes Unidos realizaram a COP28, em Dubai, no fim do ano passado; e o Brasil sediará a COP30, em 2025, na cidade de Belém (PA). 

Os três países divulgaram carta durante a Conferência Ministerial sobre o Clima de Copenhague, na quinta e sexta-feira (21 e 22/3), que reuniu cerca de 40 ministros e negociadores climáticos para debater a implementação dos resultados da COP28 e iniciar o diálogo para a COP29.

O Brasil foi representado pela secretária nacional de Mudança do Clima do MMA, Ana Toni, e o embaixador André Corrêa do Lago, secretário de Clima, Energia e Meio Ambiente do @Itamaratygovbr.

Segundo a carta, os objetivos da troika incluirão a implementação do Consenso de Dubai, acordo histórico da COP28. O grupo trabalhará para garantir que as novas metas climáticas, que devem ser apresentadas em 2025, estejam alinhadas com o objetivo de manter o aquecimento global a 1,5ºC até 2100. 

A parceria buscará incentivar a ambição não apenas nas metas climáticas, mas também em planos e meios de implementação, permitindo compromissos mais robustos que contribuam para o desenvolvimento sustentável. Defende ainda que os países desenvolvidos reforcem o financiamento climático para a transição das nações em desenvolvimento. 

A criação da troika é uma inovação prevista no Balanço Global, inventário dos avanços e lacunas desde a aprovação do Acordo de Paris, em 2015, e dos caminhos para conter o aquecimento do planeta. 

Brasil, Azerbaijão e Emirados Árabes Unidos atuarão ainda em fóruns internacionais como o G20, sob presidência brasileira neste ano, para canalizar conhecimentos e recursos que facilitem a implementação da Missão 1,5ºC.
","mmeioambiente","politica","clima","sim"
"Dia Mundial da Água: conheça o Aquífero Guarani, um dos maiores do mundo e que está presente em 8 estados brasileiros.

Com mais de 1,2 milhão de km² em Brasil, Uruguai, Argentina e Paraguai, o aquífero alcança profundidade de até 1,5 quilômetro, confinado em solos impermeáveis em grande parte de sua distribuição.

Os 4 países cooperam para a boa gestão dos recursos e o uso equitativo da água do Guarani, garantindo disponibilidade para as próximas gerações.
","mmeioambiente","informativo","fluvial","sim"
"Reflorestamento da Caatinga 

O Projeto GEF Terrestre apoia iniciativas de recuperação do mais biodiverso dos biomas de clima semiárido do mundo.

As ações de reflorestamento executadas na Caatinga ajudam a fortalecer as redes locais de restauração com forte participação social e protagonismo feminino.

Além de recuperar mais de 800 hectares de um bioma exclusivamente brasileiro e beneficiar espécies como a ararinha-azul, os resultados vão ajudar a definir áreas prioritárias para ações futuras e criar protocolos de monitoramento que poderão auxiliar produtores rurais na regularização ambiental de suas propriedades.

Com estas ações, os projetos apoiados contribuem para a política de recuperação da vegetação nativa e dão subsídios para a revisão de seu principal instrumento, o Plano Nacional de Recuperação da Vegetação Nativa (PLANAVEG), coordenado pelo MMA.

A revisão do PLANAVEG tem ampla mobilização social pela Comissão Nacional da Recuperação da Vegetação Nativa (CONAVEG), presidida pelo MMA e que tem participação de diversos ministérios.

Mais de 60 atores governamentais e não-governamentais contribuem em três eixos prioritários:

 economia da recuperação da vegetação;
 inteligência espacial e monitoramento;
 arranjos de implementação.

O resultado desta frente ampla de construção e engajamento será lançado para consulta pública em julho deste ano.

O Projeto GEF Terrestre, Estratégias de Conservação, Restauração e Manejo para a Biodiversidade da Caatinga, Pampa e Pantanal, é um projeto do governo brasileiro coordenado pelo Ministério do Meio Ambiente e Mudança do Clima (MMA), tendo como agência implementadora o Banco Interamericano de Desenvolvimento – @el_bid e como agência executora o Fundo Brasileiro para a Biodiversidade – @funbio_brasil.
","mmeioambiente","campanha","biomas","sim"
"O presidente Lula assinou, junto com a Ministra Marina Silva, Sonia Guajajara e de demais ministros, decretos importantes neste Dia Internacional das Florestas . Dentre os atos estão a criação de duas unidades de conservação, a Reserva Extrativista Filhos do Mangue e a Reserva Extrativista Viriandeua, ambas no Pará, e que vão beneficiar cerca de 7 mil famílias marisqueiras e pescadoras da região, além da retomada da Comissão de Gestão de Florestas Públicas. 

Siga @presidenciadobrasil 

Audiovisual/PR

#meioambiente #florestaamazonica
","mmeioambiente","politica","meio-ambiente","sim"
"Duas novas UCs no Dia Internacional das Florestas!

O presidente Lula assinou nesta quinta-feira (21/3) decretos para criação de duas Unidades de Conservação federais no Estado do Pará:

 Resex Filhos do Mangue, com 40.537 hectares e cerca de 4 mil famílias, localizada nos municípios de Primavera e Quatipuru;

 Resex Viriandeua, com 34.191 ha e cerca de 3.100 famílias, localizada nos municípios de Salinópolis e São João de Pirabas.

As duas reservas estão na região do Salgado Paraense, que reúne uma das maiores porções protegidas de manguezais do país dentro da maior e mais conservada faixa contínua de mangues do planeta, na costa dos Estados do Amapá, Pará e Maranhão. 

A área é prioritária para conservação de aves migratórias, com baías, rios, estuários e grande biodiversidade, e abriga pelo menos 40 espécies ameaçadas de extinção. É habitat de espécies importantes para a cultura e alimentação local, como caranguejo-uçá, mexilhão, turu, ostra e camarão branco.

As reservas vão permitir o manejo de base comunitária dos recursos dos manguezais, garantindo a cultura e a segurança alimentar dos extrativistas.

A criação das duas Resex no Pará, juntamente com a ampliação da Resex Chocoaré-Mato Grosso, em 2023, integra a rede de proteção aos manguezais e comunidades tradicionais costeiras da amazônica.

Há planos de manejo e conselhos deliberativos para a gestão participativa entre as comunidades e o ICMBio, com apoio de universidades e outras instituições. 

Em 2023, o governo federal já havia criado 277 mil hectares de UCs. O Parque Nacional da Serra do Teixeira (PB) e a Floresta Nacional de Parima (RR) têm, respectivamente, 61 mil e 109 mil ha. Também foram ampliadas a Estação Ecológica de Maracá (RR) e o Parque Nacional do Viruá (RR), que ganharam respectivamente 50,7 mil e 54 mil ha, e a Reserva Extrativista Chocoaré-Mato Grosso (PA), com mais 1,8 mil ha.

Também foram demarcados no ano passado 818 mil ha de novas Terras Indígenas: Arara do Rio Amônia (AC), Kariri-Xocó (AL), Rio dos Índios (RS), Tremembé da Barra do Mundaú (CE), Avá-Canoeiro (GO), Uneiuxi (AM), Acapuri de Cima (AM) e Rio Gregório (AC).

Mais informações em gov.br/mma
Cláudio Kabene/PR
","mmeioambiente","politica","outros","sim"
"21 de março, Dia Internacional das Florestas.

A retomada da política ambiental e a intensificação das ações de comando e controle para proteção das florestas são prioridades do governo federal.

A área sob alertas de desmatamento na Amazônia caiu 50% em 2023 em relação ao mesmo período de 2022, segundo dados do sistema Deter, do Inpe.

A redução do desmatamento evitou o lançamento na atmosfera de cerca de 250 milhões de toneladas de gás carbônico equivalente. Quase metade das emissões brasileiras vem da destruição da vegetação nativa.

Os Planos de Ação para Prevenção e Controle do Desmatamento na Amazônia (PPCDAm) e no Cerrado (PPCerrado) foram relançados e reforçam o compromisso com o desmatamento zero em todos os biomas até 2030.

A retomada é resultado do fortalecimento das instituições e da dedicação de servidoras e servidores do MMA, do Ibama, do ICMBio, do SFB, do JBRJ e de diversos órgãos do governo federal.

#MMA #meioambiente #desmatamento #amazonia
","mmeioambiente","informativo","meio-ambiente","sim"
"O Brasil enfrenta eventos climáticos extremos cada vez mais frequentes.

O Plano Clima Adaptação reúne ministérios e órgãos federais para desenvolver políticas públicas com objetivo de reduzir os riscos climáticos no país.

Nesta semana foi realizada em Brasília a oficina Federalismo Climático, que reuniu representantes de estados e municípios para debater necessidades locais, identificar prioridades e subsidiar a ação do governo federal, entre outros objetivos.

Mais informações em gov.br/mma.

#MMA #meioambiente #planoclima #mudancadoclima #sustentabilidade
","mmeioambiente","informativo","clima","não"
"Novo Fundo Clima aprova aplicação de R$ 10 bi.

A primeira reunião do Comitê Gestor do Fundo Clima em 2024 aprovou o plano anual de aplicação de recursos para o uso reembolsável de R$ 10,4 bilhões.

Os recursos financiarão projetos do setor público, de empresas privadas e do terceiro setor em seis áreas prioritárias:

 Desenvolvimento Urbano Resiliente e Sustentável
 Indústria Verde
 Transição Energética
 Florestas Nativas e Recursos Hídricos
 Serviços e Inovação Verdes
 Logística de Transporte, Transporte Coletivo e Mobilidade Verde

Parte dos recursos foi captada no ano passado pela emissão dos primeiros títulos soberanos sustentáveis, ou títulos da dívida externa com critérios sustentáveis.

“Este é o maior volume de recursos já aplicados pelo Fundo Clima. Estamos aumentando em mais de duas dezenas de vezes o volume até hoje aplicado, anualmente, pelo governo federal na área de enfrentamento da emergência climática”, ressaltou o secretário-executivo do MMA, João Paulo Capobianco.

Criado em 2009, o Fundo Clima foi retomado e reformulado em 2023 após quatro anos de virtual paralisação. A iniciativa disponibiliza recursos em duas modalidades: a reembolsável, gerida pelo BNDES, e a não-reembolsável, operada pelo MMA.

O Fundo se torna um dos principais instrumentos para o financiamento da transformação da economia brasileira para bases sustentáveis. As taxas de financiamento variam de 1% ao ano (florestas nativas e recursos hídricos) a 8% (geração de energia solar e eólica), conforme definido pelo Conselho Monetário Nacional, mais a taxa do agente financeiro e o spread de risco do projeto.

A reunião desta quarta-feira aprovou também a prestação de contas das operações realizadas em 2023. Foram 27 operações contratadas, com recursos de R$ 733 milhões. Os projetos tiveram também mais R$ 1 bilhão de outras fontes do @bndesgovbr, com aprovação total de R$ 1,7 bilhão.

Mais informações em gov.br/mma.
","mmeioambiente","politica","financeiro","sim"
"A 6ª reunião da Assembleia da ONU para o Meio Ambiente (Unea-6) aprovou uma série de medidas que reforçam a cooperação multilateral no combate à mudança do clima e na conservação ambiental.

Representantes de 190 países participaram das discussões em Nairóbi, no Quênia, de 26 de fevereiro a 1 de março.

A delegação brasileira foi chefiada pelo secretário-executivo do MMA, João Paulo Capobianco, que destacou a prioridade da agenda socioambiental e climática para o governo federal e para a presidência brasileira do G20.

Os debates em fóruns como a Unea e o G20, afirmou Capobianco, ajudarão o país na construção da COP30, a conferência do clima da ONU, que será realizada em Belém (PA) em 2025. Também criam oportunidades para maior integração entre as agendas das COPs da biodiversidade, do clima e de combate à desertificação.

As três convenções nascidas na Rio-92 reúnem-se este ano na Colômbia, em outubro; no Azerbaijão, em novembro; e na Arábia Saudita, em dezembro. 

O Brasil copatrocinou duas resoluções aprovadas pela Unea, para promover uma indústria da cana-de-açúcar mais resiliente, sustentável e com menos emissões de carbono, e de qualidade do ar. A medida encoraja o desenvolvimento de programas nacionais, a criação de padrões de qualidade e a mobilização de recursos públicos e privados para o combate à poluição do ar, entre outras medidas.

O secretário de Meio Ambiente Urbano e Qualidade Ambiental do MMA, Adalberto Maluf, que também participou de reuniões em Nairóbi, ressaltou que a resolução de qualidade do ar patrocinada pelo Brasil traz mecanismos de cooperação internacional, recursos para ampliar a rede de monitoramento e ações para a redução da poluição.

Entre as 15 resoluções estão consensos sobre a gestão de metais e recursos minerais, químicos e resíduos. Houve também decisões sobre temas relacionados à assistência ambiental e recuperação de áreas impactadas por conflitos armados, gestão de recursos hídricos, recuperação de áreas degradadas e combate à desertificação.

A próxima reunião da Assembleia de Meio Ambiente da ONU está prevista para dezembro de 2025, sob presidência de Omã.

Mais informações em gov.br/mma.
","mmeioambiente","informativo","clima","sim"
"14 de março, Dia Nacional dos Animais.

O MMA, o @icmbio e o @ibamagov realizam ações de acolhimento e destinação de animais resgatados, apreendidos ou entregues, fiscalizam crimes contra a fauna e elaboram Planos de Ação para proteger as espécies ameaçadas de extinção.

Cerca de 84% das 1.254 espécies da fauna ameaçadas de extinção do Brasil têm ações para sua proteção.

Em 2023 foram destinados recursos para a castração de cães e gatos, o que gera benefícios para os animais domésticos, a fauna silvestre e a saúde pública.

Em conjunto com outros órgãos, o MMA prepara, em 2024, políticas para atendimento a animais vítimas de desastres, para o combate a crimes contra a fauna e para o cadastramento e o manejo populacional ético de cães e gatos.

#MMA #meioambiente #animal #fauna
","mmeioambiente","informativo","fauna","sim"
